parent_id,semantic_key,profile_template,score_dimension,criterion_id,reference_level,allowed_levels,anchor_origin,evidence_strength,source_ids,exact_locator,source_claim,transfer_risk,rationale,review_status,claim_id,claim_supported,whole_device_reuse_applicability,source_roles,support_logic,minimum_supporting_sources,primary_required_source_ids,corroborating_source_ids,context_only_source_ids,support_review_status,fallback_action,fallback_reference_level,fallback_allowed_levels,fallback_origin,primary_source_loss_effect,corroborating_source_loss_effect,support_review_note,support_policy_id
0,residual:mixed_electronics,UNSUPPORTED,RRP,RRP_A_resource_relevance,,[],UNSUPPORTED,UNSUPPORTED,[],,No defensible item-level anchor.,HIGH,Leave unresolved rather than inventing a middle value.,REVIEWED_2026-09-26,P00:RRP_A_resource_relevance,No defensible item-level anchor.,SCENE_OR_RESIDUAL_NA,{},NONE_REQUIRED,0,[],[],[],NOT_EXTERNAL,KEEP_DECLARED_RATIONALE_OR_STATE,,[],UNSUPPORTED,UNCHANGED_IF_SUPPORT_REMAINS,UNCHANGED_IF_SUPPORT_REMAINS,Non-external row; no external source dependency claim.,NON_EXTERNAL
0,residual:mixed_electronics,UNSUPPORTED,RRP,RRP_B_recovery_maturity,,[],UNSUPPORTED,UNSUPPORTED,[],,No defensible item-level anchor.,HIGH,Leave unresolved rather than inventing a middle value.,REVIEWED_2026-09-26,P00:RRP_B_recovery_maturity,No defensible item-level anchor.,SCENE_OR_RESIDUAL_NA,{},NONE_REQUIRED,0,[],[],[],NOT_EXTERNAL,KEEP_DECLARED_RATIONALE_OR_STATE,,[],UNSUPPORTED,UNCHANGED_IF_SUPPORT_REMAINS,UNCHANGED_IF_SUPPORT_REMAINS,Non-external row; no external source dependency claim.,NON_EXTERNAL
0,residual:mixed_electronics,UNSUPPORTED,RRP,RRP_C_feed_specificity,,[],UNSUPPORTED,UNSUPPORTED,[],,No defensible item-level anchor.,HIGH,Leave unresolved rather than inventing a middle value.,REVIEWED_2026-09-26,P00:RRP_C_feed_specificity,No defensible item-level anchor.,SCENE_OR_RESIDUAL_NA,{},NONE_REQUIRED,0,[],[],[],NOT_EXTERNAL,KEEP_DECLARED_RATIONALE_OR_STATE,,[],UNSUPPORTED,UNCHANGED_IF_SUPPORT_REMAINS,UNCHANGED_IF_SUPPORT_REMAINS,Non-external row; no external source dependency claim.,NON_EXTERNAL
0,residual:mixed_electronics,UNSUPPORTED,WRO,WRO_A_product_reuse,,[],UNSUPPORTED,NOT_APPLICABLE,[],,Whole-device reuse is not applicable to this component/scene parent.,HIGH,Whole-device reuse is not a meaningful class-level construct for this parent.,REVIEWED_2026-09-26,P00:WRO_A_product_reuse,Whole-device reuse is not applicable to this component/scene parent.,SCENE_OR_RESIDUAL_NA,{},NONE_REQUIRED,0,[],[],[],NOT_EXTERNAL,KEEP_DECLARED_RATIONALE_OR_STATE,,[],UNSUPPORTED,UNCHANGED_IF_SUPPORT_REMAINS,UNCHANGED_IF_SUPPORT_REMAINS,Non-external row; no external source dependency claim.,NON_EXTERNAL
0,residual:mixed_electronics,UNSUPPORTED,CSO,CSO_A_component_salvage,,[],UNSUPPORTED,UNSUPPORTED,[],,No defensible item-level anchor.,HIGH,Leave unresolved rather than inventing a middle value.,REVIEWED_2026-09-26,P00:CSO_A_component_salvage,No defensible item-level anchor.,SCENE_OR_RESIDUAL_NA,{},NONE_REQUIRED,0,[],[],[],NOT_EXTERNAL,KEEP_DECLARED_RATIONALE_OR_STATE,,[],UNSUPPORTED,UNCHANGED_IF_SUPPORT_REMAINS,UNCHANGED_IF_SUPPORT_REMAINS,Non-external row; no external source dependency claim.,NON_EXTERNAL
0,residual:mixed_electronics,UNSUPPORTED,TPC,TPC_A_specialist_requirement,,[],UNSUPPORTED,UNSUPPORTED,[],,No defensible item-level anchor.,HIGH,Leave unresolved rather than inventing a middle value.,REVIEWED_2026-09-26,P00:TPC_A_specialist_requirement,No defensible item-level anchor.,SCENE_OR_RESIDUAL_NA,{},NONE_REQUIRED,0,[],[],[],NOT_EXTERNAL,KEEP_DECLARED_RATIONALE_OR_STATE,,[],UNSUPPORTED,UNCHANGED_IF_SUPPORT_REMAINS,UNCHANGED_IF_SUPPORT_REMAINS,Non-external row; no external source dependency claim.,NON_EXTERNAL
0,residual:mixed_electronics,UNSUPPORTED,TPC,TPC_B_separation_complexity,,[],UNSUPPORTED,UNSUPPORTED,[],,No defensible item-level anchor.,HIGH,Leave unresolved rather than inventing a middle value.,REVIEWED_2026-09-26,P00:TPC_B_separation_complexity,No defensible item-level anchor.,SCENE_OR_RESIDUAL_NA,{},NONE_REQUIRED,0,[],[],[],NOT_EXTERNAL,KEEP_DECLARED_RATIONALE_OR_STATE,,[],UNSUPPORTED,UNCHANGED_IF_SUPPORT_REMAINS,UNCHANGED_IF_SUPPORT_REMAINS,Non-external row; no external source dependency claim.,NON_EXTERNAL
0,residual:mixed_electronics,UNSUPPORTED,TPC,TPC_C_screening_relevance,,[],UNSUPPORTED,UNSUPPORTED,[],,No defensible item-level anchor.,HIGH,Leave unresolved rather than inventing a middle value.,REVIEWED_2026-09-26,P00:TPC_C_screening_relevance,No defensible item-level anchor.,SCENE_OR_RESIDUAL_NA,{},NONE_REQUIRED,0,[],[],[],NOT_EXTERNAL,KEEP_DECLARED_RATIONALE_OR_STATE,,[],UNSUPPORTED,UNCHANGED_IF_SUPPORT_REMAINS,UNCHANGED_IF_SUPPORT_REMAINS,Non-external row; no external source dependency claim.,NON_EXTERNAL
0,residual:mixed_electronics,UNSUPPORTED,WRO,WRO_B_visual_integrity,,"[1, 2, 3, 4]",FROZEN_SEMANTIC,IMAGE_STATE_REQUIRED,[],,Image-derived whole-device state required.,IMAGE_SPECIFIC,No generic parent-level image condition/completeness value is authored.,REVIEWED_2026-09-26,P00:WRO_B_visual_integrity,Image-derived whole-device state required.,SCENE_OR_RESIDUAL_NA,{},NONE_REQUIRED,0,[],[],[],NOT_EXTERNAL,KEEP_DECLARED_RATIONALE_OR_STATE,,[],FROZEN_SEMANTIC,UNCHANGED_IF_SUPPORT_REMAINS,UNCHANGED_IF_SUPPORT_REMAINS,Non-external row; no external source dependency claim.,NON_EXTERNAL
0,residual:mixed_electronics,UNSUPPORTED,WRO,WRO_C_configuration_completeness,,"[1, 2, 3, 4]",FROZEN_SEMANTIC,IMAGE_STATE_REQUIRED,[],,Image-derived whole-device state required.,IMAGE_SPECIFIC,No generic parent-level image condition/completeness value is authored.,REVIEWED_2026-09-26,P00:WRO_C_configuration_completeness,Image-derived whole-device state required.,SCENE_OR_RESIDUAL_NA,{},NONE_REQUIRED,0,[],[],[],NOT_EXTERNAL,KEEP_DECLARED_RATIONALE_OR_STATE,,[],FROZEN_SEMANTIC,UNCHANGED_IF_SUPPORT_REMAINS,UNCHANGED_IF_SUPPORT_REMAINS,Non-external row; no external source dependency claim.,NON_EXTERNAL
0,residual:mixed_electronics,UNSUPPORTED,CSO,CSO_B_accessibility_dismantling,,"[1, 2, 3, 4]",FROZEN_SEMANTIC,IMAGE_STATE_OPTIONAL,[],,Image-derived accessibility/dismantling state only.,IMAGE_SPECIFIC,No parent-level accessibility state is invented.,REVIEWED_2026-09-26,P00:CSO_B_accessibility_dismantling,Image-derived accessibility/dismantling state only.,SCENE_OR_RESIDUAL_NA,{},NONE_REQUIRED,0,[],[],[],NOT_EXTERNAL,KEEP_DECLARED_RATIONALE_OR_STATE,,[],FROZEN_SEMANTIC,UNCHANGED_IF_SUPPORT_REMAINS,UNCHANGED_IF_SUPPORT_REMAINS,Non-external row; no external source dependency claim.,NON_EXTERNAL
0,residual:mixed_electronics,UNSUPPORTED,CSO,CSO_C_component_specificity,,[],UNSUPPORTED,UNSUPPORTED,[],,Identifiable component/subassembly opportunity at the product/component-family level.,HIGH,No defensible item-level component anchor.,REVIEWED_2026-09-26,P00:CSO_C_component_specificity,Identifiable component/subassembly opportunity at the product/component-family level.,SCENE_OR_RESIDUAL_NA,{},NONE_REQUIRED,0,[],[],[],NOT_EXTERNAL,KEEP_DECLARED_RATIONALE_OR_STATE,,[],UNSUPPORTED,UNCHANGED_IF_SUPPORT_REMAINS,UNCHANGED_IF_SUPPORT_REMAINS,Non-external row; no external source dependency claim.,NON_EXTERNAL
1,device:smartphone,SMARTPHONE,RRP,RRP_A_resource_relevance,4.0,"[3, 4]",DIRECT_LITERATURE,HIGH,"[""E001"", ""E012""]","E001: Zenodo record; UNU-KEY v2 descriptions; Annex 6 average weights; Annex 7 material composition; Tables 26–27 | E012: UNEP/CHW.10/INF/27/Rev.1, Introduction §§1–4 and guidance summaries",Mobile-phone guidance and product/material references document recovery-relevant electronics and materials.,MEDIUM,Strong resource-recovery relevance; exact item composition remains unknown.,REVIEWED_2026-09-26,P01:RRP_A_resource_relevance,Mobile-phone guidance and product/material references document recovery-relevant electronics and materials.,WHOLE_DEVICE,"{""E001"": ""PRIMARY"", ""E012"": ""CORROBORATING""}",PRIMARY_REQUIRED,1,"[""E001""]","[""E012""]",[],MANUALLY_REVIEWED_2026-09-26,ANCHOR_BECOMES_UNSUPPORTED,,[],UNSUPPORTED_AFTER_SOURCE_ABLATION,UNCHANGED_IF_SUPPORT_REMAINS,UNCHANGED_IF_SUPPORT_REMAINS,UNITAR product/material context is primary; mobile guidance corroborates end-of-life relevance but cannot replace resource evidence.,MANUAL:P01:RRP_A_resource_relevance
1,device:smartphone,SMARTPHONE,RRP,RRP_B_recovery_maturity,4.0,"[3, 4]",LITERATURE_SYNTHESIS,HIGH,"[""E005"", ""E010"", ""E012""]","E005: E-scrap page; “What can Umicore recycle?” feed list and sampling/assay description | E010: Abstract; Sections 3–4; Conclusions | E012: UNEP/CHW.10/INF/27/Rev.1, Introduction §§1–4 and guidance summaries",Specialist e-scrap and mobile-phone material-recovery pathways are established.,LOW,Mature pathway evidence without claiming a plant-specific yield.,REVIEWED_2026-09-26,P01:RRP_B_recovery_maturity,Specialist e-scrap and mobile-phone material-recovery pathways are established.,WHOLE_DEVICE,"{""E005"": ""PRIMARY"", ""E012"": ""PRIMARY"", ""E010"": ""CORROBORATING""}",ALL,2,"[""E005"", ""E012""]","[""E010""]",[],MANUALLY_REVIEWED_2026-09-26,ANCHOR_DOWNGRADES_TO_MODEL_RATIONALE,4.0,"[3, 4]",MODEL_RATIONALE_AFTER_SOURCE_ABLATION,UNCHANGED_IF_SUPPORT_REMAINS,BROADEN_IF_SUPPORT_REMAINS,Level-4 maturity uses both phone-specific pathway guidance and an industrial electronics recovery pathway; generic WEEE review is corroborating.,MANUAL:P01:RRP_B_recovery_maturity
1,device:smartphone,SMARTPHONE,RRP,RRP_C_feed_specificity,3.0,"[2, 3, 4]",LITERATURE_SYNTHESIS,MEDIUM,"[""E005"", ""E012""]","E005: E-scrap page; “What can Umicore recycle?” feed list and sampling/assay description | E012: UNEP/CHW.10/INF/27/Rev.1, Introduction §§1–4 and guidance summaries",Phones are identifiable electronics feeds but still combine multiple material/component systems.,MEDIUM,Whole phone is less concentrated than a separated specialist component feed.,REVIEWED_2026-09-26,P01:RRP_C_feed_specificity,Phones are identifiable electronics feeds but still combine multiple material/component systems.,WHOLE_DEVICE,"{""E005"": ""PRIMARY"", ""E012"": ""PRIMARY""}",ALL,2,"[""E005"", ""E012""]",[],[],MANUALLY_REVIEWED_2026-09-26,ANCHOR_DOWNGRADES_TO_MODEL_RATIONALE,3.0,"[2, 3, 4]",MODEL_RATIONALE_AFTER_SOURCE_ABLATION,UNCHANGED_IF_SUPPORT_REMAINS,UNCHANGED_IF_SUPPORT_REMAINS,Both feed/product applicability and specialist handling evidence are required; otherwise only a broader model-rationale state remains.,MANUAL:P01:RRP_C_feed_specificity
1,device:smartphone,SMARTPHONE,WRO,WRO_A_product_reuse,4.0,"[3, 4]",DIRECT_LITERATURE,HIGH,"[""E012"", ""E002""]","E012: UNEP/CHW.10/INF/27/Rev.1, Introduction §§1–4 and guidance summaries | E002: Article 4; Article 6(2); Article 15(1); Annexes III–IV",Mobile-phone guidance explicitly covers refurbishment/reuse; WEEE framework promotes preparation for reuse.,LOW,"Reuse relevance is high, but actual functionality is not inferred.",REVIEWED_2026-09-26,P01:WRO_A_product_reuse,Mobile-phone guidance explicitly covers refurbishment/reuse; WEEE framework promotes preparation for reuse.,WHOLE_DEVICE,"{""E012"": ""PRIMARY"", ""E002"": ""CONTEXT_ONLY""}",PRIMARY_REQUIRED,1,"[""E012""]",[],"[""E002""]",MANUALLY_REVIEWED_2026-09-26,ANCHOR_BECOMES_UNSUPPORTED,,[],UNSUPPORTED_AFTER_SOURCE_ABLATION,UNCHANGED_IF_SUPPORT_REMAINS,UNCHANGED_IF_SUPPORT_REMAINS,Mobile-phone-specific reuse/refurbishment guidance is required; general WEEE context cannot substitute.,MANUAL:P01:WRO_A_product_reuse
1,device:smartphone,SMARTPHONE,CSO,CSO_A_component_salvage,3.0,"[2, 3, 4]",LITERATURE_SYNTHESIS,MEDIUM,"[""E012"", ""E002""]","E012: UNEP/CHW.10/INF/27/Rev.1, Introduction §§1–4 and guidance summaries | E002: Article 4; Article 6(2); Article 15(1); Annexes III–IV",Refurbishment/recovery guidance recognizes components and repair/refurbishment pathways.,MEDIUM,Meaningful parts opportunity with product/model dependence.,REVIEWED_2026-09-26,P01:CSO_A_component_salvage,Refurbishment/recovery guidance recognizes components and repair/refurbishment pathways.,WHOLE_DEVICE,"{""E012"": ""PRIMARY"", ""E002"": ""CONTEXT_ONLY""}",PRIMARY_REQUIRED,1,"[""E012""]",[],"[""E002""]",MANUALLY_REVIEWED_2026-09-26,ANCHOR_DOWNGRADES_TO_MODEL_RATIONALE,3.0,"[2, 3, 4]",MODEL_RATIONALE_AFTER_SOURCE_ABLATION,UNCHANGED_IF_SUPPORT_REMAINS,UNCHANGED_IF_SUPPORT_REMAINS,Mobile-specific management/refurbishment evidence is primary; general WEEE context does not independently establish parts opportunity.,MANUAL:P01:CSO_A_component_salvage
1,device:smartphone,SMARTPHONE,TPC,TPC_A_specialist_requirement,3.0,"[2, 3]",LITERATURE_SYNTHESIS,MEDIUM,"[""E010"", ""E012""]","E010: Abstract; Sections 3–4; Conclusions | E012: UNEP/CHW.10/INF/27/Rev.1, Introduction §§1–4 and guidance summaries",Appropriate e-waste processing uses specialized pretreatment/recovery; mobile-phone guidance covers controlled management.,MEDIUM,Specialist electronics treatment is relevant but less intrinsically specialized than battery/CRT treatment.,REVIEWED_2026-09-26,P01:TPC_A_specialist_requirement,Appropriate e-waste processing uses specialized pretreatment/recovery; mobile-phone guidance covers controlled management.,WHOLE_DEVICE,"{""E012"": ""PRIMARY"", ""E010"": ""CORROBORATING""}",PRIMARY_REQUIRED,1,"[""E012""]","[""E010""]",[],MANUALLY_REVIEWED_2026-09-26,ANCHOR_DOWNGRADES_TO_MODEL_RATIONALE,3.0,"[2, 3, 4]",MODEL_RATIONALE_AFTER_SOURCE_ABLATION,UNCHANGED_IF_SUPPORT_REMAINS,BROADEN_IF_SUPPORT_REMAINS,Phone-specific end-of-life guidance is primary; generic recovery literature only corroborates.,MANUAL:P01:TPC_A_specialist_requirement
1,device:smartphone,SMARTPHONE,TPC,TPC_B_separation_complexity,3.0,"[2, 3]",LITERATURE_SYNTHESIS,MEDIUM,"[""E010""]",E010: Abstract; Sections 3–4; Conclusions,WEEE recovery commonly requires pretreatment and separation of heterogeneous components/materials.,MEDIUM,Compact multi-component product creates meaningful separation burden.,REVIEWED_2026-09-26,P01:TPC_B_separation_complexity,WEEE recovery commonly requires pretreatment and separation of heterogeneous components/materials.,WHOLE_DEVICE,"{""E010"": ""PRIMARY""}",PRIMARY_REQUIRED,1,"[""E010""]",[],[],MANUALLY_REVIEWED_2026-09-26,ANCHOR_DOWNGRADES_TO_MODEL_RATIONALE,3.0,"[2, 3, 4]",MODEL_RATIONALE_AFTER_SOURCE_ABLATION,UNCHANGED_IF_SUPPORT_REMAINS,UNCHANGED_IF_SUPPORT_REMAINS,Peer-reviewed WEEE process literature is the technical anchor.,MANUAL:P01:TPC_B_separation_complexity
1,device:smartphone,SMARTPHONE,TPC,TPC_C_screening_relevance,3.0,"[2, 3]",LITERATURE_SYNTHESIS,MEDIUM,"[""E003"", ""E004"", ""E012""]","E003: Questions 1–4, 8, 10–13 | E004: Official abstract; Pasal 3 scope provisions; effective 1 July 2024 | E012: UNEP/CHW.10/INF/27/Rev.1, Introduction §§1–4 and guidance summaries",E-waste/components can require controlled management; jurisdictional/legal status depends on actual facts.,HIGH,Screening relevance only; no legal status inferred.,REVIEWED_2026-09-26,P01:TPC_C_screening_relevance,E-waste/components can require controlled management; jurisdictional/legal status depends on actual facts.,WHOLE_DEVICE,"{""E003"": ""PRIMARY"", ""E004"": ""PRIMARY"", ""E012"": ""CORROBORATING""}",PRIMARY_PLUS_CORROBORATION,2,"[""E003"", ""E004""]","[""E012""]",[],MANUALLY_REVIEWED_2026-09-26,ANCHOR_DOWNGRADES_TO_MODEL_RATIONALE,3.0,"[2, 3, 4]",MODEL_RATIONALE_AFTER_SOURCE_ABLATION,BROADEN_IF_SUPPORT_REMAINS,UNCHANGED_IF_SUPPORT_REMAINS,At least one regulatory e-waste framework plus phone-specific applicability is required; losing one regulatory jurisdiction broadens scope.,MANUAL:P01:TPC_C_screening_relevance
1,device:smartphone,SMARTPHONE,WRO,WRO_B_visual_integrity,,"[1, 2, 3, 4]",FROZEN_SEMANTIC,IMAGE_STATE_REQUIRED,[],,Image-derived whole-device state required.,IMAGE_SPECIFIC,No generic parent-level image condition/completeness value is authored.,REVIEWED_2026-09-26,P01:WRO_B_visual_integrity,Image-derived whole-device state required.,WHOLE_DEVICE,{},NONE_REQUIRED,0,[],[],[],NOT_EXTERNAL,KEEP_DECLARED_RATIONALE_OR_STATE,,[],FROZEN_SEMANTIC,UNCHANGED_IF_SUPPORT_REMAINS,UNCHANGED_IF_SUPPORT_REMAINS,Non-external row; no external source dependency claim.,NON_EXTERNAL
1,device:smartphone,SMARTPHONE,WRO,WRO_C_configuration_completeness,,"[1, 2, 3, 4]",FROZEN_SEMANTIC,IMAGE_STATE_REQUIRED,[],,Image-derived whole-device state required.,IMAGE_SPECIFIC,No generic parent-level image condition/completeness value is authored.,REVIEWED_2026-09-26,P01:WRO_C_configuration_completeness,Image-derived whole-device state required.,WHOLE_DEVICE,{},NONE_REQUIRED,0,[],[],[],NOT_EXTERNAL,KEEP_DECLARED_RATIONALE_OR_STATE,,[],FROZEN_SEMANTIC,UNCHANGED_IF_SUPPORT_REMAINS,UNCHANGED_IF_SUPPORT_REMAINS,Non-external row; no external source dependency claim.,NON_EXTERNAL
1,device:smartphone,SMARTPHONE,CSO,CSO_B_accessibility_dismantling,,"[1, 2, 3, 4]",FROZEN_SEMANTIC,IMAGE_STATE_OPTIONAL,[],,Image-derived accessibility/dismantling state only.,IMAGE_SPECIFIC,No parent-level accessibility state is invented.,REVIEWED_2026-09-26,P01:CSO_B_accessibility_dismantling,Image-derived accessibility/dismantling state only.,WHOLE_DEVICE,{},NONE_REQUIRED,0,[],[],[],NOT_EXTERNAL,KEEP_DECLARED_RATIONALE_OR_STATE,,[],FROZEN_SEMANTIC,UNCHANGED_IF_SUPPORT_REMAINS,UNCHANGED_IF_SUPPORT_REMAINS,Non-external row; no external source dependency claim.,NON_EXTERNAL
1,device:smartphone,SMARTPHONE,CSO,CSO_C_component_specificity,3.0,"[2, 3, 4]",LITERATURE_SYNTHESIS,MEDIUM,"[""E012"", ""E002""]","E012: UNEP/CHW.10/INF/27/Rev.1, Introduction §§1–4 and guidance summaries | E002: Article 4; Article 6(2); Article 15(1); Annexes III–IV",Identifiable component/subassembly opportunity at the product/component-family level.,MEDIUM,Phone assemblies contain repairable/recoverable subassemblies; model-specific accessibility varies.,REVIEWED_2026-09-26,P01:CSO_C_component_specificity,Identifiable component/subassembly opportunity at the product/component-family level.,WHOLE_DEVICE,"{""E012"": ""PRIMARY"", ""E002"": ""CONTEXT_ONLY""}",PRIMARY_REQUIRED,1,"[""E012""]",[],"[""E002""]",MANUALLY_REVIEWED_2026-09-26,ANCHOR_DOWNGRADES_TO_MODEL_RATIONALE,3.0,"[2, 3, 4]",MODEL_RATIONALE_AFTER_SOURCE_ABLATION,UNCHANGED_IF_SUPPORT_REMAINS,UNCHANGED_IF_SUPPORT_REMAINS,Mobile-specific management/refurbishment evidence is primary; general WEEE context does not independently establish parts opportunity.,MANUAL:P01:CSO_C_component_specificity
2,component:electronic_board_or_component,PCB,RRP,RRP_A_resource_relevance,4.0,"[3, 4]",DIRECT_LITERATURE,HIGH,"[""E009""]",E009: Abstract; sections on disassembly and “Sorting of electronic components”,"PCB review documents heterogeneous metal fractions and precious metals such as Au, Ag and Pd.",MEDIUM,Strong resource relevance but grade/composition varies.,REVIEWED_2026-09-26,P02:RRP_A_resource_relevance,"PCB review documents heterogeneous metal fractions and precious metals such as Au, Ag and Pd.",COMPONENT_LEVEL_NA,"{""E009"": ""PRIMARY""}",PRIMARY_REQUIRED,1,"[""E009""]",[],[],MANUALLY_REVIEWED_2026-09-26,ANCHOR_BECOMES_UNSUPPORTED,,[],UNSUPPORTED_AFTER_SOURCE_ABLATION,UNCHANGED_IF_SUPPORT_REMAINS,UNCHANGED_IF_SUPPORT_REMAINS,PCB-specific peer-reviewed evidence is required.,MANUAL:P02:RRP_A_resource_relevance
2,component:electronic_board_or_component,PCB,RRP,RRP_B_recovery_maturity,4.0,"[3, 4]",LITERATURE_SYNTHESIS,HIGH,"[""E005"", ""E009"", ""E010""]",E005: E-scrap page; “What can Umicore recycle?” feed list and sampling/assay description | E009: Abstract; sections on disassembly and “Sorting of electronic components” | E010: Abstract; Sections 3–4; Conclusions,"Specialist PCB/e-scrap recovery, disassembly and metallurgical processing pathways are established.",LOW,Mature specialist pathway.,REVIEWED_2026-09-26,P02:RRP_B_recovery_maturity,"Specialist PCB/e-scrap recovery, disassembly and metallurgical processing pathways are established.",COMPONENT_LEVEL_NA,"{""E005"": ""PRIMARY"", ""E009"": ""PRIMARY"", ""E010"": ""CORROBORATING""}",ALL,2,"[""E005"", ""E009""]","[""E010""]",[],MANUALLY_REVIEWED_2026-09-26,ANCHOR_DOWNGRADES_TO_MODEL_RATIONALE,4.0,"[3, 4]",MODEL_RATIONALE_AFTER_SOURCE_ABLATION,UNCHANGED_IF_SUPPORT_REMAINS,BROADEN_IF_SUPPORT_REMAINS,PCB-specific applicability and an industrial specialist process are both required for the strongest maturity anchor.,MANUAL:P02:RRP_B_recovery_maturity
2,component:electronic_board_or_component,PCB,RRP,RRP_C_feed_specificity,4.0,"[3, 4]",LITERATURE_SYNTHESIS,HIGH,"[""E005"", ""E009""]",E005: E-scrap page; “What can Umicore recycle?” feed list and sampling/assay description | E009: Abstract; sections on disassembly and “Sorting of electronic components”,"PCBs/ICs are recognized specialist e-scrap feeds, although grades are heterogeneous.",MEDIUM,Concentrated component feed; mixed debris can reduce this image-specifically.,REVIEWED_2026-09-26,P02:RRP_C_feed_specificity,"PCBs/ICs are recognized specialist e-scrap feeds, although grades are heterogeneous.",COMPONENT_LEVEL_NA,"{""E005"": ""PRIMARY"", ""E009"": ""PRIMARY""}",ALL,2,"[""E005"", ""E009""]",[],[],MANUALLY_REVIEWED_2026-09-26,ANCHOR_DOWNGRADES_TO_MODEL_RATIONALE,4.0,"[3, 4]",MODEL_RATIONALE_AFTER_SOURCE_ABLATION,UNCHANGED_IF_SUPPORT_REMAINS,UNCHANGED_IF_SUPPORT_REMAINS,Both feed/product applicability and specialist handling evidence are required; otherwise only a broader model-rationale state remains.,MANUAL:P02:RRP_C_feed_specificity
2,component:electronic_board_or_component,PCB,WRO,WRO_A_product_reuse,,[],UNSUPPORTED,NOT_APPLICABLE,[],,Whole-device reuse is not applicable to this component/scene parent.,MEDIUM,Whole-device reuse is not a meaningful class-level construct for this parent.,REVIEWED_2026-09-26,P02:WRO_A_product_reuse,Whole-device reuse is not applicable to this component/scene parent.,COMPONENT_LEVEL_NA,{},NONE_REQUIRED,0,[],[],[],NOT_EXTERNAL,KEEP_DECLARED_RATIONALE_OR_STATE,,[],UNSUPPORTED,UNCHANGED_IF_SUPPORT_REMAINS,UNCHANGED_IF_SUPPORT_REMAINS,Non-external row; no external source dependency claim.,NON_EXTERNAL
2,component:electronic_board_or_component,PCB,CSO,CSO_A_component_salvage,4.0,"[3, 4]",DIRECT_LITERATURE,HIGH,"[""E009""]",E009: Abstract; sections on disassembly and “Sorting of electronic components”,PCB review explicitly discusses sorting electronic components to facilitate reuse after disassembly.,MEDIUM,High component salvage relevance; actual component condition remains unknown.,REVIEWED_2026-09-26,P02:CSO_A_component_salvage,PCB review explicitly discusses sorting electronic components to facilitate reuse after disassembly.,COMPONENT_LEVEL_NA,"{""E009"": ""PRIMARY""}",PRIMARY_REQUIRED,1,"[""E009""]",[],[],MANUALLY_REVIEWED_2026-09-26,ANCHOR_BECOMES_UNSUPPORTED,,[],UNSUPPORTED_AFTER_SOURCE_ABLATION,UNCHANGED_IF_SUPPORT_REMAINS,UNCHANGED_IF_SUPPORT_REMAINS,PCB-specific peer-reviewed disassembly/component evidence is required.,MANUAL:P02:CSO_A_component_salvage
2,component:electronic_board_or_component,PCB,TPC,TPC_A_specialist_requirement,4.0,[4],DIRECT_LITERATURE,HIGH,"[""E005"", ""E009""]",E005: E-scrap page; “What can Umicore recycle?” feed list and sampling/assay description | E009: Abstract; sections on disassembly and “Sorting of electronic components”,Specialist precious-metal-bearing e-scrap processing and PCB disassembly/recovery are established.,LOW,Specialist route is central.,REVIEWED_2026-09-26,P02:TPC_A_specialist_requirement,Specialist precious-metal-bearing e-scrap processing and PCB disassembly/recovery are established.,COMPONENT_LEVEL_NA,"{""E005"": ""PRIMARY"", ""E009"": ""PRIMARY""}",ALL,2,"[""E005"", ""E009""]",[],[],MANUALLY_REVIEWED_2026-09-26,ANCHOR_DOWNGRADES_TO_MODEL_RATIONALE,4.0,"[3, 4]",MODEL_RATIONALE_AFTER_SOURCE_ABLATION,UNCHANGED_IF_SUPPORT_REMAINS,UNCHANGED_IF_SUPPORT_REMAINS,PCB applicability plus specialist industrial route evidence are both required for the Level-4 external anchor.,MANUAL:P02:TPC_A_specialist_requirement
2,component:electronic_board_or_component,PCB,TPC,TPC_B_separation_complexity,4.0,"[3, 4]",DIRECT_LITERATURE,HIGH,"[""E009"", ""E010""]",E009: Abstract; sections on disassembly and “Sorting of electronic components” | E010: Abstract; Sections 3–4; Conclusions,"PCBs combine substrates, solder, components, metals and non-metals; disassembly/sorting are central.",LOW,High separation complexity.,REVIEWED_2026-09-26,P02:TPC_B_separation_complexity,"PCBs combine substrates, solder, components, metals and non-metals; disassembly/sorting are central.",COMPONENT_LEVEL_NA,"{""E009"": ""PRIMARY"", ""E010"": ""CORROBORATING""}",PRIMARY_REQUIRED,1,"[""E009""]","[""E010""]",[],MANUALLY_REVIEWED_2026-09-26,ANCHOR_DOWNGRADES_TO_MODEL_RATIONALE,4.0,"[3, 4]",MODEL_RATIONALE_AFTER_SOURCE_ABLATION,UNCHANGED_IF_SUPPORT_REMAINS,BROADEN_IF_SUPPORT_REMAINS,PCB-specific disassembly/sorting evidence is primary; generic WEEE process evidence corroborates.,MANUAL:P02:TPC_B_separation_complexity
2,component:electronic_board_or_component,PCB,TPC,TPC_C_screening_relevance,3.0,"[3, 4]",LITERATURE_SYNTHESIS,HIGH,"[""E009"", ""E003""]","E009: Abstract; sections on disassembly and “Sorting of electronic components” | E003: Questions 1–4, 8, 10–13",PCB review notes heavy metals/flame retardants; Basel covers e-waste components depending actual constituents.,MEDIUM,"Meaningful screening relevance, not image-derived hazardous classification.",REVIEWED_2026-09-26,P02:TPC_C_screening_relevance,PCB review notes heavy metals/flame retardants; Basel covers e-waste components depending actual constituents.,COMPONENT_LEVEL_NA,"{""E003"": ""PRIMARY"", ""E009"": ""CORROBORATING""}",PRIMARY_PLUS_CORROBORATION,2,"[""E003""]","[""E009""]",[],MANUALLY_REVIEWED_2026-09-26,ANCHOR_DOWNGRADES_TO_MODEL_RATIONALE,3.0,"[2, 3, 4]",MODEL_RATIONALE_AFTER_SOURCE_ABLATION,UNCHANGED_IF_SUPPORT_REMAINS,UNCHANGED_IF_SUPPORT_REMAINS,Basel screening context must be coupled to PCB-specific applicability.,MANUAL:P02:TPC_C_screening_relevance
2,component:electronic_board_or_component,PCB,WRO,WRO_B_visual_integrity,,"[1, 2, 3, 4]",FROZEN_SEMANTIC,IMAGE_STATE_REQUIRED,[],,Image-derived whole-device state required.,IMAGE_SPECIFIC,No generic parent-level image condition/completeness value is authored.,REVIEWED_2026-09-26,P02:WRO_B_visual_integrity,Image-derived whole-device state required.,COMPONENT_LEVEL_NA,{},NONE_REQUIRED,0,[],[],[],NOT_EXTERNAL,KEEP_DECLARED_RATIONALE_OR_STATE,,[],FROZEN_SEMANTIC,UNCHANGED_IF_SUPPORT_REMAINS,UNCHANGED_IF_SUPPORT_REMAINS,Non-external row; no external source dependency claim.,NON_EXTERNAL
2,component:electronic_board_or_component,PCB,WRO,WRO_C_configuration_completeness,,"[1, 2, 3, 4]",FROZEN_SEMANTIC,IMAGE_STATE_REQUIRED,[],,Image-derived whole-device state required.,IMAGE_SPECIFIC,No generic parent-level image condition/completeness value is authored.,REVIEWED_2026-09-26,P02:WRO_C_configuration_completeness,Image-derived whole-device state required.,COMPONENT_LEVEL_NA,{},NONE_REQUIRED,0,[],[],[],NOT_EXTERNAL,KEEP_DECLARED_RATIONALE_OR_STATE,,[],FROZEN_SEMANTIC,UNCHANGED_IF_SUPPORT_REMAINS,UNCHANGED_IF_SUPPORT_REMAINS,Non-external row; no external source dependency claim.,NON_EXTERNAL
2,component:electronic_board_or_component,PCB,CSO,CSO_B_accessibility_dismantling,,"[1, 2, 3, 4]",FROZEN_SEMANTIC,IMAGE_STATE_OPTIONAL,[],,Image-derived accessibility/dismantling state only.,IMAGE_SPECIFIC,No parent-level accessibility state is invented.,REVIEWED_2026-09-26,P02:CSO_B_accessibility_dismantling,Image-derived accessibility/dismantling state only.,COMPONENT_LEVEL_NA,{},NONE_REQUIRED,0,[],[],[],NOT_EXTERNAL,KEEP_DECLARED_RATIONALE_OR_STATE,,[],FROZEN_SEMANTIC,UNCHANGED_IF_SUPPORT_REMAINS,UNCHANGED_IF_SUPPORT_REMAINS,Non-external row; no external source dependency claim.,NON_EXTERNAL
2,component:electronic_board_or_component,PCB,CSO,CSO_C_component_specificity,4.0,"[3, 4]",DIRECT_LITERATURE,HIGH,"[""E009""]",E009: Abstract; sections on disassembly and “Sorting of electronic components”,Identifiable component/subassembly opportunity at the product/component-family level.,MEDIUM,PCB literature explicitly treats electronic components/subassemblies as identifiable disassembly/sorting targets.,REVIEWED_2026-09-26,P02:CSO_C_component_specificity,Identifiable component/subassembly opportunity at the product/component-family level.,COMPONENT_LEVEL_NA,"{""E009"": ""PRIMARY""}",PRIMARY_REQUIRED,1,"[""E009""]",[],[],MANUALLY_REVIEWED_2026-09-26,ANCHOR_BECOMES_UNSUPPORTED,,[],UNSUPPORTED_AFTER_SOURCE_ABLATION,UNCHANGED_IF_SUPPORT_REMAINS,UNCHANGED_IF_SUPPORT_REMAINS,PCB-specific peer-reviewed disassembly/component evidence is required.,MANUAL:P02:CSO_C_component_specificity
3,device:computer_mouse,SMALL_PERIPHERAL,RRP,RRP_A_resource_relevance,1.0,"[1, 2]",LITERATURE_SYNTHESIS,LOW,"[""E001""]",E001: Zenodo record; UNU-KEY v2 descriptions; Annex 6 average weights; Annex 7 material composition; Tables 26–27,Only broad small-IT/product-class evidence is available; no strong product-specific resource concentration evidence.,HIGH,Avoid upward inference from device identity alone.,REVIEWED_2026-09-26,P03:RRP_A_resource_relevance,Only broad small-IT/product-class evidence is available; no strong product-specific resource concentration evidence.,WHOLE_DEVICE,"{""E001"": ""PRIMARY""}",PRIMARY_REQUIRED,1,"[""E001""]",[],[],MANUALLY_REVIEWED_2026-09-26,ANCHOR_BECOMES_UNSUPPORTED,,[],UNSUPPORTED_AFTER_SOURCE_ABLATION,UNCHANGED_IF_SUPPORT_REMAINS,UNCHANGED_IF_SUPPORT_REMAINS,UNITAR class/material context is the only external anchor for the conservative class-level resource state.,MANUAL:P03:RRP_A_resource_relevance
3,device:computer_mouse,SMALL_PERIPHERAL,RRP,RRP_B_recovery_maturity,2.0,"[2, 3]",LITERATURE_SYNTHESIS,MEDIUM,"[""E002"", ""E010""]",E002: Article 4; Article 6(2); Article 15(1); Annexes III–IV | E010: Abstract; Sections 3–4; Conclusions,General WEEE recovery pathways apply to small computing peripherals.,MEDIUM,"Established general recycling, less specialist than high-value component feeds.",REVIEWED_2026-09-26,P03:RRP_B_recovery_maturity,General WEEE recovery pathways apply to small computing peripherals.,WHOLE_DEVICE,"{""E010"": ""PRIMARY"", ""E002"": ""CONTEXT_ONLY""}",PRIMARY_REQUIRED,1,"[""E010""]",[],"[""E002""]",MANUALLY_REVIEWED_2026-09-26,ANCHOR_DOWNGRADES_TO_MODEL_RATIONALE,2.0,"[1, 2, 3]",MODEL_RATIONALE_AFTER_SOURCE_ABLATION,UNCHANGED_IF_SUPPORT_REMAINS,UNCHANGED_IF_SUPPORT_REMAINS,Peer-reviewed WEEE recovery review is the technical primary; general WEEE legislation is contextual.,MANUAL:P03:RRP_B_recovery_maturity
3,device:computer_mouse,SMALL_PERIPHERAL,RRP,RRP_C_feed_specificity,2.0,"[2, 3]",MODEL_RATIONALE,LOW,"[""E001""]",E001: Zenodo record; UNU-KEY v2 descriptions; Annex 6 average weights; Annex 7 material composition; Tables 26–27,The item is identifiable but contains mixed plastics/electronics with sparse product-specific composition evidence.,HIGH,"Broad, conservative feed-specificity assumption.",REVIEWED_2026-09-26,P03:RRP_C_feed_specificity,The item is identifiable but contains mixed plastics/electronics with sparse product-specific composition evidence.,WHOLE_DEVICE,"{""E001"": ""CONTEXT_ONLY""}",NONE_REQUIRED,0,[],[],"[""E001""]",NOT_EXTERNAL,KEEP_DECLARED_RATIONALE_OR_STATE,,[],MODEL_RATIONALE,UNCHANGED_IF_SUPPORT_REMAINS,UNCHANGED_IF_SUPPORT_REMAINS,Non-external row; no external source dependency claim.,NON_EXTERNAL
3,device:computer_mouse,SMALL_PERIPHERAL,WRO,WRO_A_product_reuse,3.0,"[2, 3]",LITERATURE_SYNTHESIS,MEDIUM,"[""E011"", ""E002""]",E011: UNEP/CHW.11/INF/12/Rev.1; introductory scope and refurbishment/repair process guidance | E002: Article 4; Article 6(2); Article 15(1); Annexes III–IV,PACE scope includes computer mice/keyboards/peripherals and addresses refurbishment/repair pathways.,MEDIUM,Meaningful pathway relevance; functionality still unknown.,REVIEWED_2026-09-26,P03:WRO_A_product_reuse,PACE scope includes computer mice/keyboards/peripherals and addresses refurbishment/repair pathways.,WHOLE_DEVICE,"{""E011"": ""PRIMARY"", ""E002"": ""CONTEXT_ONLY""}",PRIMARY_REQUIRED,1,"[""E011""]",[],"[""E002""]",MANUALLY_REVIEWED_2026-09-26,ANCHOR_BECOMES_UNSUPPORTED,,[],UNSUPPORTED_AFTER_SOURCE_ABLATION,UNCHANGED_IF_SUPPORT_REMAINS,UNCHANGED_IF_SUPPORT_REMAINS,PACE computing/peripheral refurbishment guidance is required; general WEEE context cannot substitute.,MANUAL:P03:WRO_A_product_reuse
3,device:computer_mouse,SMALL_PERIPHERAL,CSO,CSO_A_component_salvage,2.0,"[1, 2, 3]",MODEL_RATIONALE,LOW,"[""E011""]",E011: UNEP/CHW.11/INF/12/Rev.1; introductory scope and refurbishment/repair process guidance,Peripheral components may be reusable but product-specific evidence is limited.,HIGH,Moderate-low parts opportunity by transparent rationale.,REVIEWED_2026-09-26,P03:CSO_A_component_salvage,Peripheral components may be reusable but product-specific evidence is limited.,WHOLE_DEVICE,"{""E011"": ""CONTEXT_ONLY""}",NONE_REQUIRED,0,[],[],"[""E011""]",NOT_EXTERNAL,KEEP_DECLARED_RATIONALE_OR_STATE,,[],MODEL_RATIONALE,UNCHANGED_IF_SUPPORT_REMAINS,UNCHANGED_IF_SUPPORT_REMAINS,Non-external row; no external source dependency claim.,NON_EXTERNAL
3,device:computer_mouse,SMALL_PERIPHERAL,TPC,TPC_A_specialist_requirement,1.0,"[1, 2]",MODEL_RATIONALE,LOW,"[""E002""]",E002: Article 4; Article 6(2); Article 15(1); Annexes III–IV,No class-specific evidence that specialist treatment is normally central beyond general WEEE management.,HIGH,General handling dominates.,REVIEWED_2026-09-26,P03:TPC_A_specialist_requirement,No class-specific evidence that specialist treatment is normally central beyond general WEEE management.,WHOLE_DEVICE,"{""E002"": ""CONTEXT_ONLY""}",NONE_REQUIRED,0,[],[],"[""E002""]",NOT_EXTERNAL,KEEP_DECLARED_RATIONALE_OR_STATE,,[],MODEL_RATIONALE,UNCHANGED_IF_SUPPORT_REMAINS,UNCHANGED_IF_SUPPORT_REMAINS,Non-external row; no external source dependency claim.,NON_EXTERNAL
3,device:computer_mouse,SMALL_PERIPHERAL,TPC,TPC_B_separation_complexity,2.0,"[1, 2, 3]",MODEL_RATIONALE,LOW,"[""E010""]",E010: Abstract; Sections 3–4; Conclusions,Small peripherals require some separation but are less complex than PCB/battery/CRT specialist feeds.,HIGH,Broad structural rationale.,REVIEWED_2026-09-26,P03:TPC_B_separation_complexity,Small peripherals require some separation but are less complex than PCB/battery/CRT specialist feeds.,WHOLE_DEVICE,"{""E010"": ""CONTEXT_ONLY""}",NONE_REQUIRED,0,[],[],"[""E010""]",NOT_EXTERNAL,KEEP_DECLARED_RATIONALE_OR_STATE,,[],MODEL_RATIONALE,UNCHANGED_IF_SUPPORT_REMAINS,UNCHANGED_IF_SUPPORT_REMAINS,Non-external row; no external source dependency claim.,NON_EXTERNAL
3,device:computer_mouse,SMALL_PERIPHERAL,TPC,TPC_C_screening_relevance,1.0,"[1, 2]",LITERATURE_SYNTHESIS,LOW,"[""E002"", ""E003""]","E002: Article 4; Article 6(2); Article 15(1); Annexes III–IV | E003: Questions 1–4, 8, 10–13",General WEEE screening context applies but no stronger class-specific hazard signal is justified.,HIGH,Low class-specific screening relevance.,REVIEWED_2026-09-26,P03:TPC_C_screening_relevance,General WEEE screening context applies but no stronger class-specific hazard signal is justified.,WHOLE_DEVICE,"{""E003"": ""PRIMARY"", ""E002"": ""CONTEXT_ONLY""}",PRIMARY_REQUIRED,1,"[""E003""]",[],"[""E002""]",MANUALLY_REVIEWED_2026-09-26,ANCHOR_DOWNGRADES_TO_MODEL_RATIONALE,1.0,"[1, 2]",MODEL_RATIONALE_AFTER_SOURCE_ABLATION,UNCHANGED_IF_SUPPORT_REMAINS,UNCHANGED_IF_SUPPORT_REMAINS,Basel e-waste screening is primary; WEEE legislation is contextual and cannot preserve the claim by itself.,MANUAL:P03:TPC_C_screening_relevance
3,device:computer_mouse,SMALL_PERIPHERAL,WRO,WRO_B_visual_integrity,,"[1, 2, 3, 4]",FROZEN_SEMANTIC,IMAGE_STATE_REQUIRED,[],,Image-derived whole-device state required.,IMAGE_SPECIFIC,No generic parent-level image condition/completeness value is authored.,REVIEWED_2026-09-26,P03:WRO_B_visual_integrity,Image-derived whole-device state required.,WHOLE_DEVICE,{},NONE_REQUIRED,0,[],[],[],NOT_EXTERNAL,KEEP_DECLARED_RATIONALE_OR_STATE,,[],FROZEN_SEMANTIC,UNCHANGED_IF_SUPPORT_REMAINS,UNCHANGED_IF_SUPPORT_REMAINS,Non-external row; no external source dependency claim.,NON_EXTERNAL
3,device:computer_mouse,SMALL_PERIPHERAL,WRO,WRO_C_configuration_completeness,,"[1, 2, 3, 4]",FROZEN_SEMANTIC,IMAGE_STATE_REQUIRED,[],,Image-derived whole-device state required.,IMAGE_SPECIFIC,No generic parent-level image condition/completeness value is authored.,REVIEWED_2026-09-26,P03:WRO_C_configuration_completeness,Image-derived whole-device state required.,WHOLE_DEVICE,{},NONE_REQUIRED,0,[],[],[],NOT_EXTERNAL,KEEP_DECLARED_RATIONALE_OR_STATE,,[],FROZEN_SEMANTIC,UNCHANGED_IF_SUPPORT_REMAINS,UNCHANGED_IF_SUPPORT_REMAINS,Non-external row; no external source dependency claim.,NON_EXTERNAL
3,device:computer_mouse,SMALL_PERIPHERAL,CSO,CSO_B_accessibility_dismantling,,"[1, 2, 3, 4]",FROZEN_SEMANTIC,IMAGE_STATE_OPTIONAL,[],,Image-derived accessibility/dismantling state only.,IMAGE_SPECIFIC,No parent-level accessibility state is invented.,REVIEWED_2026-09-26,P03:CSO_B_accessibility_dismantling,Image-derived accessibility/dismantling state only.,WHOLE_DEVICE,{},NONE_REQUIRED,0,[],[],[],NOT_EXTERNAL,KEEP_DECLARED_RATIONALE_OR_STATE,,[],FROZEN_SEMANTIC,UNCHANGED_IF_SUPPORT_REMAINS,UNCHANGED_IF_SUPPORT_REMAINS,Non-external row; no external source dependency claim.,NON_EXTERNAL
3,device:computer_mouse,SMALL_PERIPHERAL,CSO,CSO_C_component_specificity,2.0,"[1, 2, 3]",MODEL_RATIONALE,MEDIUM,[],,Identifiable component/subassembly opportunity at the product/component-family level.,MEDIUM,Small peripherals contain limited but identifiable electronic/mechanical subassemblies.,REVIEWED_2026-09-26,P03:CSO_C_component_specificity,Identifiable component/subassembly opportunity at the product/component-family level.,WHOLE_DEVICE,{},NONE_REQUIRED,0,[],[],[],NOT_EXTERNAL,KEEP_DECLARED_RATIONALE_OR_STATE,,[],MODEL_RATIONALE,UNCHANGED_IF_SUPPORT_REMAINS,UNCHANGED_IF_SUPPORT_REMAINS,Non-external row; no external source dependency claim.,NON_EXTERNAL
4,device:printer,PRINTER,RRP,RRP_A_resource_relevance,2.0,"[2, 3]",LITERATURE_SYNTHESIS,LOW,"[""E001""]",E001: Zenodo record; UNU-KEY v2 descriptions; Annex 6 average weights; Annex 7 material composition; Tables 26–27,Broad printer/product context supports recoverable materials but no concentrated-resource inference.,HIGH,Moderate-low class-level resource relevance.,REVIEWED_2026-09-26,P04:RRP_A_resource_relevance,Broad printer/product context supports recoverable materials but no concentrated-resource inference.,WHOLE_DEVICE,"{""E001"": ""PRIMARY""}",PRIMARY_REQUIRED,1,"[""E001""]",[],[],MANUALLY_REVIEWED_2026-09-26,ANCHOR_BECOMES_UNSUPPORTED,,[],UNSUPPORTED_AFTER_SOURCE_ABLATION,UNCHANGED_IF_SUPPORT_REMAINS,UNCHANGED_IF_SUPPORT_REMAINS,UNITAR class/material context is the only external anchor for the conservative class-level resource state.,MANUAL:P04:RRP_A_resource_relevance
4,device:printer,PRINTER,RRP,RRP_B_recovery_maturity,3.0,"[2, 3]",LITERATURE_SYNTHESIS,MEDIUM,"[""E002"", ""E010""]",E002: Article 4; Article 6(2); Article 15(1); Annexes III–IV | E010: Abstract; Sections 3–4; Conclusions,Printers fall within established WEEE recovery/treatment frameworks.,MEDIUM,Established general recovery pathway.,REVIEWED_2026-09-26,P04:RRP_B_recovery_maturity,Printers fall within established WEEE recovery/treatment frameworks.,WHOLE_DEVICE,"{""E010"": ""PRIMARY"", ""E002"": ""CONTEXT_ONLY""}",PRIMARY_REQUIRED,1,"[""E010""]",[],"[""E002""]",MANUALLY_REVIEWED_2026-09-26,ANCHOR_DOWNGRADES_TO_MODEL_RATIONALE,3.0,"[2, 3, 4]",MODEL_RATIONALE_AFTER_SOURCE_ABLATION,UNCHANGED_IF_SUPPORT_REMAINS,UNCHANGED_IF_SUPPORT_REMAINS,Peer-reviewed WEEE recovery review is the technical primary; general WEEE legislation is contextual.,MANUAL:P04:RRP_B_recovery_maturity
4,device:printer,PRINTER,RRP,RRP_C_feed_specificity,2.0,"[2, 3]",MODEL_RATIONALE,LOW,"[""E001""]",E001: Zenodo record; UNU-KEY v2 descriptions; Annex 6 average weights; Annex 7 material composition; Tables 26–27,Printer is an identifiable product feed but mechanically/materially mixed.,HIGH,Broad product-level feed.,REVIEWED_2026-09-26,P04:RRP_C_feed_specificity,Printer is an identifiable product feed but mechanically/materially mixed.,WHOLE_DEVICE,"{""E001"": ""CONTEXT_ONLY""}",NONE_REQUIRED,0,[],[],"[""E001""]",NOT_EXTERNAL,KEEP_DECLARED_RATIONALE_OR_STATE,,[],MODEL_RATIONALE,UNCHANGED_IF_SUPPORT_REMAINS,UNCHANGED_IF_SUPPORT_REMAINS,Non-external row; no external source dependency claim.,NON_EXTERNAL
4,device:printer,PRINTER,WRO,WRO_A_product_reuse,3.0,"[2, 3]",LITERATURE_SYNTHESIS,MEDIUM,"[""E011"", ""E002""]",E011: UNEP/CHW.11/INF/12/Rev.1; introductory scope and refurbishment/repair process guidance | E002: Article 4; Article 6(2); Article 15(1); Annexes III–IV,PACE explicitly includes printers in computing equipment refurbishment/repair scope.,MEDIUM,Meaningful reuse pathway without functionality inference.,REVIEWED_2026-09-26,P04:WRO_A_product_reuse,PACE explicitly includes printers in computing equipment refurbishment/repair scope.,WHOLE_DEVICE,"{""E011"": ""PRIMARY"", ""E002"": ""CONTEXT_ONLY""}",PRIMARY_REQUIRED,1,"[""E011""]",[],"[""E002""]",MANUALLY_REVIEWED_2026-09-26,ANCHOR_BECOMES_UNSUPPORTED,,[],UNSUPPORTED_AFTER_SOURCE_ABLATION,UNCHANGED_IF_SUPPORT_REMAINS,UNCHANGED_IF_SUPPORT_REMAINS,PACE computing/peripheral refurbishment guidance is required; general WEEE context cannot substitute.,MANUAL:P04:WRO_A_product_reuse
4,device:printer,PRINTER,CSO,CSO_A_component_salvage,3.0,"[2, 3]",MODEL_RATIONALE,MEDIUM,"[""E011""]",E011: UNEP/CHW.11/INF/12/Rev.1; introductory scope and refurbishment/repair process guidance,"Printers contain separable functional/mechanical components, but subtype-specific evidence is limited.",MEDIUM,Moderate-high salvage opportunity by explicit rationale.,REVIEWED_2026-09-26,P04:CSO_A_component_salvage,"Printers contain separable functional/mechanical components, but subtype-specific evidence is limited.",WHOLE_DEVICE,"{""E011"": ""CONTEXT_ONLY""}",NONE_REQUIRED,0,[],[],"[""E011""]",NOT_EXTERNAL,KEEP_DECLARED_RATIONALE_OR_STATE,,[],MODEL_RATIONALE,UNCHANGED_IF_SUPPORT_REMAINS,UNCHANGED_IF_SUPPORT_REMAINS,Non-external row; no external source dependency claim.,NON_EXTERNAL
4,device:printer,PRINTER,TPC,TPC_A_specialist_requirement,2.0,"[2, 3]",LITERATURE_SYNTHESIS,MEDIUM,"[""E002""]",E002: Article 4; Article 6(2); Article 15(1); Annexes III–IV,WEEE treatment requirements apply; printer-specific specialist treatment is not universally central.,MEDIUM,Moderate-low specialist requirement.,REVIEWED_2026-09-26,P04:TPC_A_specialist_requirement,WEEE treatment requirements apply; printer-specific specialist treatment is not universally central.,WHOLE_DEVICE,"{""E002"": ""PRIMARY""}",PRIMARY_REQUIRED,1,"[""E002""]",[],[],MANUALLY_REVIEWED_2026-09-26,ANCHOR_DOWNGRADES_TO_MODEL_RATIONALE,2.0,"[1, 2, 3]",MODEL_RATIONALE_AFTER_SOURCE_ABLATION,UNCHANGED_IF_SUPPORT_REMAINS,UNCHANGED_IF_SUPPORT_REMAINS,The broad WEEE management framework supports the class-level treatment relevance but is not product-specific; loss falls back to explicit model rationale.,MANUAL:P04:TPC_A_specialist_requirement
4,device:printer,PRINTER,TPC,TPC_B_separation_complexity,3.0,"[2, 3]",MODEL_RATIONALE,MEDIUM,"[""E010""]",E010: Abstract; Sections 3–4; Conclusions,Printers are multi-component electro-mechanical products requiring disassembly/separation.,MEDIUM,Moderate-high structural complexity.,REVIEWED_2026-09-26,P04:TPC_B_separation_complexity,Printers are multi-component electro-mechanical products requiring disassembly/separation.,WHOLE_DEVICE,"{""E010"": ""CONTEXT_ONLY""}",NONE_REQUIRED,0,[],[],"[""E010""]",NOT_EXTERNAL,KEEP_DECLARED_RATIONALE_OR_STATE,,[],MODEL_RATIONALE,UNCHANGED_IF_SUPPORT_REMAINS,UNCHANGED_IF_SUPPORT_REMAINS,Non-external row; no external source dependency claim.,NON_EXTERNAL
4,device:printer,PRINTER,TPC,TPC_C_screening_relevance,2.0,"[2, 3]",LITERATURE_SYNTHESIS,LOW,"[""E002"", ""E003""]","E002: Article 4; Article 6(2); Article 15(1); Annexes III–IV | E003: Questions 1–4, 8, 10–13",General WEEE screening context applies; exact consumables/constituents are not inferred.,HIGH,Moderate-low screening relevance.,REVIEWED_2026-09-26,P04:TPC_C_screening_relevance,General WEEE screening context applies; exact consumables/constituents are not inferred.,WHOLE_DEVICE,"{""E003"": ""PRIMARY"", ""E002"": ""CONTEXT_ONLY""}",PRIMARY_REQUIRED,1,"[""E003""]",[],"[""E002""]",MANUALLY_REVIEWED_2026-09-26,ANCHOR_DOWNGRADES_TO_MODEL_RATIONALE,2.0,"[1, 2, 3]",MODEL_RATIONALE_AFTER_SOURCE_ABLATION,UNCHANGED_IF_SUPPORT_REMAINS,UNCHANGED_IF_SUPPORT_REMAINS,Basel e-waste screening is primary; WEEE legislation is contextual and cannot preserve the claim by itself.,MANUAL:P04:TPC_C_screening_relevance
4,device:printer,PRINTER,WRO,WRO_B_visual_integrity,,"[1, 2, 3, 4]",FROZEN_SEMANTIC,IMAGE_STATE_REQUIRED,[],,Image-derived whole-device state required.,IMAGE_SPECIFIC,No generic parent-level image condition/completeness value is authored.,REVIEWED_2026-09-26,P04:WRO_B_visual_integrity,Image-derived whole-device state required.,WHOLE_DEVICE,{},NONE_REQUIRED,0,[],[],[],NOT_EXTERNAL,KEEP_DECLARED_RATIONALE_OR_STATE,,[],FROZEN_SEMANTIC,UNCHANGED_IF_SUPPORT_REMAINS,UNCHANGED_IF_SUPPORT_REMAINS,Non-external row; no external source dependency claim.,NON_EXTERNAL
4,device:printer,PRINTER,WRO,WRO_C_configuration_completeness,,"[1, 2, 3, 4]",FROZEN_SEMANTIC,IMAGE_STATE_REQUIRED,[],,Image-derived whole-device state required.,IMAGE_SPECIFIC,No generic parent-level image condition/completeness value is authored.,REVIEWED_2026-09-26,P04:WRO_C_configuration_completeness,Image-derived whole-device state required.,WHOLE_DEVICE,{},NONE_REQUIRED,0,[],[],[],NOT_EXTERNAL,KEEP_DECLARED_RATIONALE_OR_STATE,,[],FROZEN_SEMANTIC,UNCHANGED_IF_SUPPORT_REMAINS,UNCHANGED_IF_SUPPORT_REMAINS,Non-external row; no external source dependency claim.,NON_EXTERNAL
4,device:printer,PRINTER,CSO,CSO_B_accessibility_dismantling,,"[1, 2, 3, 4]",FROZEN_SEMANTIC,IMAGE_STATE_OPTIONAL,[],,Image-derived accessibility/dismantling state only.,IMAGE_SPECIFIC,No parent-level accessibility state is invented.,REVIEWED_2026-09-26,P04:CSO_B_accessibility_dismantling,Image-derived accessibility/dismantling state only.,WHOLE_DEVICE,{},NONE_REQUIRED,0,[],[],[],NOT_EXTERNAL,KEEP_DECLARED_RATIONALE_OR_STATE,,[],FROZEN_SEMANTIC,UNCHANGED_IF_SUPPORT_REMAINS,UNCHANGED_IF_SUPPORT_REMAINS,Non-external row; no external source dependency claim.,NON_EXTERNAL
4,device:printer,PRINTER,CSO,CSO_C_component_specificity,3.0,"[2, 3]",MODEL_RATIONALE,MEDIUM,"[""E011""]",E011: UNEP/CHW.11/INF/12/Rev.1; introductory scope and refurbishment/repair process guidance,Identifiable component/subassembly opportunity at the product/component-family level.,MEDIUM,Printer assemblies contain multiple identifiable electromechanical modules.,REVIEWED_2026-09-26,P04:CSO_C_component_specificity,Identifiable component/subassembly opportunity at the product/component-family level.,WHOLE_DEVICE,"{""E011"": ""CONTEXT_ONLY""}",NONE_REQUIRED,0,[],[],"[""E011""]",NOT_EXTERNAL,KEEP_DECLARED_RATIONALE_OR_STATE,,[],MODEL_RATIONALE,UNCHANGED_IF_SUPPORT_REMAINS,UNCHANGED_IF_SUPPORT_REMAINS,Non-external row; no external source dependency claim.,NON_EXTERNAL
5,device:computer_keyboard,SMALL_PERIPHERAL,RRP,RRP_A_resource_relevance,1.0,"[1, 2]",LITERATURE_SYNTHESIS,LOW,"[""E001""]",E001: Zenodo record; UNU-KEY v2 descriptions; Annex 6 average weights; Annex 7 material composition; Tables 26–27,Only broad small-IT/product-class evidence is available; no strong product-specific resource concentration evidence.,HIGH,Avoid upward inference from device identity alone.,REVIEWED_2026-09-26,P05:RRP_A_resource_relevance,Only broad small-IT/product-class evidence is available; no strong product-specific resource concentration evidence.,WHOLE_DEVICE,"{""E001"": ""PRIMARY""}",PRIMARY_REQUIRED,1,"[""E001""]",[],[],MANUALLY_REVIEWED_2026-09-26,ANCHOR_BECOMES_UNSUPPORTED,,[],UNSUPPORTED_AFTER_SOURCE_ABLATION,UNCHANGED_IF_SUPPORT_REMAINS,UNCHANGED_IF_SUPPORT_REMAINS,UNITAR class/material context is the only external anchor for the conservative class-level resource state.,MANUAL:P05:RRP_A_resource_relevance
5,device:computer_keyboard,SMALL_PERIPHERAL,RRP,RRP_B_recovery_maturity,2.0,"[2, 3]",LITERATURE_SYNTHESIS,MEDIUM,"[""E002"", ""E010""]",E002: Article 4; Article 6(2); Article 15(1); Annexes III–IV | E010: Abstract; Sections 3–4; Conclusions,General WEEE recovery pathways apply to small computing peripherals.,MEDIUM,"Established general recycling, less specialist than high-value component feeds.",REVIEWED_2026-09-26,P05:RRP_B_recovery_maturity,General WEEE recovery pathways apply to small computing peripherals.,WHOLE_DEVICE,"{""E010"": ""PRIMARY"", ""E002"": ""CONTEXT_ONLY""}",PRIMARY_REQUIRED,1,"[""E010""]",[],"[""E002""]",MANUALLY_REVIEWED_2026-09-26,ANCHOR_DOWNGRADES_TO_MODEL_RATIONALE,2.0,"[1, 2, 3]",MODEL_RATIONALE_AFTER_SOURCE_ABLATION,UNCHANGED_IF_SUPPORT_REMAINS,UNCHANGED_IF_SUPPORT_REMAINS,Peer-reviewed WEEE recovery review is the technical primary; general WEEE legislation is contextual.,MANUAL:P05:RRP_B_recovery_maturity
5,device:computer_keyboard,SMALL_PERIPHERAL,RRP,RRP_C_feed_specificity,2.0,"[2, 3]",MODEL_RATIONALE,LOW,"[""E001""]",E001: Zenodo record; UNU-KEY v2 descriptions; Annex 6 average weights; Annex 7 material composition; Tables 26–27,The item is identifiable but contains mixed plastics/electronics with sparse product-specific composition evidence.,HIGH,"Broad, conservative feed-specificity assumption.",REVIEWED_2026-09-26,P05:RRP_C_feed_specificity,The item is identifiable but contains mixed plastics/electronics with sparse product-specific composition evidence.,WHOLE_DEVICE,"{""E001"": ""CONTEXT_ONLY""}",NONE_REQUIRED,0,[],[],"[""E001""]",NOT_EXTERNAL,KEEP_DECLARED_RATIONALE_OR_STATE,,[],MODEL_RATIONALE,UNCHANGED_IF_SUPPORT_REMAINS,UNCHANGED_IF_SUPPORT_REMAINS,Non-external row; no external source dependency claim.,NON_EXTERNAL
5,device:computer_keyboard,SMALL_PERIPHERAL,WRO,WRO_A_product_reuse,3.0,"[2, 3]",LITERATURE_SYNTHESIS,MEDIUM,"[""E011"", ""E002""]",E011: UNEP/CHW.11/INF/12/Rev.1; introductory scope and refurbishment/repair process guidance | E002: Article 4; Article 6(2); Article 15(1); Annexes III–IV,PACE scope includes computer mice/keyboards/peripherals and addresses refurbishment/repair pathways.,MEDIUM,Meaningful pathway relevance; functionality still unknown.,REVIEWED_2026-09-26,P05:WRO_A_product_reuse,PACE scope includes computer mice/keyboards/peripherals and addresses refurbishment/repair pathways.,WHOLE_DEVICE,"{""E011"": ""PRIMARY"", ""E002"": ""CONTEXT_ONLY""}",PRIMARY_REQUIRED,1,"[""E011""]",[],"[""E002""]",MANUALLY_REVIEWED_2026-09-26,ANCHOR_BECOMES_UNSUPPORTED,,[],UNSUPPORTED_AFTER_SOURCE_ABLATION,UNCHANGED_IF_SUPPORT_REMAINS,UNCHANGED_IF_SUPPORT_REMAINS,PACE computing/peripheral refurbishment guidance is required; general WEEE context cannot substitute.,MANUAL:P05:WRO_A_product_reuse
5,device:computer_keyboard,SMALL_PERIPHERAL,CSO,CSO_A_component_salvage,2.0,"[1, 2, 3]",MODEL_RATIONALE,LOW,"[""E011""]",E011: UNEP/CHW.11/INF/12/Rev.1; introductory scope and refurbishment/repair process guidance,Peripheral components may be reusable but product-specific evidence is limited.,HIGH,Moderate-low parts opportunity by transparent rationale.,REVIEWED_2026-09-26,P05:CSO_A_component_salvage,Peripheral components may be reusable but product-specific evidence is limited.,WHOLE_DEVICE,"{""E011"": ""CONTEXT_ONLY""}",NONE_REQUIRED,0,[],[],"[""E011""]",NOT_EXTERNAL,KEEP_DECLARED_RATIONALE_OR_STATE,,[],MODEL_RATIONALE,UNCHANGED_IF_SUPPORT_REMAINS,UNCHANGED_IF_SUPPORT_REMAINS,Non-external row; no external source dependency claim.,NON_EXTERNAL
5,device:computer_keyboard,SMALL_PERIPHERAL,TPC,TPC_A_specialist_requirement,1.0,"[1, 2]",MODEL_RATIONALE,LOW,"[""E002""]",E002: Article 4; Article 6(2); Article 15(1); Annexes III–IV,No class-specific evidence that specialist treatment is normally central beyond general WEEE management.,HIGH,General handling dominates.,REVIEWED_2026-09-26,P05:TPC_A_specialist_requirement,No class-specific evidence that specialist treatment is normally central beyond general WEEE management.,WHOLE_DEVICE,"{""E002"": ""CONTEXT_ONLY""}",NONE_REQUIRED,0,[],[],"[""E002""]",NOT_EXTERNAL,KEEP_DECLARED_RATIONALE_OR_STATE,,[],MODEL_RATIONALE,UNCHANGED_IF_SUPPORT_REMAINS,UNCHANGED_IF_SUPPORT_REMAINS,Non-external row; no external source dependency claim.,NON_EXTERNAL
5,device:computer_keyboard,SMALL_PERIPHERAL,TPC,TPC_B_separation_complexity,2.0,"[1, 2, 3]",MODEL_RATIONALE,LOW,"[""E010""]",E010: Abstract; Sections 3–4; Conclusions,Small peripherals require some separation but are less complex than PCB/battery/CRT specialist feeds.,HIGH,Broad structural rationale.,REVIEWED_2026-09-26,P05:TPC_B_separation_complexity,Small peripherals require some separation but are less complex than PCB/battery/CRT specialist feeds.,WHOLE_DEVICE,"{""E010"": ""CONTEXT_ONLY""}",NONE_REQUIRED,0,[],[],"[""E010""]",NOT_EXTERNAL,KEEP_DECLARED_RATIONALE_OR_STATE,,[],MODEL_RATIONALE,UNCHANGED_IF_SUPPORT_REMAINS,UNCHANGED_IF_SUPPORT_REMAINS,Non-external row; no external source dependency claim.,NON_EXTERNAL
5,device:computer_keyboard,SMALL_PERIPHERAL,TPC,TPC_C_screening_relevance,1.0,"[1, 2]",LITERATURE_SYNTHESIS,LOW,"[""E002"", ""E003""]","E002: Article 4; Article 6(2); Article 15(1); Annexes III–IV | E003: Questions 1–4, 8, 10–13",General WEEE screening context applies but no stronger class-specific hazard signal is justified.,HIGH,Low class-specific screening relevance.,REVIEWED_2026-09-26,P05:TPC_C_screening_relevance,General WEEE screening context applies but no stronger class-specific hazard signal is justified.,WHOLE_DEVICE,"{""E003"": ""PRIMARY"", ""E002"": ""CONTEXT_ONLY""}",PRIMARY_REQUIRED,1,"[""E003""]",[],"[""E002""]",MANUALLY_REVIEWED_2026-09-26,ANCHOR_DOWNGRADES_TO_MODEL_RATIONALE,1.0,"[1, 2]",MODEL_RATIONALE_AFTER_SOURCE_ABLATION,UNCHANGED_IF_SUPPORT_REMAINS,UNCHANGED_IF_SUPPORT_REMAINS,Basel e-waste screening is primary; WEEE legislation is contextual and cannot preserve the claim by itself.,MANUAL:P05:TPC_C_screening_relevance
5,device:computer_keyboard,SMALL_PERIPHERAL,WRO,WRO_B_visual_integrity,,"[1, 2, 3, 4]",FROZEN_SEMANTIC,IMAGE_STATE_REQUIRED,[],,Image-derived whole-device state required.,IMAGE_SPECIFIC,No generic parent-level image condition/completeness value is authored.,REVIEWED_2026-09-26,P05:WRO_B_visual_integrity,Image-derived whole-device state required.,WHOLE_DEVICE,{},NONE_REQUIRED,0,[],[],[],NOT_EXTERNAL,KEEP_DECLARED_RATIONALE_OR_STATE,,[],FROZEN_SEMANTIC,UNCHANGED_IF_SUPPORT_REMAINS,UNCHANGED_IF_SUPPORT_REMAINS,Non-external row; no external source dependency claim.,NON_EXTERNAL
5,device:computer_keyboard,SMALL_PERIPHERAL,WRO,WRO_C_configuration_completeness,,"[1, 2, 3, 4]",FROZEN_SEMANTIC,IMAGE_STATE_REQUIRED,[],,Image-derived whole-device state required.,IMAGE_SPECIFIC,No generic parent-level image condition/completeness value is authored.,REVIEWED_2026-09-26,P05:WRO_C_configuration_completeness,Image-derived whole-device state required.,WHOLE_DEVICE,{},NONE_REQUIRED,0,[],[],[],NOT_EXTERNAL,KEEP_DECLARED_RATIONALE_OR_STATE,,[],FROZEN_SEMANTIC,UNCHANGED_IF_SUPPORT_REMAINS,UNCHANGED_IF_SUPPORT_REMAINS,Non-external row; no external source dependency claim.,NON_EXTERNAL
5,device:computer_keyboard,SMALL_PERIPHERAL,CSO,CSO_B_accessibility_dismantling,,"[1, 2, 3, 4]",FROZEN_SEMANTIC,IMAGE_STATE_OPTIONAL,[],,Image-derived accessibility/dismantling state only.,IMAGE_SPECIFIC,No parent-level accessibility state is invented.,REVIEWED_2026-09-26,P05:CSO_B_accessibility_dismantling,Image-derived accessibility/dismantling state only.,WHOLE_DEVICE,{},NONE_REQUIRED,0,[],[],[],NOT_EXTERNAL,KEEP_DECLARED_RATIONALE_OR_STATE,,[],FROZEN_SEMANTIC,UNCHANGED_IF_SUPPORT_REMAINS,UNCHANGED_IF_SUPPORT_REMAINS,Non-external row; no external source dependency claim.,NON_EXTERNAL
5,device:computer_keyboard,SMALL_PERIPHERAL,CSO,CSO_C_component_specificity,2.0,"[1, 2, 3]",MODEL_RATIONALE,MEDIUM,[],,Identifiable component/subassembly opportunity at the product/component-family level.,MEDIUM,Small peripherals contain limited but identifiable electronic/mechanical subassemblies.,REVIEWED_2026-09-26,P05:CSO_C_component_specificity,Identifiable component/subassembly opportunity at the product/component-family level.,WHOLE_DEVICE,{},NONE_REQUIRED,0,[],[],[],NOT_EXTERNAL,KEEP_DECLARED_RATIONALE_OR_STATE,,[],MODEL_RATIONALE,UNCHANGED_IF_SUPPORT_REMAINS,UNCHANGED_IF_SUPPORT_REMAINS,Non-external row; no external source dependency claim.,NON_EXTERNAL
6,device:laptop,LAPTOP,RRP,RRP_A_resource_relevance,4.0,"[3, 4]",LITERATURE_SYNTHESIS,HIGH,"[""E001"", ""E005""]",E001: Zenodo record; UNU-KEY v2 descriptions; Annex 6 average weights; Annex 7 material composition; Tables 26–27 | E005: E-scrap page; “What can Umicore recycle?” feed list and sampling/assay description,Laptops are electronics-rich accepted specialist e-scrap feeds and have broad material-composition evidence.,MEDIUM,High resource relevance without item composition claim.,REVIEWED_2026-09-26,P06:RRP_A_resource_relevance,Laptops are electronics-rich accepted specialist e-scrap feeds and have broad material-composition evidence.,WHOLE_DEVICE,"{""E001"": ""PRIMARY"", ""E005"": ""CORROBORATING""}",PRIMARY_REQUIRED,1,"[""E001""]","[""E005""]",[],MANUALLY_REVIEWED_2026-09-26,ANCHOR_BECOMES_UNSUPPORTED,,[],UNSUPPORTED_AFTER_SOURCE_ABLATION,UNCHANGED_IF_SUPPORT_REMAINS,UNCHANGED_IF_SUPPORT_REMAINS,UNITAR class/material context is primary; industrial laptop/e-scrap acceptance corroborates resource relevance.,MANUAL:P06:RRP_A_resource_relevance
6,device:laptop,LAPTOP,RRP,RRP_B_recovery_maturity,4.0,"[3, 4]",LITERATURE_SYNTHESIS,HIGH,"[""E005"", ""E010"", ""E011""]",E005: E-scrap page; “What can Umicore recycle?” feed list and sampling/assay description | E010: Abstract; Sections 3–4; Conclusions | E011: UNEP/CHW.11/INF/12/Rev.1; introductory scope and refurbishment/repair process guidance,Specialist e-scrap recovery and computing-equipment recycling pathways are established.,LOW,Mature pathway.,REVIEWED_2026-09-26,P06:RRP_B_recovery_maturity,Specialist e-scrap recovery and computing-equipment recycling pathways are established.,WHOLE_DEVICE,"{""E005"": ""PRIMARY"", ""E011"": ""PRIMARY"", ""E010"": ""CORROBORATING""}",ALL,2,"[""E005"", ""E011""]","[""E010""]",[],MANUALLY_REVIEWED_2026-09-26,ANCHOR_DOWNGRADES_TO_MODEL_RATIONALE,4.0,"[3, 4]",MODEL_RATIONALE_AFTER_SOURCE_ABLATION,UNCHANGED_IF_SUPPORT_REMAINS,BROADEN_IF_SUPPORT_REMAINS,Computing-specific management/refurbishment scope and an industrial laptop/e-scrap route are both required for the strongest laptop maturity anchor.,MANUAL:P06:RRP_B_recovery_maturity
6,device:laptop,LAPTOP,RRP,RRP_C_feed_specificity,3.0,"[3, 4]",LITERATURE_SYNTHESIS,MEDIUM,"[""E005"", ""E011""]",E005: E-scrap page; “What can Umicore recycle?” feed list and sampling/assay description | E011: UNEP/CHW.11/INF/12/Rev.1; introductory scope and refurbishment/repair process guidance,"Laptop is an identifiable electronics feed but contains screen, battery and multiple subassemblies.",MEDIUM,"Specific whole-product feed, less concentrated than separated boards/components.",REVIEWED_2026-09-26,P06:RRP_C_feed_specificity,"Laptop is an identifiable electronics feed but contains screen, battery and multiple subassemblies.",WHOLE_DEVICE,"{""E005"": ""PRIMARY"", ""E011"": ""PRIMARY""}",ALL,2,"[""E005"", ""E011""]",[],[],MANUALLY_REVIEWED_2026-09-26,ANCHOR_DOWNGRADES_TO_MODEL_RATIONALE,3.0,"[2, 3, 4]",MODEL_RATIONALE_AFTER_SOURCE_ABLATION,UNCHANGED_IF_SUPPORT_REMAINS,UNCHANGED_IF_SUPPORT_REMAINS,Both feed/product applicability and specialist handling evidence are required; otherwise only a broader model-rationale state remains.,MANUAL:P06:RRP_C_feed_specificity
6,device:laptop,LAPTOP,WRO,WRO_A_product_reuse,4.0,"[3, 4]",DIRECT_LITERATURE,HIGH,"[""E011"", ""E002""]",E011: UNEP/CHW.11/INF/12/Rev.1; introductory scope and refurbishment/repair process guidance | E002: Article 4; Article 6(2); Article 15(1); Annexes III–IV,"PACE explicitly covers laptop testing, refurbishment and repair; WEEE framework supports preparing for reuse.",LOW,"Strong reuse relevance, functionality unobserved.",REVIEWED_2026-09-26,P06:WRO_A_product_reuse,"PACE explicitly covers laptop testing, refurbishment and repair; WEEE framework supports preparing for reuse.",WHOLE_DEVICE,"{""E011"": ""PRIMARY"", ""E002"": ""CONTEXT_ONLY""}",PRIMARY_REQUIRED,1,"[""E011""]",[],"[""E002""]",MANUALLY_REVIEWED_2026-09-26,ANCHOR_BECOMES_UNSUPPORTED,,[],UNSUPPORTED_AFTER_SOURCE_ABLATION,UNCHANGED_IF_SUPPORT_REMAINS,UNCHANGED_IF_SUPPORT_REMAINS,PACE computing/peripheral refurbishment guidance is required; general WEEE context cannot substitute.,MANUAL:P06:WRO_A_product_reuse
6,device:laptop,LAPTOP,CSO,CSO_A_component_salvage,4.0,"[3, 4]",LITERATURE_SYNTHESIS,HIGH,"[""E011"", ""E005""]",E011: UNEP/CHW.11/INF/12/Rev.1; introductory scope and refurbishment/repair process guidance | E005: E-scrap page; “What can Umicore recycle?” feed list and sampling/assay description,Computing-equipment guidance and specialist e-scrap acceptance support substantial component/parts pathways.,MEDIUM,High parts opportunity with model/configuration dependence.,REVIEWED_2026-09-26,P06:CSO_A_component_salvage,Computing-equipment guidance and specialist e-scrap acceptance support substantial component/parts pathways.,WHOLE_DEVICE,"{""E011"": ""PRIMARY"", ""E005"": ""CORROBORATING""}",PRIMARY_REQUIRED,1,"[""E011""]","[""E005""]",[],MANUALLY_REVIEWED_2026-09-26,ANCHOR_DOWNGRADES_TO_MODEL_RATIONALE,4.0,"[3, 4]",MODEL_RATIONALE_AFTER_SOURCE_ABLATION,UNCHANGED_IF_SUPPORT_REMAINS,BROADEN_IF_SUPPORT_REMAINS,Computing-equipment refurbishment/repair is primary; industrial electronics feed evidence corroborates component recovery relevance.,MANUAL:P06:CSO_A_component_salvage
6,device:laptop,LAPTOP,TPC,TPC_A_specialist_requirement,3.0,"[2, 3]",LITERATURE_SYNTHESIS,MEDIUM,"[""E005"", ""E010"", ""E011""]",E005: E-scrap page; “What can Umicore recycle?” feed list and sampling/assay description | E010: Abstract; Sections 3–4; Conclusions | E011: UNEP/CHW.11/INF/12/Rev.1; introductory scope and refurbishment/repair process guidance,Appropriate processing can require specialist e-scrap handling and subsystem separation.,MEDIUM,Moderate-high specialist relevance.,REVIEWED_2026-09-26,P06:TPC_A_specialist_requirement,Appropriate processing can require specialist e-scrap handling and subsystem separation.,WHOLE_DEVICE,"{""E005"": ""PRIMARY"", ""E011"": ""PRIMARY"", ""E010"": ""CORROBORATING""}",ALL,2,"[""E005"", ""E011""]","[""E010""]",[],MANUALLY_REVIEWED_2026-09-26,ANCHOR_DOWNGRADES_TO_MODEL_RATIONALE,3.0,"[2, 3, 4]",MODEL_RATIONALE_AFTER_SOURCE_ABLATION,UNCHANGED_IF_SUPPORT_REMAINS,BROADEN_IF_SUPPORT_REMAINS,Computing-specific scope and an industrial electronics route jointly ground the laptop treatment anchor.,MANUAL:P06:TPC_A_specialist_requirement
6,device:laptop,LAPTOP,TPC,TPC_B_separation_complexity,3.0,"[3, 4]",LITERATURE_SYNTHESIS,HIGH,"[""E010"", ""E011""]",E010: Abstract; Sections 3–4; Conclusions | E011: UNEP/CHW.11/INF/12/Rev.1; introductory scope and refurbishment/repair process guidance,"Laptop combines battery, display, boards and structural components and benefits from disassembly.",MEDIUM,Moderate-high separation burden.,REVIEWED_2026-09-26,P06:TPC_B_separation_complexity,"Laptop combines battery, display, boards and structural components and benefits from disassembly.",WHOLE_DEVICE,"{""E011"": ""PRIMARY"", ""E010"": ""CORROBORATING""}",PRIMARY_REQUIRED,1,"[""E011""]","[""E010""]",[],MANUALLY_REVIEWED_2026-09-26,ANCHOR_DOWNGRADES_TO_MODEL_RATIONALE,3.0,"[2, 3, 4]",MODEL_RATIONALE_AFTER_SOURCE_ABLATION,UNCHANGED_IF_SUPPORT_REMAINS,BROADEN_IF_SUPPORT_REMAINS,Computing-equipment management scope is primary; generic WEEE process literature corroborates.,MANUAL:P06:TPC_B_separation_complexity
6,device:laptop,LAPTOP,TPC,TPC_C_screening_relevance,3.0,"[2, 3]",LITERATURE_SYNTHESIS,MEDIUM,"[""E003"", ""E011""]","E003: Questions 1–4, 8, 10–13 | E011: UNEP/CHW.11/INF/12/Rev.1; introductory scope and refurbishment/repair process guidance",Computing equipment may contain components requiring controlled management; actual legal status depends on facts.,HIGH,Meaningful screening relevance.,REVIEWED_2026-09-26,P06:TPC_C_screening_relevance,Computing equipment may contain components requiring controlled management; actual legal status depends on facts.,WHOLE_DEVICE,"{""E003"": ""PRIMARY"", ""E011"": ""CORROBORATING""}",PRIMARY_PLUS_CORROBORATION,2,"[""E003""]","[""E011""]",[],MANUALLY_REVIEWED_2026-09-26,ANCHOR_DOWNGRADES_TO_MODEL_RATIONALE,3.0,"[2, 3, 4]",MODEL_RATIONALE_AFTER_SOURCE_ABLATION,UNCHANGED_IF_SUPPORT_REMAINS,UNCHANGED_IF_SUPPORT_REMAINS,Basel screening must be coupled to computing-equipment applicability.,MANUAL:P06:TPC_C_screening_relevance
6,device:laptop,LAPTOP,WRO,WRO_B_visual_integrity,,"[1, 2, 3, 4]",FROZEN_SEMANTIC,IMAGE_STATE_REQUIRED,[],,Image-derived whole-device state required.,IMAGE_SPECIFIC,No generic parent-level image condition/completeness value is authored.,REVIEWED_2026-09-26,P06:WRO_B_visual_integrity,Image-derived whole-device state required.,WHOLE_DEVICE,{},NONE_REQUIRED,0,[],[],[],NOT_EXTERNAL,KEEP_DECLARED_RATIONALE_OR_STATE,,[],FROZEN_SEMANTIC,UNCHANGED_IF_SUPPORT_REMAINS,UNCHANGED_IF_SUPPORT_REMAINS,Non-external row; no external source dependency claim.,NON_EXTERNAL
6,device:laptop,LAPTOP,WRO,WRO_C_configuration_completeness,,"[1, 2, 3, 4]",FROZEN_SEMANTIC,IMAGE_STATE_REQUIRED,[],,Image-derived whole-device state required.,IMAGE_SPECIFIC,No generic parent-level image condition/completeness value is authored.,REVIEWED_2026-09-26,P06:WRO_C_configuration_completeness,Image-derived whole-device state required.,WHOLE_DEVICE,{},NONE_REQUIRED,0,[],[],[],NOT_EXTERNAL,KEEP_DECLARED_RATIONALE_OR_STATE,,[],FROZEN_SEMANTIC,UNCHANGED_IF_SUPPORT_REMAINS,UNCHANGED_IF_SUPPORT_REMAINS,Non-external row; no external source dependency claim.,NON_EXTERNAL
6,device:laptop,LAPTOP,CSO,CSO_B_accessibility_dismantling,,"[1, 2, 3, 4]",FROZEN_SEMANTIC,IMAGE_STATE_OPTIONAL,[],,Image-derived accessibility/dismantling state only.,IMAGE_SPECIFIC,No parent-level accessibility state is invented.,REVIEWED_2026-09-26,P06:CSO_B_accessibility_dismantling,Image-derived accessibility/dismantling state only.,WHOLE_DEVICE,{},NONE_REQUIRED,0,[],[],[],NOT_EXTERNAL,KEEP_DECLARED_RATIONALE_OR_STATE,,[],FROZEN_SEMANTIC,UNCHANGED_IF_SUPPORT_REMAINS,UNCHANGED_IF_SUPPORT_REMAINS,Non-external row; no external source dependency claim.,NON_EXTERNAL
6,device:laptop,LAPTOP,CSO,CSO_C_component_specificity,4.0,"[3, 4]",LITERATURE_SYNTHESIS,MEDIUM,"[""E011"", ""E005""]",E011: UNEP/CHW.11/INF/12/Rev.1; introductory scope and refurbishment/repair process guidance | E005: E-scrap page; “What can Umicore recycle?” feed list and sampling/assay description,Identifiable component/subassembly opportunity at the product/component-family level.,MEDIUM,Laptops contain multiple identifiable repair/recovery subassemblies and components.,REVIEWED_2026-09-26,P06:CSO_C_component_specificity,Identifiable component/subassembly opportunity at the product/component-family level.,WHOLE_DEVICE,"{""E011"": ""PRIMARY"", ""E005"": ""CORROBORATING""}",PRIMARY_REQUIRED,1,"[""E011""]","[""E005""]",[],MANUALLY_REVIEWED_2026-09-26,ANCHOR_DOWNGRADES_TO_MODEL_RATIONALE,4.0,"[3, 4]",MODEL_RATIONALE_AFTER_SOURCE_ABLATION,UNCHANGED_IF_SUPPORT_REMAINS,BROADEN_IF_SUPPORT_REMAINS,Computing-equipment refurbishment/repair is primary; industrial electronics feed evidence corroborates component recovery relevance.,MANUAL:P06:CSO_C_component_specificity
7,device:microwave_oven,MICROWAVE,RRP,RRP_A_resource_relevance,3.0,"[2, 3]",LITERATURE_SYNTHESIS,MEDIUM,"[""E001"", ""E007""]","E001: Zenodo record; UNU-KEY v2 descriptions; Annex 6 average weights; Annex 7 material composition; Tables 26–27 | E007: Product-centric discussion; Section 9.5; Table 39, printed p.223",Appliance/product-centric evidence supports significant recoverable bulk materials but not precious-metal concentration.,HIGH,Moderate-high bulk resource relevance.,REVIEWED_2026-09-26,P07:RRP_A_resource_relevance,Appliance/product-centric evidence supports significant recoverable bulk materials but not precious-metal concentration.,WHOLE_DEVICE,"{""E001"": ""PRIMARY"", ""E007"": ""CORROBORATING""}",PRIMARY_REQUIRED,1,"[""E001""]","[""E007""]",[],MANUALLY_REVIEWED_2026-09-26,ANCHOR_BECOMES_UNSUPPORTED,,[],UNSUPPORTED_AFTER_SOURCE_ABLATION,UNCHANGED_IF_SUPPORT_REMAINS,BROADEN_IF_SUPPORT_REMAINS,UNITAR is primary; the IRP complex-product analogue helps bound a high-transfer class prior.,MANUAL:P07:RRP_A_resource_relevance
7,device:microwave_oven,MICROWAVE,RRP,RRP_B_recovery_maturity,3.0,"[2, 3]",LITERATURE_SYNTHESIS,MEDIUM,"[""E002"", ""E010""]",E002: Article 4; Article 6(2); Article 15(1); Annexes III–IV | E010: Abstract; Sections 3–4; Conclusions,General appliance/WEEE recovery and separation pathways are established.,MEDIUM,Established recovery pathway.,REVIEWED_2026-09-26,P07:RRP_B_recovery_maturity,General appliance/WEEE recovery and separation pathways are established.,WHOLE_DEVICE,"{""E010"": ""PRIMARY"", ""E002"": ""CONTEXT_ONLY""}",PRIMARY_REQUIRED,1,"[""E010""]",[],"[""E002""]",MANUALLY_REVIEWED_2026-09-26,ANCHOR_DOWNGRADES_TO_MODEL_RATIONALE,3.0,"[2, 3, 4]",MODEL_RATIONALE_AFTER_SOURCE_ABLATION,UNCHANGED_IF_SUPPORT_REMAINS,UNCHANGED_IF_SUPPORT_REMAINS,Peer-reviewed WEEE recovery review is the technical primary; general WEEE legislation is contextual.,MANUAL:P07:RRP_B_recovery_maturity
7,device:microwave_oven,MICROWAVE,RRP,RRP_C_feed_specificity,3.0,"[2, 3]",MODEL_RATIONALE,MEDIUM,"[""E001""]",E001: Zenodo record; UNU-KEY v2 descriptions; Annex 6 average weights; Annex 7 material composition; Tables 26–27,Microwave is a clearly identifiable appliance feed with separable structural/electrical components.,MEDIUM,"Product-specific feed, not a concentrated electronic component feed.",REVIEWED_2026-09-26,P07:RRP_C_feed_specificity,Microwave is a clearly identifiable appliance feed with separable structural/electrical components.,WHOLE_DEVICE,"{""E001"": ""CONTEXT_ONLY""}",NONE_REQUIRED,0,[],[],"[""E001""]",NOT_EXTERNAL,KEEP_DECLARED_RATIONALE_OR_STATE,,[],MODEL_RATIONALE,UNCHANGED_IF_SUPPORT_REMAINS,UNCHANGED_IF_SUPPORT_REMAINS,Non-external row; no external source dependency claim.,NON_EXTERNAL
7,device:microwave_oven,MICROWAVE,WRO,WRO_A_product_reuse,2.0,"[1, 2]",MODEL_RATIONALE,LOW,"[""E002""]",E002: Article 4; Article 6(2); Article 15(1); Annexes III–IV,Whole appliance reuse is plausible but no product-specific reuse evidence is used.,HIGH,Conservative rationale; functionality unknown.,REVIEWED_2026-09-26,P07:WRO_A_product_reuse,Whole appliance reuse is plausible but no product-specific reuse evidence is used.,WHOLE_DEVICE,"{""E002"": ""CONTEXT_ONLY""}",NONE_REQUIRED,0,[],[],"[""E002""]",NOT_EXTERNAL,KEEP_DECLARED_RATIONALE_OR_STATE,,[],MODEL_RATIONALE,UNCHANGED_IF_SUPPORT_REMAINS,UNCHANGED_IF_SUPPORT_REMAINS,Non-external row; no external source dependency claim.,NON_EXTERNAL
7,device:microwave_oven,MICROWAVE,CSO,CSO_A_component_salvage,2.0,"[1, 2, 3]",MODEL_RATIONALE,LOW,[],,"Some components may be salvageable, but direct evidence is sparse.",HIGH,Transparent model rationale.,REVIEWED_2026-09-26,P07:CSO_A_component_salvage,"Some components may be salvageable, but direct evidence is sparse.",WHOLE_DEVICE,{},NONE_REQUIRED,0,[],[],[],NOT_EXTERNAL,KEEP_DECLARED_RATIONALE_OR_STATE,,[],MODEL_RATIONALE,UNCHANGED_IF_SUPPORT_REMAINS,UNCHANGED_IF_SUPPORT_REMAINS,Non-external row; no external source dependency claim.,NON_EXTERNAL
7,device:microwave_oven,MICROWAVE,TPC,TPC_A_specialist_requirement,2.0,"[2, 3]",LITERATURE_SYNTHESIS,MEDIUM,"[""E002"", ""E010""]",E002: Article 4; Article 6(2); Article 15(1); Annexes III–IV | E010: Abstract; Sections 3–4; Conclusions,General controlled WEEE treatment is relevant without evidence that a specialist route is universally central.,MEDIUM,Moderate-low specialist requirement.,REVIEWED_2026-09-26,P07:TPC_A_specialist_requirement,General controlled WEEE treatment is relevant without evidence that a specialist route is universally central.,WHOLE_DEVICE,"{""E010"": ""PRIMARY"", ""E002"": ""CONTEXT_ONLY""}",PRIMARY_REQUIRED,1,"[""E010""]",[],"[""E002""]",MANUALLY_REVIEWED_2026-09-26,ANCHOR_DOWNGRADES_TO_MODEL_RATIONALE,2.0,"[1, 2, 3]",MODEL_RATIONALE_AFTER_SOURCE_ABLATION,UNCHANGED_IF_SUPPORT_REMAINS,UNCHANGED_IF_SUPPORT_REMAINS,Technical recovery review is primary; legislation is context only.,MANUAL:P07:TPC_A_specialist_requirement
7,device:microwave_oven,MICROWAVE,TPC,TPC_B_separation_complexity,3.0,"[2, 3]",MODEL_RATIONALE,MEDIUM,"[""E010""]",E010: Abstract; Sections 3–4; Conclusions,Electro-mechanical appliance requires disassembly/separation of structural and electrical parts.,MEDIUM,Moderate-high separation burden.,REVIEWED_2026-09-26,P07:TPC_B_separation_complexity,Electro-mechanical appliance requires disassembly/separation of structural and electrical parts.,WHOLE_DEVICE,"{""E010"": ""CONTEXT_ONLY""}",NONE_REQUIRED,0,[],[],"[""E010""]",NOT_EXTERNAL,KEEP_DECLARED_RATIONALE_OR_STATE,,[],MODEL_RATIONALE,UNCHANGED_IF_SUPPORT_REMAINS,UNCHANGED_IF_SUPPORT_REMAINS,Non-external row; no external source dependency claim.,NON_EXTERNAL
7,device:microwave_oven,MICROWAVE,TPC,TPC_C_screening_relevance,2.0,"[2, 3]",LITERATURE_SYNTHESIS,LOW,"[""E002"", ""E003""]","E002: Article 4; Article 6(2); Article 15(1); Annexes III–IV | E003: Questions 1–4, 8, 10–13",General WEEE screening context applies; no image-derived hazardous constituent claim.,HIGH,Moderate-low screening relevance.,REVIEWED_2026-09-26,P07:TPC_C_screening_relevance,General WEEE screening context applies; no image-derived hazardous constituent claim.,WHOLE_DEVICE,"{""E003"": ""PRIMARY"", ""E002"": ""CONTEXT_ONLY""}",PRIMARY_REQUIRED,1,"[""E003""]",[],"[""E002""]",MANUALLY_REVIEWED_2026-09-26,ANCHOR_DOWNGRADES_TO_MODEL_RATIONALE,2.0,"[1, 2, 3]",MODEL_RATIONALE_AFTER_SOURCE_ABLATION,UNCHANGED_IF_SUPPORT_REMAINS,UNCHANGED_IF_SUPPORT_REMAINS,Basel e-waste screening is primary; WEEE legislation is contextual and cannot preserve the claim by itself.,MANUAL:P07:TPC_C_screening_relevance
7,device:microwave_oven,MICROWAVE,WRO,WRO_B_visual_integrity,,"[1, 2, 3, 4]",FROZEN_SEMANTIC,IMAGE_STATE_REQUIRED,[],,Image-derived whole-device state required.,IMAGE_SPECIFIC,No generic parent-level image condition/completeness value is authored.,REVIEWED_2026-09-26,P07:WRO_B_visual_integrity,Image-derived whole-device state required.,WHOLE_DEVICE,{},NONE_REQUIRED,0,[],[],[],NOT_EXTERNAL,KEEP_DECLARED_RATIONALE_OR_STATE,,[],FROZEN_SEMANTIC,UNCHANGED_IF_SUPPORT_REMAINS,UNCHANGED_IF_SUPPORT_REMAINS,Non-external row; no external source dependency claim.,NON_EXTERNAL
7,device:microwave_oven,MICROWAVE,WRO,WRO_C_configuration_completeness,,"[1, 2, 3, 4]",FROZEN_SEMANTIC,IMAGE_STATE_REQUIRED,[],,Image-derived whole-device state required.,IMAGE_SPECIFIC,No generic parent-level image condition/completeness value is authored.,REVIEWED_2026-09-26,P07:WRO_C_configuration_completeness,Image-derived whole-device state required.,WHOLE_DEVICE,{},NONE_REQUIRED,0,[],[],[],NOT_EXTERNAL,KEEP_DECLARED_RATIONALE_OR_STATE,,[],FROZEN_SEMANTIC,UNCHANGED_IF_SUPPORT_REMAINS,UNCHANGED_IF_SUPPORT_REMAINS,Non-external row; no external source dependency claim.,NON_EXTERNAL
7,device:microwave_oven,MICROWAVE,CSO,CSO_B_accessibility_dismantling,,"[1, 2, 3, 4]",FROZEN_SEMANTIC,IMAGE_STATE_OPTIONAL,[],,Image-derived accessibility/dismantling state only.,IMAGE_SPECIFIC,No parent-level accessibility state is invented.,REVIEWED_2026-09-26,P07:CSO_B_accessibility_dismantling,Image-derived accessibility/dismantling state only.,WHOLE_DEVICE,{},NONE_REQUIRED,0,[],[],[],NOT_EXTERNAL,KEEP_DECLARED_RATIONALE_OR_STATE,,[],FROZEN_SEMANTIC,UNCHANGED_IF_SUPPORT_REMAINS,UNCHANGED_IF_SUPPORT_REMAINS,Non-external row; no external source dependency claim.,NON_EXTERNAL
7,device:microwave_oven,MICROWAVE,CSO,CSO_C_component_specificity,2.0,"[1, 2, 3]",MODEL_RATIONALE,MEDIUM,[],,Identifiable component/subassembly opportunity at the product/component-family level.,MEDIUM,Electro-mechanical appliance contains identifiable but not uniformly reusable subassemblies.,REVIEWED_2026-09-26,P07:CSO_C_component_specificity,Identifiable component/subassembly opportunity at the product/component-family level.,WHOLE_DEVICE,{},NONE_REQUIRED,0,[],[],[],NOT_EXTERNAL,KEEP_DECLARED_RATIONALE_OR_STATE,,[],MODEL_RATIONALE,UNCHANGED_IF_SUPPORT_REMAINS,UNCHANGED_IF_SUPPORT_REMAINS,Non-external row; no external source dependency claim.,NON_EXTERNAL
8,scene:mixed_e_waste_accumulation,UNSUPPORTED,RRP,RRP_A_resource_relevance,,[],UNSUPPORTED,UNSUPPORTED,[],,No defensible item-level anchor.,HIGH,Leave unresolved rather than inventing a middle value.,REVIEWED_2026-09-26,P08:RRP_A_resource_relevance,No defensible item-level anchor.,SCENE_OR_RESIDUAL_NA,{},NONE_REQUIRED,0,[],[],[],NOT_EXTERNAL,KEEP_DECLARED_RATIONALE_OR_STATE,,[],UNSUPPORTED,UNCHANGED_IF_SUPPORT_REMAINS,UNCHANGED_IF_SUPPORT_REMAINS,Non-external row; no external source dependency claim.,NON_EXTERNAL
8,scene:mixed_e_waste_accumulation,UNSUPPORTED,RRP,RRP_B_recovery_maturity,,[],UNSUPPORTED,UNSUPPORTED,[],,No defensible item-level anchor.,HIGH,Leave unresolved rather than inventing a middle value.,REVIEWED_2026-09-26,P08:RRP_B_recovery_maturity,No defensible item-level anchor.,SCENE_OR_RESIDUAL_NA,{},NONE_REQUIRED,0,[],[],[],NOT_EXTERNAL,KEEP_DECLARED_RATIONALE_OR_STATE,,[],UNSUPPORTED,UNCHANGED_IF_SUPPORT_REMAINS,UNCHANGED_IF_SUPPORT_REMAINS,Non-external row; no external source dependency claim.,NON_EXTERNAL
8,scene:mixed_e_waste_accumulation,UNSUPPORTED,RRP,RRP_C_feed_specificity,,[],UNSUPPORTED,UNSUPPORTED,[],,No defensible item-level anchor.,HIGH,Leave unresolved rather than inventing a middle value.,REVIEWED_2026-09-26,P08:RRP_C_feed_specificity,No defensible item-level anchor.,SCENE_OR_RESIDUAL_NA,{},NONE_REQUIRED,0,[],[],[],NOT_EXTERNAL,KEEP_DECLARED_RATIONALE_OR_STATE,,[],UNSUPPORTED,UNCHANGED_IF_SUPPORT_REMAINS,UNCHANGED_IF_SUPPORT_REMAINS,Non-external row; no external source dependency claim.,NON_EXTERNAL
8,scene:mixed_e_waste_accumulation,UNSUPPORTED,WRO,WRO_A_product_reuse,,[],UNSUPPORTED,NOT_APPLICABLE,[],,Whole-device reuse is not applicable to this component/scene parent.,HIGH,Whole-device reuse is not a meaningful class-level construct for this parent.,REVIEWED_2026-09-26,P08:WRO_A_product_reuse,Whole-device reuse is not applicable to this component/scene parent.,SCENE_OR_RESIDUAL_NA,{},NONE_REQUIRED,0,[],[],[],NOT_EXTERNAL,KEEP_DECLARED_RATIONALE_OR_STATE,,[],UNSUPPORTED,UNCHANGED_IF_SUPPORT_REMAINS,UNCHANGED_IF_SUPPORT_REMAINS,Non-external row; no external source dependency claim.,NON_EXTERNAL
8,scene:mixed_e_waste_accumulation,UNSUPPORTED,CSO,CSO_A_component_salvage,,[],UNSUPPORTED,UNSUPPORTED,[],,No defensible item-level anchor.,HIGH,Leave unresolved rather than inventing a middle value.,REVIEWED_2026-09-26,P08:CSO_A_component_salvage,No defensible item-level anchor.,SCENE_OR_RESIDUAL_NA,{},NONE_REQUIRED,0,[],[],[],NOT_EXTERNAL,KEEP_DECLARED_RATIONALE_OR_STATE,,[],UNSUPPORTED,UNCHANGED_IF_SUPPORT_REMAINS,UNCHANGED_IF_SUPPORT_REMAINS,Non-external row; no external source dependency claim.,NON_EXTERNAL
8,scene:mixed_e_waste_accumulation,UNSUPPORTED,TPC,TPC_A_specialist_requirement,,[],UNSUPPORTED,UNSUPPORTED,[],,No defensible item-level anchor.,HIGH,Leave unresolved rather than inventing a middle value.,REVIEWED_2026-09-26,P08:TPC_A_specialist_requirement,No defensible item-level anchor.,SCENE_OR_RESIDUAL_NA,{},NONE_REQUIRED,0,[],[],[],NOT_EXTERNAL,KEEP_DECLARED_RATIONALE_OR_STATE,,[],UNSUPPORTED,UNCHANGED_IF_SUPPORT_REMAINS,UNCHANGED_IF_SUPPORT_REMAINS,Non-external row; no external source dependency claim.,NON_EXTERNAL
8,scene:mixed_e_waste_accumulation,UNSUPPORTED,TPC,TPC_B_separation_complexity,,[],UNSUPPORTED,UNSUPPORTED,[],,No defensible item-level anchor.,HIGH,Leave unresolved rather than inventing a middle value.,REVIEWED_2026-09-26,P08:TPC_B_separation_complexity,No defensible item-level anchor.,SCENE_OR_RESIDUAL_NA,{},NONE_REQUIRED,0,[],[],[],NOT_EXTERNAL,KEEP_DECLARED_RATIONALE_OR_STATE,,[],UNSUPPORTED,UNCHANGED_IF_SUPPORT_REMAINS,UNCHANGED_IF_SUPPORT_REMAINS,Non-external row; no external source dependency claim.,NON_EXTERNAL
8,scene:mixed_e_waste_accumulation,UNSUPPORTED,TPC,TPC_C_screening_relevance,,[],UNSUPPORTED,UNSUPPORTED,[],,No defensible item-level anchor.,HIGH,Leave unresolved rather than inventing a middle value.,REVIEWED_2026-09-26,P08:TPC_C_screening_relevance,No defensible item-level anchor.,SCENE_OR_RESIDUAL_NA,{},NONE_REQUIRED,0,[],[],[],NOT_EXTERNAL,KEEP_DECLARED_RATIONALE_OR_STATE,,[],UNSUPPORTED,UNCHANGED_IF_SUPPORT_REMAINS,UNCHANGED_IF_SUPPORT_REMAINS,Non-external row; no external source dependency claim.,NON_EXTERNAL
8,scene:mixed_e_waste_accumulation,UNSUPPORTED,WRO,WRO_B_visual_integrity,,"[1, 2, 3, 4]",FROZEN_SEMANTIC,IMAGE_STATE_REQUIRED,[],,Image-derived whole-device state required.,IMAGE_SPECIFIC,No generic parent-level image condition/completeness value is authored.,REVIEWED_2026-09-26,P08:WRO_B_visual_integrity,Image-derived whole-device state required.,SCENE_OR_RESIDUAL_NA,{},NONE_REQUIRED,0,[],[],[],NOT_EXTERNAL,KEEP_DECLARED_RATIONALE_OR_STATE,,[],FROZEN_SEMANTIC,UNCHANGED_IF_SUPPORT_REMAINS,UNCHANGED_IF_SUPPORT_REMAINS,Non-external row; no external source dependency claim.,NON_EXTERNAL
8,scene:mixed_e_waste_accumulation,UNSUPPORTED,WRO,WRO_C_configuration_completeness,,"[1, 2, 3, 4]",FROZEN_SEMANTIC,IMAGE_STATE_REQUIRED,[],,Image-derived whole-device state required.,IMAGE_SPECIFIC,No generic parent-level image condition/completeness value is authored.,REVIEWED_2026-09-26,P08:WRO_C_configuration_completeness,Image-derived whole-device state required.,SCENE_OR_RESIDUAL_NA,{},NONE_REQUIRED,0,[],[],[],NOT_EXTERNAL,KEEP_DECLARED_RATIONALE_OR_STATE,,[],FROZEN_SEMANTIC,UNCHANGED_IF_SUPPORT_REMAINS,UNCHANGED_IF_SUPPORT_REMAINS,Non-external row; no external source dependency claim.,NON_EXTERNAL
8,scene:mixed_e_waste_accumulation,UNSUPPORTED,CSO,CSO_B_accessibility_dismantling,,"[1, 2, 3, 4]",FROZEN_SEMANTIC,IMAGE_STATE_OPTIONAL,[],,Image-derived accessibility/dismantling state only.,IMAGE_SPECIFIC,No parent-level accessibility state is invented.,REVIEWED_2026-09-26,P08:CSO_B_accessibility_dismantling,Image-derived accessibility/dismantling state only.,SCENE_OR_RESIDUAL_NA,{},NONE_REQUIRED,0,[],[],[],NOT_EXTERNAL,KEEP_DECLARED_RATIONALE_OR_STATE,,[],FROZEN_SEMANTIC,UNCHANGED_IF_SUPPORT_REMAINS,UNCHANGED_IF_SUPPORT_REMAINS,Non-external row; no external source dependency claim.,NON_EXTERNAL
8,scene:mixed_e_waste_accumulation,UNSUPPORTED,CSO,CSO_C_component_specificity,,[],UNSUPPORTED,UNSUPPORTED,[],,Identifiable component/subassembly opportunity at the product/component-family level.,HIGH,No defensible item-level component anchor.,REVIEWED_2026-09-26,P08:CSO_C_component_specificity,Identifiable component/subassembly opportunity at the product/component-family level.,SCENE_OR_RESIDUAL_NA,{},NONE_REQUIRED,0,[],[],[],NOT_EXTERNAL,KEEP_DECLARED_RATIONALE_OR_STATE,,[],UNSUPPORTED,UNCHANGED_IF_SUPPORT_REMAINS,UNCHANGED_IF_SUPPORT_REMAINS,Non-external row; no external source dependency claim.,NON_EXTERNAL
9,device:flat_panel_display,FLAT_DISPLAY,RRP,RRP_A_resource_relevance,2.0,"[2, 3]",LITERATURE_SYNTHESIS,MEDIUM,"[""E001"", ""E010""]",E001: Zenodo record; UNU-KEY v2 descriptions; Annex 6 average weights; Annex 7 material composition; Tables 26–27 | E010: Abstract; Sections 3–4; Conclusions,Display category contains recoverable materials but broad display technology/model is unresolved.,HIGH,Moderate-low resource anchor with transfer risk.,REVIEWED_2026-09-26,P09:RRP_A_resource_relevance,Display category contains recoverable materials but broad display technology/model is unresolved.,WHOLE_DEVICE,"{""E001"": ""PRIMARY"", ""E010"": ""CORROBORATING""}",PRIMARY_REQUIRED,1,"[""E001""]","[""E010""]",[],MANUALLY_REVIEWED_2026-09-26,ANCHOR_BECOMES_UNSUPPORTED,,[],UNSUPPORTED_AFTER_SOURCE_ABLATION,UNCHANGED_IF_SUPPORT_REMAINS,UNCHANGED_IF_SUPPORT_REMAINS,UNITAR product/material context is primary; generic WEEE recovery literature cannot replace it.,MANUAL:P09:RRP_A_resource_relevance
9,device:flat_panel_display,FLAT_DISPLAY,RRP,RRP_B_recovery_maturity,3.0,"[2, 3]",LITERATURE_SYNTHESIS,MEDIUM,"[""E002"", ""E010""]",E002: Article 4; Article 6(2); Article 15(1); Annexes III–IV | E010: Abstract; Sections 3–4; Conclusions,Display/WEEE recovery and separation pathways are established.,MEDIUM,Established recovery pathway.,REVIEWED_2026-09-26,P09:RRP_B_recovery_maturity,Display/WEEE recovery and separation pathways are established.,WHOLE_DEVICE,"{""E010"": ""PRIMARY"", ""E002"": ""CONTEXT_ONLY""}",PRIMARY_REQUIRED,1,"[""E010""]",[],"[""E002""]",MANUALLY_REVIEWED_2026-09-26,ANCHOR_DOWNGRADES_TO_MODEL_RATIONALE,3.0,"[2, 3, 4]",MODEL_RATIONALE_AFTER_SOURCE_ABLATION,UNCHANGED_IF_SUPPORT_REMAINS,UNCHANGED_IF_SUPPORT_REMAINS,Peer-reviewed WEEE recovery review is the technical primary; general WEEE legislation is contextual.,MANUAL:P09:RRP_B_recovery_maturity
9,device:flat_panel_display,FLAT_DISPLAY,RRP,RRP_C_feed_specificity,2.0,"[2, 3]",LITERATURE_SYNTHESIS,LOW,"[""E001""]",E001: Zenodo record; UNU-KEY v2 descriptions; Annex 6 average weights; Annex 7 material composition; Tables 26–27,Broad flat-panel display parent mixes monitor/TV/device technologies.,HIGH,Broad product feed; exact technology unresolved.,REVIEWED_2026-09-26,P09:RRP_C_feed_specificity,Broad flat-panel display parent mixes monitor/TV/device technologies.,WHOLE_DEVICE,"{""E001"": ""PRIMARY""}",PRIMARY_REQUIRED,1,"[""E001""]",[],[],MANUALLY_REVIEWED_2026-09-26,ANCHOR_BECOMES_UNSUPPORTED,,[],UNSUPPORTED_AFTER_SOURCE_ABLATION,UNCHANGED_IF_SUPPORT_REMAINS,UNCHANGED_IF_SUPPORT_REMAINS,Broad display feed specificity is tied to the UNITAR class definition/material context.,MANUAL:P09:RRP_C_feed_specificity
9,device:flat_panel_display,FLAT_DISPLAY,WRO,WRO_A_product_reuse,3.0,"[2, 3]",LITERATURE_SYNTHESIS,MEDIUM,"[""E011"", ""E002""]",E011: UNEP/CHW.11/INF/12/Rev.1; introductory scope and refurbishment/repair process guidance | E002: Article 4; Article 6(2); Article 15(1); Annexes III–IV,"Computing-display refurbishment/reuse guidance exists, but this parent also includes television displays.",HIGH,Meaningful but broad reuse relevance.,REVIEWED_2026-09-26,P09:WRO_A_product_reuse,"Computing-display refurbishment/reuse guidance exists, but this parent also includes television displays.",WHOLE_DEVICE,"{""E011"": ""PRIMARY"", ""E002"": ""CONTEXT_ONLY""}",PRIMARY_REQUIRED,1,"[""E011""]",[],"[""E002""]",MANUALLY_REVIEWED_2026-09-26,ANCHOR_BECOMES_UNSUPPORTED,,[],UNSUPPORTED_AFTER_SOURCE_ABLATION,UNCHANGED_IF_SUPPORT_REMAINS,UNCHANGED_IF_SUPPORT_REMAINS,PACE computing/peripheral refurbishment guidance is required; general WEEE context cannot substitute.,MANUAL:P09:WRO_A_product_reuse
9,device:flat_panel_display,FLAT_DISPLAY,CSO,CSO_A_component_salvage,2.0,"[2, 3]",MODEL_RATIONALE,LOW,"[""E002""]",E002: Article 4; Article 6(2); Article 15(1); Annexes III–IV,Display assemblies contain reusable components but product-specific evidence is limited.,HIGH,Moderate-low component salvage rationale.,REVIEWED_2026-09-26,P09:CSO_A_component_salvage,Display assemblies contain reusable components but product-specific evidence is limited.,WHOLE_DEVICE,"{""E002"": ""CONTEXT_ONLY""}",NONE_REQUIRED,0,[],[],"[""E002""]",NOT_EXTERNAL,KEEP_DECLARED_RATIONALE_OR_STATE,,[],MODEL_RATIONALE,UNCHANGED_IF_SUPPORT_REMAINS,UNCHANGED_IF_SUPPORT_REMAINS,Non-external row; no external source dependency claim.,NON_EXTERNAL
9,device:flat_panel_display,FLAT_DISPLAY,TPC,TPC_A_specialist_requirement,3.0,"[2, 3]",LITERATURE_SYNTHESIS,MEDIUM,"[""E002"", ""E003"", ""E010""]","E002: Article 4; Article 6(2); Article 15(1); Annexes III–IV | E003: Questions 1–4, 8, 10–13 | E010: Abstract; Sections 3–4; Conclusions",Displays/components can require controlled treatment and technology-specific processing.,HIGH,Moderate-high specialist relevance; not legal classification.,REVIEWED_2026-09-26,P09:TPC_A_specialist_requirement,Displays/components can require controlled treatment and technology-specific processing.,WHOLE_DEVICE,"{""E010"": ""PRIMARY"", ""E003"": ""CORROBORATING"", ""E002"": ""CONTEXT_ONLY""}",PRIMARY_REQUIRED,1,"[""E010""]","[""E003""]","[""E002""]",MANUALLY_REVIEWED_2026-09-26,ANCHOR_DOWNGRADES_TO_MODEL_RATIONALE,3.0,"[2, 3, 4]",MODEL_RATIONALE_AFTER_SOURCE_ABLATION,UNCHANGED_IF_SUPPORT_REMAINS,BROADEN_IF_SUPPORT_REMAINS,Technical separation/recovery evidence is primary; Basel screening corroborates specialist relevance and WEEE legislation supplies context.,MANUAL:P09:TPC_A_specialist_requirement
9,device:flat_panel_display,FLAT_DISPLAY,TPC,TPC_B_separation_complexity,3.0,"[2, 3]",LITERATURE_SYNTHESIS,MEDIUM,"[""E010""]",E010: Abstract; Sections 3–4; Conclusions,Display assemblies require material/component separation.,MEDIUM,Moderate-high separation complexity.,REVIEWED_2026-09-26,P09:TPC_B_separation_complexity,Display assemblies require material/component separation.,WHOLE_DEVICE,"{""E010"": ""PRIMARY""}",PRIMARY_REQUIRED,1,"[""E010""]",[],[],MANUALLY_REVIEWED_2026-09-26,ANCHOR_DOWNGRADES_TO_MODEL_RATIONALE,3.0,"[2, 3, 4]",MODEL_RATIONALE_AFTER_SOURCE_ABLATION,UNCHANGED_IF_SUPPORT_REMAINS,UNCHANGED_IF_SUPPORT_REMAINS,Peer-reviewed WEEE separation/recovery literature is primary.,MANUAL:P09:TPC_B_separation_complexity
9,device:flat_panel_display,FLAT_DISPLAY,TPC,TPC_C_screening_relevance,3.0,"[2, 3]",LITERATURE_SYNTHESIS,MEDIUM,"[""E003"", ""E002""]","E003: Questions 1–4, 8, 10–13 | E002: Article 4; Article 6(2); Article 15(1); Annexes III–IV",Basel examples explicitly include certain display devices; actual constituents/legal status are not visible.,HIGH,Meaningful screening relevance.,REVIEWED_2026-09-26,P09:TPC_C_screening_relevance,Basel examples explicitly include certain display devices; actual constituents/legal status are not visible.,WHOLE_DEVICE,"{""E003"": ""PRIMARY"", ""E002"": ""CONTEXT_ONLY""}",PRIMARY_REQUIRED,1,"[""E003""]",[],"[""E002""]",MANUALLY_REVIEWED_2026-09-26,ANCHOR_DOWNGRADES_TO_MODEL_RATIONALE,3.0,"[2, 3, 4]",MODEL_RATIONALE_AFTER_SOURCE_ABLATION,UNCHANGED_IF_SUPPORT_REMAINS,UNCHANGED_IF_SUPPORT_REMAINS,Basel e-waste screening is primary; WEEE legislation is contextual and cannot preserve the claim by itself.,MANUAL:P09:TPC_C_screening_relevance
9,device:flat_panel_display,FLAT_DISPLAY,WRO,WRO_B_visual_integrity,,"[1, 2, 3, 4]",FROZEN_SEMANTIC,IMAGE_STATE_REQUIRED,[],,Image-derived whole-device state required.,IMAGE_SPECIFIC,No generic parent-level image condition/completeness value is authored.,REVIEWED_2026-09-26,P09:WRO_B_visual_integrity,Image-derived whole-device state required.,WHOLE_DEVICE,{},NONE_REQUIRED,0,[],[],[],NOT_EXTERNAL,KEEP_DECLARED_RATIONALE_OR_STATE,,[],FROZEN_SEMANTIC,UNCHANGED_IF_SUPPORT_REMAINS,UNCHANGED_IF_SUPPORT_REMAINS,Non-external row; no external source dependency claim.,NON_EXTERNAL
9,device:flat_panel_display,FLAT_DISPLAY,WRO,WRO_C_configuration_completeness,,"[1, 2, 3, 4]",FROZEN_SEMANTIC,IMAGE_STATE_REQUIRED,[],,Image-derived whole-device state required.,IMAGE_SPECIFIC,No generic parent-level image condition/completeness value is authored.,REVIEWED_2026-09-26,P09:WRO_C_configuration_completeness,Image-derived whole-device state required.,WHOLE_DEVICE,{},NONE_REQUIRED,0,[],[],[],NOT_EXTERNAL,KEEP_DECLARED_RATIONALE_OR_STATE,,[],FROZEN_SEMANTIC,UNCHANGED_IF_SUPPORT_REMAINS,UNCHANGED_IF_SUPPORT_REMAINS,Non-external row; no external source dependency claim.,NON_EXTERNAL
9,device:flat_panel_display,FLAT_DISPLAY,CSO,CSO_B_accessibility_dismantling,,"[1, 2, 3, 4]",FROZEN_SEMANTIC,IMAGE_STATE_OPTIONAL,[],,Image-derived accessibility/dismantling state only.,IMAGE_SPECIFIC,No parent-level accessibility state is invented.,REVIEWED_2026-09-26,P09:CSO_B_accessibility_dismantling,Image-derived accessibility/dismantling state only.,WHOLE_DEVICE,{},NONE_REQUIRED,0,[],[],[],NOT_EXTERNAL,KEEP_DECLARED_RATIONALE_OR_STATE,,[],FROZEN_SEMANTIC,UNCHANGED_IF_SUPPORT_REMAINS,UNCHANGED_IF_SUPPORT_REMAINS,Non-external row; no external source dependency claim.,NON_EXTERNAL
9,device:flat_panel_display,FLAT_DISPLAY,CSO,CSO_C_component_specificity,2.0,"[1, 2, 3]",MODEL_RATIONALE,MEDIUM,[],,Identifiable component/subassembly opportunity at the product/component-family level.,MEDIUM,Display assemblies contain identifiable boards/power/display modules but technology varies.,REVIEWED_2026-09-26,P09:CSO_C_component_specificity,Identifiable component/subassembly opportunity at the product/component-family level.,WHOLE_DEVICE,{},NONE_REQUIRED,0,[],[],[],NOT_EXTERNAL,KEEP_DECLARED_RATIONALE_OR_STATE,,[],MODEL_RATIONALE,UNCHANGED_IF_SUPPORT_REMAINS,UNCHANGED_IF_SUPPORT_REMAINS,Non-external row; no external source dependency claim.,NON_EXTERNAL
10,component:battery_or_cell,BATTERY,RRP,RRP_A_resource_relevance,,"[1, 2, 3, 4]",UNSUPPORTED,UNSUPPORTED,"[""E006""]",E006: “Closing the loop” and “Pyro-hydro technology” sections,Resource concentration is strongly chemistry-dependent; morphology does not establish chemistry.,HIGH,Leave criterion unresolved to enforce chemistry firewall.,REVIEWED_2026-09-26,P10:RRP_A_resource_relevance,Resource concentration is strongly chemistry-dependent; morphology does not establish chemistry.,COMPONENT_LEVEL_NA,"{""E006"": ""CONTEXT_ONLY""}",NONE_REQUIRED,0,[],[],"[""E006""]",NOT_EXTERNAL,KEEP_DECLARED_RATIONALE_OR_STATE,,[],UNSUPPORTED,UNCHANGED_IF_SUPPORT_REMAINS,UNCHANGED_IF_SUPPORT_REMAINS,Non-external row; no external source dependency claim.,NON_EXTERNAL
10,component:battery_or_cell,BATTERY,RRP,RRP_B_recovery_maturity,4.0,"[3, 4]",LITERATURE_SYNTHESIS,HIGH,"[""E006"", ""E013""]",E006: “Closing the loop” and “Pyro-hydro technology” sections | E013: Articles 70–71; Annex XII Parts A–C,Industrial Li-ion recovery plus multi-category waste-battery treatment/recycling requirements support a mature specialist recovery pathway without inferring chemistry.,MEDIUM,Strong pathway maturity; chemistry-specific recovery performance remains unresolved.,REVIEWED_2026-09-26,P10:RRP_B_recovery_maturity,Industrial Li-ion recovery plus multi-category waste-battery treatment/recycling requirements support a mature specialist recovery pathway without inferring chemistry.,COMPONENT_LEVEL_NA,"{""E013"": ""PRIMARY"", ""E006"": ""CORROBORATING""}",PRIMARY_REQUIRED,1,"[""E013""]","[""E006""]",[],MANUALLY_REVIEWED_2026-09-26,ANCHOR_DOWNGRADES_TO_MODEL_RATIONALE,4.0,"[3, 4]",MODEL_RATIONALE_AFTER_SOURCE_ABLATION,UNCHANGED_IF_SUPPORT_REMAINS,BROADEN_IF_SUPPORT_REMAINS,Multi-category battery regulation is primary for generic battery treatment maturity; Li-ion industrial evidence corroborates but cannot substitute for unknown chemistry.,MANUAL:P10:RRP_B_recovery_maturity
10,component:battery_or_cell,BATTERY,RRP,RRP_C_feed_specificity,3.0,"[2, 3, 4]",MODEL_RATIONALE,MEDIUM,[],,"Battery/cell is an identifiable component feed, but chemistry and state vary widely.",HIGH,Moderate-high feed specificity without chemistry inference.,REVIEWED_2026-09-26,P10:RRP_C_feed_specificity,"Battery/cell is an identifiable component feed, but chemistry and state vary widely.",COMPONENT_LEVEL_NA,{},NONE_REQUIRED,0,[],[],[],NOT_EXTERNAL,KEEP_DECLARED_RATIONALE_OR_STATE,,[],MODEL_RATIONALE,UNCHANGED_IF_SUPPORT_REMAINS,UNCHANGED_IF_SUPPORT_REMAINS,Non-external row; no external source dependency claim.,NON_EXTERNAL
10,component:battery_or_cell,BATTERY,WRO,WRO_A_product_reuse,,[],UNSUPPORTED,NOT_APPLICABLE,[],,Whole-device reuse is not applicable to this component/scene parent.,HIGH,Whole-device reuse is not a meaningful class-level construct for this parent.,REVIEWED_2026-09-26,P10:WRO_A_product_reuse,Whole-device reuse is not applicable to this component/scene parent.,COMPONENT_LEVEL_NA,{},NONE_REQUIRED,0,[],[],[],NOT_EXTERNAL,KEEP_DECLARED_RATIONALE_OR_STATE,,[],UNSUPPORTED,UNCHANGED_IF_SUPPORT_REMAINS,UNCHANGED_IF_SUPPORT_REMAINS,Non-external row; no external source dependency claim.,NON_EXTERNAL
10,component:battery_or_cell,BATTERY,CSO,CSO_A_component_salvage,2.0,"[1, 2, 3]",MODEL_RATIONALE,LOW,[],,"Component may have second-life uses only after chemistry/state testing, which is absent.",HIGH,Low/moderate salvage relevance without test data.,REVIEWED_2026-09-26,P10:CSO_A_component_salvage,"Component may have second-life uses only after chemistry/state testing, which is absent.",COMPONENT_LEVEL_NA,{},NONE_REQUIRED,0,[],[],[],NOT_EXTERNAL,KEEP_DECLARED_RATIONALE_OR_STATE,,[],MODEL_RATIONALE,UNCHANGED_IF_SUPPORT_REMAINS,UNCHANGED_IF_SUPPORT_REMAINS,Non-external row; no external source dependency claim.,NON_EXTERNAL
10,component:battery_or_cell,BATTERY,TPC,TPC_A_specialist_requirement,4.0,[4],LITERATURE_SYNTHESIS,HIGH,"[""E006"", ""E013"", ""E003""]","E006: “Closing the loop” and “Pyro-hydro technology” sections | E013: Articles 70–71; Annex XII Parts A–C | E003: Questions 1–4, 8, 10–13",Industrial battery recycling and multi-category waste-battery treatment rules support specialist handling across battery feeds.,MEDIUM,Specialist handling central; chemistry still unknown.,REVIEWED_2026-09-26,P10:TPC_A_specialist_requirement,Industrial battery recycling and multi-category waste-battery treatment rules support specialist handling across battery feeds.,COMPONENT_LEVEL_NA,"{""E013"": ""PRIMARY"", ""E006"": ""CORROBORATING"", ""E003"": ""CONTEXT_ONLY""}",PRIMARY_REQUIRED,1,"[""E013""]","[""E006""]","[""E003""]",MANUALLY_REVIEWED_2026-09-26,ANCHOR_DOWNGRADES_TO_MODEL_RATIONALE,4.0,"[3, 4]",MODEL_RATIONALE_AFTER_SOURCE_ABLATION,UNCHANGED_IF_SUPPORT_REMAINS,BROADEN_IF_SUPPORT_REMAINS,Multi-category battery treatment requirements are primary; Li-ion industrial evidence corroborates process maturity; Basel is context.,MANUAL:P10:TPC_A_specialist_requirement
10,component:battery_or_cell,BATTERY,TPC,TPC_B_separation_complexity,3.0,"[2, 3, 4]",LITERATURE_SYNTHESIS,MEDIUM,"[""E006"", ""E013""]",E006: “Closing the loop” and “Pyro-hydro technology” sections | E013: Articles 70–71; Annex XII Parts A–C,Battery treatment/recycling is chemistry/feed dependent and uses dedicated processing with category-specific recovery requirements.,HIGH,Moderate-high complexity with transfer uncertainty.,REVIEWED_2026-09-26,P10:TPC_B_separation_complexity,Battery treatment/recycling is chemistry/feed dependent and uses dedicated processing with category-specific recovery requirements.,COMPONENT_LEVEL_NA,"{""E013"": ""PRIMARY"", ""E006"": ""CORROBORATING""}",PRIMARY_REQUIRED,1,"[""E013""]","[""E006""]",[],MANUALLY_REVIEWED_2026-09-26,ANCHOR_DOWNGRADES_TO_MODEL_RATIONALE,3.0,"[2, 3, 4]",MODEL_RATIONALE_AFTER_SOURCE_ABLATION,UNCHANGED_IF_SUPPORT_REMAINS,BROADEN_IF_SUPPORT_REMAINS,Multi-category battery treatment requirements are primary; Li-ion process evidence is corroborating only.,MANUAL:P10:TPC_B_separation_complexity
10,component:battery_or_cell,BATTERY,TPC,TPC_C_screening_relevance,4.0,"[3, 4]",LITERATURE_SYNTHESIS,HIGH,"[""E003"", ""E004"", ""E013""]","E003: Questions 1–4, 8, 10–13 | E004: Official abstract; Pasal 3 scope provisions; effective 1 July 2024 | E013: Articles 70–71; Annex XII Parts A–C",Battery/e-waste management frameworks support strong treatment/screening relevance; exact legal status and chemistry remain unobserved.,HIGH,High screening priority without legal or chemistry inference.,REVIEWED_2026-09-26,P10:TPC_C_screening_relevance,Battery/e-waste management frameworks support strong treatment/screening relevance; exact legal status and chemistry remain unobserved.,COMPONENT_LEVEL_NA,"{""E013"": ""PRIMARY"", ""E003"": ""CORROBORATING"", ""E004"": ""CORROBORATING""}",PRIMARY_REQUIRED,1,"[""E013""]","[""E003"", ""E004""]",[],MANUALLY_REVIEWED_2026-09-26,ANCHOR_DOWNGRADES_TO_MODEL_RATIONALE,4.0,"[3, 4]",MODEL_RATIONALE_AFTER_SOURCE_ABLATION,UNCHANGED_IF_SUPPORT_REMAINS,BROADEN_IF_SUPPORT_REMAINS,Battery-specific multi-category regulation is primary; Basel and Indonesian rules corroborate broader screening relevance.,MANUAL:P10:TPC_C_screening_relevance
10,component:battery_or_cell,BATTERY,WRO,WRO_B_visual_integrity,,"[1, 2, 3, 4]",FROZEN_SEMANTIC,IMAGE_STATE_REQUIRED,[],,Image-derived whole-device state required.,IMAGE_SPECIFIC,No generic parent-level image condition/completeness value is authored.,REVIEWED_2026-09-26,P10:WRO_B_visual_integrity,Image-derived whole-device state required.,COMPONENT_LEVEL_NA,{},NONE_REQUIRED,0,[],[],[],NOT_EXTERNAL,KEEP_DECLARED_RATIONALE_OR_STATE,,[],FROZEN_SEMANTIC,UNCHANGED_IF_SUPPORT_REMAINS,UNCHANGED_IF_SUPPORT_REMAINS,Non-external row; no external source dependency claim.,NON_EXTERNAL
10,component:battery_or_cell,BATTERY,WRO,WRO_C_configuration_completeness,,"[1, 2, 3, 4]",FROZEN_SEMANTIC,IMAGE_STATE_REQUIRED,[],,Image-derived whole-device state required.,IMAGE_SPECIFIC,No generic parent-level image condition/completeness value is authored.,REVIEWED_2026-09-26,P10:WRO_C_configuration_completeness,Image-derived whole-device state required.,COMPONENT_LEVEL_NA,{},NONE_REQUIRED,0,[],[],[],NOT_EXTERNAL,KEEP_DECLARED_RATIONALE_OR_STATE,,[],FROZEN_SEMANTIC,UNCHANGED_IF_SUPPORT_REMAINS,UNCHANGED_IF_SUPPORT_REMAINS,Non-external row; no external source dependency claim.,NON_EXTERNAL
10,component:battery_or_cell,BATTERY,CSO,CSO_B_accessibility_dismantling,,"[1, 2, 3, 4]",FROZEN_SEMANTIC,IMAGE_STATE_OPTIONAL,[],,Image-derived accessibility/dismantling state only.,IMAGE_SPECIFIC,No parent-level accessibility state is invented.,REVIEWED_2026-09-26,P10:CSO_B_accessibility_dismantling,Image-derived accessibility/dismantling state only.,COMPONENT_LEVEL_NA,{},NONE_REQUIRED,0,[],[],[],NOT_EXTERNAL,KEEP_DECLARED_RATIONALE_OR_STATE,,[],FROZEN_SEMANTIC,UNCHANGED_IF_SUPPORT_REMAINS,UNCHANGED_IF_SUPPORT_REMAINS,Non-external row; no external source dependency claim.,NON_EXTERNAL
10,component:battery_or_cell,BATTERY,CSO,CSO_C_component_specificity,2.0,"[1, 2, 3]",MODEL_RATIONALE,MEDIUM,[],,Identifiable component/subassembly opportunity at the product/component-family level.,MEDIUM,Battery is itself a component feed; reusable internal subassembly opportunity is limited without chemistry/state evidence.,REVIEWED_2026-09-26,P10:CSO_C_component_specificity,Identifiable component/subassembly opportunity at the product/component-family level.,COMPONENT_LEVEL_NA,{},NONE_REQUIRED,0,[],[],[],NOT_EXTERNAL,KEEP_DECLARED_RATIONALE_OR_STATE,,[],MODEL_RATIONALE,UNCHANGED_IF_SUPPORT_REMAINS,UNCHANGED_IF_SUPPORT_REMAINS,Non-external row; no external source dependency claim.,NON_EXTERNAL
11,device:front_loading_washing_machine,WASHER,RRP,RRP_A_resource_relevance,3.0,"[3, 4]",DIRECT_LITERATURE,MEDIUM,"[""E007"", ""E001""]","E007: Product-centric discussion; Section 9.5; Table 39, printed p.223 | E001: Zenodo record; UNU-KEY v2 descriptions; Annex 6 average weights; Annex 7 material composition; Tables 26–27",Historical product-centric evidence documents substantial metal fractions in washing machines; current transfer is imperfect.,HIGH,Moderate-high bulk resource relevance with era/geography transfer risk.,REVIEWED_2026-09-26,P11:RRP_A_resource_relevance,Historical product-centric evidence documents substantial metal fractions in washing machines; current transfer is imperfect.,WHOLE_DEVICE,"{""E007"": ""PRIMARY"", ""E001"": ""CORROBORATING""}",PRIMARY_REQUIRED,1,"[""E007""]","[""E001""]",[],MANUALLY_REVIEWED_2026-09-26,ANCHOR_BECOMES_UNSUPPORTED,,[],UNSUPPORTED_AFTER_SOURCE_ABLATION,UNCHANGED_IF_SUPPORT_REMAINS,BROADEN_IF_SUPPORT_REMAINS,Washer-specific historical product evidence is required; UNITAR only corroborates broader category context.,MANUAL:P11:RRP_A_resource_relevance
11,device:front_loading_washing_machine,WASHER,RRP,RRP_B_recovery_maturity,3.0,"[2, 3]",LITERATURE_SYNTHESIS,MEDIUM,"[""E007"", ""E010"", ""E002""]","E007: Product-centric discussion; Section 9.5; Table 39, printed p.223 | E010: Abstract; Sections 3–4; Conclusions | E002: Article 4; Article 6(2); Article 15(1); Annexes III–IV",Appliance recovery/recycling and WEEE dismantling pathways are established.,MEDIUM,Established general recovery pathway.,REVIEWED_2026-09-26,P11:RRP_B_recovery_maturity,Appliance recovery/recycling and WEEE dismantling pathways are established.,WHOLE_DEVICE,"{""E007"": ""PRIMARY"", ""E010"": ""PRIMARY"", ""E002"": ""CONTEXT_ONLY""}",ALL,2,"[""E007"", ""E010""]",[],"[""E002""]",MANUALLY_REVIEWED_2026-09-26,ANCHOR_DOWNGRADES_TO_MODEL_RATIONALE,3.0,"[2, 3, 4]",MODEL_RATIONALE_AFTER_SOURCE_ABLATION,UNCHANGED_IF_SUPPORT_REMAINS,UNCHANGED_IF_SUPPORT_REMAINS,Washer/product context plus general WEEE process evidence are both needed for the externally grounded maturity claim.,MANUAL:P11:RRP_B_recovery_maturity
11,device:front_loading_washing_machine,WASHER,RRP,RRP_C_feed_specificity,4.0,"[3, 4]",MODEL_RATIONALE,MEDIUM,"[""E001""]",E001: Zenodo record; UNU-KEY v2 descriptions; Annex 6 average weights; Annex 7 material composition; Tables 26–27,Washer is a distinct large-appliance product feed with separable bulk materials.,MEDIUM,"High product-feed specificity, not a statement of exact composition.",REVIEWED_2026-09-26,P11:RRP_C_feed_specificity,Washer is a distinct large-appliance product feed with separable bulk materials.,WHOLE_DEVICE,"{""E001"": ""CONTEXT_ONLY""}",NONE_REQUIRED,0,[],[],"[""E001""]",NOT_EXTERNAL,KEEP_DECLARED_RATIONALE_OR_STATE,,[],MODEL_RATIONALE,UNCHANGED_IF_SUPPORT_REMAINS,UNCHANGED_IF_SUPPORT_REMAINS,Non-external row; no external source dependency claim.,NON_EXTERNAL
11,device:front_loading_washing_machine,WASHER,WRO,WRO_A_product_reuse,2.0,"[2, 3]",MODEL_RATIONALE,LOW,"[""E002""]",E002: Article 4; Article 6(2); Article 15(1); Annexes III–IV,Reuse/refurbishment is possible in principle but no washer-specific functionality evidence is available.,HIGH,Conservative product reuse relevance.,REVIEWED_2026-09-26,P11:WRO_A_product_reuse,Reuse/refurbishment is possible in principle but no washer-specific functionality evidence is available.,WHOLE_DEVICE,"{""E002"": ""CONTEXT_ONLY""}",NONE_REQUIRED,0,[],[],"[""E002""]",NOT_EXTERNAL,KEEP_DECLARED_RATIONALE_OR_STATE,,[],MODEL_RATIONALE,UNCHANGED_IF_SUPPORT_REMAINS,UNCHANGED_IF_SUPPORT_REMAINS,Non-external row; no external source dependency claim.,NON_EXTERNAL
11,device:front_loading_washing_machine,WASHER,CSO,CSO_A_component_salvage,3.0,"[2, 3]",MODEL_RATIONALE,LOW,"[""E002""]",E002: Article 4; Article 6(2); Article 15(1); Annexes III–IV,Large appliance contains separable mechanical/electrical components with plausible salvage value.,HIGH,"Explicit rationale, not direct literature score.",REVIEWED_2026-09-26,P11:CSO_A_component_salvage,Large appliance contains separable mechanical/electrical components with plausible salvage value.,WHOLE_DEVICE,"{""E002"": ""CONTEXT_ONLY""}",NONE_REQUIRED,0,[],[],"[""E002""]",NOT_EXTERNAL,KEEP_DECLARED_RATIONALE_OR_STATE,,[],MODEL_RATIONALE,UNCHANGED_IF_SUPPORT_REMAINS,UNCHANGED_IF_SUPPORT_REMAINS,Non-external row; no external source dependency claim.,NON_EXTERNAL
11,device:front_loading_washing_machine,WASHER,TPC,TPC_A_specialist_requirement,2.0,"[2, 3]",LITERATURE_SYNTHESIS,MEDIUM,"[""E002""]",E002: Article 4; Article 6(2); Article 15(1); Annexes III–IV,General WEEE treatment is relevant; a single specialist pathway is not universally central.,MEDIUM,Moderate-low specialist requirement.,REVIEWED_2026-09-26,P11:TPC_A_specialist_requirement,General WEEE treatment is relevant; a single specialist pathway is not universally central.,WHOLE_DEVICE,"{""E002"": ""PRIMARY""}",PRIMARY_REQUIRED,1,"[""E002""]",[],[],MANUALLY_REVIEWED_2026-09-26,ANCHOR_DOWNGRADES_TO_MODEL_RATIONALE,2.0,"[1, 2, 3]",MODEL_RATIONALE_AFTER_SOURCE_ABLATION,UNCHANGED_IF_SUPPORT_REMAINS,UNCHANGED_IF_SUPPORT_REMAINS,The broad WEEE management framework supports the class-level treatment relevance but is not product-specific; loss falls back to explicit model rationale.,MANUAL:P11:TPC_A_specialist_requirement
11,device:front_loading_washing_machine,WASHER,TPC,TPC_B_separation_complexity,3.0,"[2, 3]",MODEL_RATIONALE,MEDIUM,"[""E007"", ""E010""]","E007: Product-centric discussion; Section 9.5; Table 39, printed p.223 | E010: Abstract; Sections 3–4; Conclusions","Large appliance contains mechanical, electrical and structural subassemblies requiring disassembly.",MEDIUM,Moderate-high separation burden.,REVIEWED_2026-09-26,P11:TPC_B_separation_complexity,"Large appliance contains mechanical, electrical and structural subassemblies requiring disassembly.",WHOLE_DEVICE,"{""E007"": ""CONTEXT_ONLY"", ""E010"": ""CONTEXT_ONLY""}",NONE_REQUIRED,0,[],[],"[""E007"", ""E010""]",NOT_EXTERNAL,KEEP_DECLARED_RATIONALE_OR_STATE,,[],MODEL_RATIONALE,UNCHANGED_IF_SUPPORT_REMAINS,UNCHANGED_IF_SUPPORT_REMAINS,Non-external row; no external source dependency claim.,NON_EXTERNAL
11,device:front_loading_washing_machine,WASHER,TPC,TPC_C_screening_relevance,2.0,"[2, 3]",LITERATURE_SYNTHESIS,LOW,"[""E002"", ""E003""]","E002: Article 4; Article 6(2); Article 15(1); Annexes III–IV | E003: Questions 1–4, 8, 10–13",General WEEE screening applies; no image-derived legal/hazard state is inferred.,HIGH,Moderate-low screening relevance.,REVIEWED_2026-09-26,P11:TPC_C_screening_relevance,General WEEE screening applies; no image-derived legal/hazard state is inferred.,WHOLE_DEVICE,"{""E003"": ""PRIMARY"", ""E002"": ""CONTEXT_ONLY""}",PRIMARY_REQUIRED,1,"[""E003""]",[],"[""E002""]",MANUALLY_REVIEWED_2026-09-26,ANCHOR_DOWNGRADES_TO_MODEL_RATIONALE,2.0,"[1, 2, 3]",MODEL_RATIONALE_AFTER_SOURCE_ABLATION,UNCHANGED_IF_SUPPORT_REMAINS,UNCHANGED_IF_SUPPORT_REMAINS,Basel e-waste screening is primary; WEEE legislation is contextual and cannot preserve the claim by itself.,MANUAL:P11:TPC_C_screening_relevance
11,device:front_loading_washing_machine,WASHER,WRO,WRO_B_visual_integrity,,"[1, 2, 3, 4]",FROZEN_SEMANTIC,IMAGE_STATE_REQUIRED,[],,Image-derived whole-device state required.,IMAGE_SPECIFIC,No generic parent-level image condition/completeness value is authored.,REVIEWED_2026-09-26,P11:WRO_B_visual_integrity,Image-derived whole-device state required.,WHOLE_DEVICE,{},NONE_REQUIRED,0,[],[],[],NOT_EXTERNAL,KEEP_DECLARED_RATIONALE_OR_STATE,,[],FROZEN_SEMANTIC,UNCHANGED_IF_SUPPORT_REMAINS,UNCHANGED_IF_SUPPORT_REMAINS,Non-external row; no external source dependency claim.,NON_EXTERNAL
11,device:front_loading_washing_machine,WASHER,WRO,WRO_C_configuration_completeness,,"[1, 2, 3, 4]",FROZEN_SEMANTIC,IMAGE_STATE_REQUIRED,[],,Image-derived whole-device state required.,IMAGE_SPECIFIC,No generic parent-level image condition/completeness value is authored.,REVIEWED_2026-09-26,P11:WRO_C_configuration_completeness,Image-derived whole-device state required.,WHOLE_DEVICE,{},NONE_REQUIRED,0,[],[],[],NOT_EXTERNAL,KEEP_DECLARED_RATIONALE_OR_STATE,,[],FROZEN_SEMANTIC,UNCHANGED_IF_SUPPORT_REMAINS,UNCHANGED_IF_SUPPORT_REMAINS,Non-external row; no external source dependency claim.,NON_EXTERNAL
11,device:front_loading_washing_machine,WASHER,CSO,CSO_B_accessibility_dismantling,,"[1, 2, 3, 4]",FROZEN_SEMANTIC,IMAGE_STATE_OPTIONAL,[],,Image-derived accessibility/dismantling state only.,IMAGE_SPECIFIC,No parent-level accessibility state is invented.,REVIEWED_2026-09-26,P11:CSO_B_accessibility_dismantling,Image-derived accessibility/dismantling state only.,WHOLE_DEVICE,{},NONE_REQUIRED,0,[],[],[],NOT_EXTERNAL,KEEP_DECLARED_RATIONALE_OR_STATE,,[],FROZEN_SEMANTIC,UNCHANGED_IF_SUPPORT_REMAINS,UNCHANGED_IF_SUPPORT_REMAINS,Non-external row; no external source dependency claim.,NON_EXTERNAL
11,device:front_loading_washing_machine,WASHER,CSO,CSO_C_component_specificity,3.0,"[2, 3]",MODEL_RATIONALE,MEDIUM,[],,Identifiable component/subassembly opportunity at the product/component-family level.,MEDIUM,Large appliance contains identifiable motor/control/mechanical subassemblies.,REVIEWED_2026-09-26,P11:CSO_C_component_specificity,Identifiable component/subassembly opportunity at the product/component-family level.,WHOLE_DEVICE,{},NONE_REQUIRED,0,[],[],[],NOT_EXTERNAL,KEEP_DECLARED_RATIONALE_OR_STATE,,[],MODEL_RATIONALE,UNCHANGED_IF_SUPPORT_REMAINS,UNCHANGED_IF_SUPPORT_REMAINS,Non-external row; no external source dependency claim.,NON_EXTERNAL
12,device:crt_display,CRT,RRP,RRP_A_resource_relevance,2.0,"[2, 3]",LITERATURE_SYNTHESIS,MEDIUM,"[""E008"", ""E010""]",E008: “Cathode Ray Tubes (CRTs)” and “Regulation of Cathode Ray Tubes” sections | E010: Abstract; Sections 3–4; Conclusions,"CRT recycling can recover useful materials, but the feed is not primarily a concentrated precious-metal source.",HIGH,Moderate-low resource relevance.,REVIEWED_2026-09-26,P12:RRP_A_resource_relevance,"CRT recycling can recover useful materials, but the feed is not primarily a concentrated precious-metal source.",WHOLE_DEVICE,"{""E008"": ""PRIMARY"", ""E010"": ""CORROBORATING""}",PRIMARY_REQUIRED,1,"[""E008""]","[""E010""]",[],MANUALLY_REVIEWED_2026-09-26,ANCHOR_BECOMES_UNSUPPORTED,,[],UNSUPPORTED_AFTER_SOURCE_ABLATION,UNCHANGED_IF_SUPPORT_REMAINS,UNCHANGED_IF_SUPPORT_REMAINS,CRT-specific technical evidence is primary; generic WEEE literature is corroborating only.,MANUAL:P12:RRP_A_resource_relevance
12,device:crt_display,CRT,RRP,RRP_B_recovery_maturity,3.0,"[2, 3]",DIRECT_LITERATURE,MEDIUM,"[""E008""]",E008: “Cathode Ray Tubes (CRTs)” and “Regulation of Cathode Ray Tubes” sections,EPA documents repair/reuse and CRT recycling/disassembly pathways.,MEDIUM,Established specialist recovery pathway.,REVIEWED_2026-09-26,P12:RRP_B_recovery_maturity,EPA documents repair/reuse and CRT recycling/disassembly pathways.,WHOLE_DEVICE,"{""E008"": ""PRIMARY""}",PRIMARY_REQUIRED,1,"[""E008""]",[],[],MANUALLY_REVIEWED_2026-09-26,ANCHOR_BECOMES_UNSUPPORTED,,[],UNSUPPORTED_AFTER_SOURCE_ABLATION,UNCHANGED_IF_SUPPORT_REMAINS,UNCHANGED_IF_SUPPORT_REMAINS,CRT-specific recovery evidence is required.,MANUAL:P12:RRP_B_recovery_maturity
12,device:crt_display,CRT,RRP,RRP_C_feed_specificity,3.0,"[2, 3]",LITERATURE_SYNTHESIS,MEDIUM,"[""E008""]",E008: “Cathode Ray Tubes (CRTs)” and “Regulation of Cathode Ray Tubes” sections,CRT is a distinct display technology/feed with identifiable treatment needs.,MEDIUM,Moderate-high feed specificity.,REVIEWED_2026-09-26,P12:RRP_C_feed_specificity,CRT is a distinct display technology/feed with identifiable treatment needs.,WHOLE_DEVICE,"{""E008"": ""PRIMARY""}",PRIMARY_REQUIRED,1,"[""E008""]",[],[],MANUALLY_REVIEWED_2026-09-26,ANCHOR_BECOMES_UNSUPPORTED,,[],UNSUPPORTED_AFTER_SOURCE_ABLATION,UNCHANGED_IF_SUPPORT_REMAINS,UNCHANGED_IF_SUPPORT_REMAINS,CRT-specific feed identity evidence is required.,MANUAL:P12:RRP_C_feed_specificity
12,device:crt_display,CRT,WRO,WRO_A_product_reuse,2.0,"[1, 2]",DIRECT_LITERATURE,MEDIUM,"[""E008""]",E008: “Cathode Ray Tubes (CRTs)” and “Regulation of Cathode Ray Tubes” sections,"EPA encourages repair/reuse where practical, but age/condition/functionality are unresolved.",HIGH,Limited but explicit reuse pathway.,REVIEWED_2026-09-26,P12:WRO_A_product_reuse,"EPA encourages repair/reuse where practical, but age/condition/functionality are unresolved.",WHOLE_DEVICE,"{""E008"": ""PRIMARY""}",PRIMARY_REQUIRED,1,"[""E008""]",[],[],MANUALLY_REVIEWED_2026-09-26,ANCHOR_BECOMES_UNSUPPORTED,,[],UNSUPPORTED_AFTER_SOURCE_ABLATION,UNCHANGED_IF_SUPPORT_REMAINS,UNCHANGED_IF_SUPPORT_REMAINS,CRT-specific repair/reuse evidence is required.,MANUAL:P12:WRO_A_product_reuse
12,device:crt_display,CRT,CSO,CSO_A_component_salvage,2.0,"[1, 2]",MODEL_RATIONALE,LOW,"[""E008""]",E008: “Cathode Ray Tubes (CRTs)” and “Regulation of Cathode Ray Tubes” sections,"Some components/materials can be separated, but reusable-parts evidence is not strong.",HIGH,Moderate-low salvage rationale.,REVIEWED_2026-09-26,P12:CSO_A_component_salvage,"Some components/materials can be separated, but reusable-parts evidence is not strong.",WHOLE_DEVICE,"{""E008"": ""CONTEXT_ONLY""}",NONE_REQUIRED,0,[],[],"[""E008""]",NOT_EXTERNAL,KEEP_DECLARED_RATIONALE_OR_STATE,,[],MODEL_RATIONALE,UNCHANGED_IF_SUPPORT_REMAINS,UNCHANGED_IF_SUPPORT_REMAINS,Non-external row; no external source dependency claim.,NON_EXTERNAL
12,device:crt_display,CRT,TPC,TPC_A_specialist_requirement,4.0,[4],DIRECT_LITERATURE,HIGH,"[""E008""]",E008: “Cathode Ray Tubes (CRTs)” and “Regulation of Cathode Ray Tubes” sections,Lead-containing funnel glass and CRT recycling/management require specialist controlled handling.,LOW,Specialist pathway central.,REVIEWED_2026-09-26,P12:TPC_A_specialist_requirement,Lead-containing funnel glass and CRT recycling/management require specialist controlled handling.,WHOLE_DEVICE,"{""E008"": ""PRIMARY""}",PRIMARY_REQUIRED,1,"[""E008""]",[],[],MANUALLY_REVIEWED_2026-09-26,ANCHOR_BECOMES_UNSUPPORTED,,[],UNSUPPORTED_AFTER_SOURCE_ABLATION,UNCHANGED_IF_SUPPORT_REMAINS,UNCHANGED_IF_SUPPORT_REMAINS,CRT-specific controlled-management evidence is required.,MANUAL:P12:TPC_A_specialist_requirement
12,device:crt_display,CRT,TPC,TPC_B_separation_complexity,4.0,"[3, 4]",DIRECT_LITERATURE,HIGH,"[""E008""]",E008: “Cathode Ray Tubes (CRTs)” and “Regulation of Cathode Ray Tubes” sections,CRT recycling typically involves disassembly and controlled glass/component handling.,LOW,High separation/treatment complexity.,REVIEWED_2026-09-26,P12:TPC_B_separation_complexity,CRT recycling typically involves disassembly and controlled glass/component handling.,WHOLE_DEVICE,"{""E008"": ""PRIMARY""}",PRIMARY_REQUIRED,1,"[""E008""]",[],[],MANUALLY_REVIEWED_2026-09-26,ANCHOR_BECOMES_UNSUPPORTED,,[],UNSUPPORTED_AFTER_SOURCE_ABLATION,UNCHANGED_IF_SUPPORT_REMAINS,UNCHANGED_IF_SUPPORT_REMAINS,CRT-specific disassembly/controlled-treatment evidence is required.,MANUAL:P12:TPC_B_separation_complexity
12,device:crt_display,CRT,TPC,TPC_C_screening_relevance,4.0,[4],DIRECT_LITERATURE,HIGH,"[""E008"", ""E003""]","E008: “Cathode Ray Tubes (CRTs)” and “Regulation of Cathode Ray Tubes” sections | E003: Questions 1–4, 8, 10–13",Lead-glass and transboundary e-waste controls create strong screening relevance.,MEDIUM,"High screening relevance, not image-derived legal classification.",REVIEWED_2026-09-26,P12:TPC_C_screening_relevance,Lead-glass and transboundary e-waste controls create strong screening relevance.,WHOLE_DEVICE,"{""E008"": ""PRIMARY"", ""E003"": ""CONTEXT_ONLY""}",PRIMARY_REQUIRED,1,"[""E008""]",[],"[""E003""]",MANUALLY_REVIEWED_2026-09-26,ANCHOR_BECOMES_UNSUPPORTED,,[],UNSUPPORTED_AFTER_SOURCE_ABLATION,UNCHANGED_IF_SUPPORT_REMAINS,UNCHANGED_IF_SUPPORT_REMAINS,CRT-specific technical/management evidence is required; Basel is context only.,MANUAL:P12:TPC_C_screening_relevance
12,device:crt_display,CRT,WRO,WRO_B_visual_integrity,,"[1, 2, 3, 4]",FROZEN_SEMANTIC,IMAGE_STATE_REQUIRED,[],,Image-derived whole-device state required.,IMAGE_SPECIFIC,No generic parent-level image condition/completeness value is authored.,REVIEWED_2026-09-26,P12:WRO_B_visual_integrity,Image-derived whole-device state required.,WHOLE_DEVICE,{},NONE_REQUIRED,0,[],[],[],NOT_EXTERNAL,KEEP_DECLARED_RATIONALE_OR_STATE,,[],FROZEN_SEMANTIC,UNCHANGED_IF_SUPPORT_REMAINS,UNCHANGED_IF_SUPPORT_REMAINS,Non-external row; no external source dependency claim.,NON_EXTERNAL
12,device:crt_display,CRT,WRO,WRO_C_configuration_completeness,,"[1, 2, 3, 4]",FROZEN_SEMANTIC,IMAGE_STATE_REQUIRED,[],,Image-derived whole-device state required.,IMAGE_SPECIFIC,No generic parent-level image condition/completeness value is authored.,REVIEWED_2026-09-26,P12:WRO_C_configuration_completeness,Image-derived whole-device state required.,WHOLE_DEVICE,{},NONE_REQUIRED,0,[],[],[],NOT_EXTERNAL,KEEP_DECLARED_RATIONALE_OR_STATE,,[],FROZEN_SEMANTIC,UNCHANGED_IF_SUPPORT_REMAINS,UNCHANGED_IF_SUPPORT_REMAINS,Non-external row; no external source dependency claim.,NON_EXTERNAL
12,device:crt_display,CRT,CSO,CSO_B_accessibility_dismantling,,"[1, 2, 3, 4]",FROZEN_SEMANTIC,IMAGE_STATE_OPTIONAL,[],,Image-derived accessibility/dismantling state only.,IMAGE_SPECIFIC,No parent-level accessibility state is invented.,REVIEWED_2026-09-26,P12:CSO_B_accessibility_dismantling,Image-derived accessibility/dismantling state only.,WHOLE_DEVICE,{},NONE_REQUIRED,0,[],[],[],NOT_EXTERNAL,KEEP_DECLARED_RATIONALE_OR_STATE,,[],FROZEN_SEMANTIC,UNCHANGED_IF_SUPPORT_REMAINS,UNCHANGED_IF_SUPPORT_REMAINS,Non-external row; no external source dependency claim.,NON_EXTERNAL
12,device:crt_display,CRT,CSO,CSO_C_component_specificity,2.0,"[1, 2]",MODEL_RATIONALE,MEDIUM,"[""E008""]",E008: “Cathode Ray Tubes (CRTs)” and “Regulation of Cathode Ray Tubes” sections,Identifiable component/subassembly opportunity at the product/component-family level.,MEDIUM,"CRT systems have separable assemblies, but reusable-component evidence is limited.",REVIEWED_2026-09-26,P12:CSO_C_component_specificity,Identifiable component/subassembly opportunity at the product/component-family level.,WHOLE_DEVICE,"{""E008"": ""CONTEXT_ONLY""}",NONE_REQUIRED,0,[],[],"[""E008""]",NOT_EXTERNAL,KEEP_DECLARED_RATIONALE_OR_STATE,,[],MODEL_RATIONALE,UNCHANGED_IF_SUPPORT_REMAINS,UNCHANGED_IF_SUPPORT_REMAINS,Non-external row; no external source dependency claim.,NON_EXTERNAL
13,device:audio_playback_equipment,AUDIO,RRP,RRP_A_resource_relevance,2.0,"[1, 2]",LITERATURE_SYNTHESIS,LOW,"[""E001""]",E001: Zenodo record; UNU-KEY v2 descriptions; Annex 6 average weights; Annex 7 material composition; Tables 26–27,Broad audio family has general EEE material relevance but weak product-specific concentration evidence.,HIGH,Moderate-low resource anchor.,REVIEWED_2026-09-26,P13:RRP_A_resource_relevance,Broad audio family has general EEE material relevance but weak product-specific concentration evidence.,WHOLE_DEVICE,"{""E001"": ""PRIMARY""}",PRIMARY_REQUIRED,1,"[""E001""]",[],[],MANUALLY_REVIEWED_2026-09-26,ANCHOR_BECOMES_UNSUPPORTED,,[],UNSUPPORTED_AFTER_SOURCE_ABLATION,UNCHANGED_IF_SUPPORT_REMAINS,UNCHANGED_IF_SUPPORT_REMAINS,UNITAR class/material context is the only external anchor for the conservative class-level resource state.,MANUAL:P13:RRP_A_resource_relevance
13,device:audio_playback_equipment,AUDIO,RRP,RRP_B_recovery_maturity,2.0,"[2, 3]",LITERATURE_SYNTHESIS,LOW,"[""E002"", ""E010""]",E002: Article 4; Article 6(2); Article 15(1); Annexes III–IV | E010: Abstract; Sections 3–4; Conclusions,General WEEE recovery pathways exist.,MEDIUM,General rather than specialist pathway.,REVIEWED_2026-09-26,P13:RRP_B_recovery_maturity,General WEEE recovery pathways exist.,WHOLE_DEVICE,"{""E010"": ""PRIMARY"", ""E002"": ""CONTEXT_ONLY""}",PRIMARY_REQUIRED,1,"[""E010""]",[],"[""E002""]",MANUALLY_REVIEWED_2026-09-26,ANCHOR_DOWNGRADES_TO_MODEL_RATIONALE,2.0,"[1, 2, 3]",MODEL_RATIONALE_AFTER_SOURCE_ABLATION,UNCHANGED_IF_SUPPORT_REMAINS,UNCHANGED_IF_SUPPORT_REMAINS,Peer-reviewed WEEE recovery review is the technical primary; general WEEE legislation is contextual.,MANUAL:P13:RRP_B_recovery_maturity
13,device:audio_playback_equipment,AUDIO,RRP,RRP_C_feed_specificity,2.0,"[2, 3]",MODEL_RATIONALE,LOW,"[""E001""]",E001: Zenodo record; UNU-KEY v2 descriptions; Annex 6 average weights; Annex 7 material composition; Tables 26–27,"Audio parent spans boombox, personal player and hi-fi component forms.",HIGH,Broad product family reduces feed specificity.,REVIEWED_2026-09-26,P13:RRP_C_feed_specificity,"Audio parent spans boombox, personal player and hi-fi component forms.",WHOLE_DEVICE,"{""E001"": ""CONTEXT_ONLY""}",NONE_REQUIRED,0,[],[],"[""E001""]",NOT_EXTERNAL,KEEP_DECLARED_RATIONALE_OR_STATE,,[],MODEL_RATIONALE,UNCHANGED_IF_SUPPORT_REMAINS,UNCHANGED_IF_SUPPORT_REMAINS,Non-external row; no external source dependency claim.,NON_EXTERNAL
13,device:audio_playback_equipment,AUDIO,WRO,WRO_A_product_reuse,3.0,"[2, 3]",MODEL_RATIONALE,MEDIUM,"[""E002""]",E002: Article 4; Article 6(2); Article 15(1); Annexes III–IV,"Complete consumer audio devices plausibly support second-life use, but no product-specific test evidence is used.",HIGH,Moderate-high class relevance by explicit rationale.,REVIEWED_2026-09-26,P13:WRO_A_product_reuse,"Complete consumer audio devices plausibly support second-life use, but no product-specific test evidence is used.",WHOLE_DEVICE,"{""E002"": ""CONTEXT_ONLY""}",NONE_REQUIRED,0,[],[],"[""E002""]",NOT_EXTERNAL,KEEP_DECLARED_RATIONALE_OR_STATE,,[],MODEL_RATIONALE,UNCHANGED_IF_SUPPORT_REMAINS,UNCHANGED_IF_SUPPORT_REMAINS,Non-external row; no external source dependency claim.,NON_EXTERNAL
13,device:audio_playback_equipment,AUDIO,CSO,CSO_A_component_salvage,3.0,"[2, 3]",MODEL_RATIONALE,LOW,[],,Audio assemblies can contain reusable electromechanical/electronic components.,HIGH,Explicit rationale.,REVIEWED_2026-09-26,P13:CSO_A_component_salvage,Audio assemblies can contain reusable electromechanical/electronic components.,WHOLE_DEVICE,{},NONE_REQUIRED,0,[],[],[],NOT_EXTERNAL,KEEP_DECLARED_RATIONALE_OR_STATE,,[],MODEL_RATIONALE,UNCHANGED_IF_SUPPORT_REMAINS,UNCHANGED_IF_SUPPORT_REMAINS,Non-external row; no external source dependency claim.,NON_EXTERNAL
13,device:audio_playback_equipment,AUDIO,TPC,TPC_A_specialist_requirement,2.0,"[1, 2]",MODEL_RATIONALE,LOW,"[""E002""]",E002: Article 4; Article 6(2); Article 15(1); Annexes III–IV,No evidence that a specialist route is generally central for the broad audio family.,HIGH,Low/moderate specialist requirement.,REVIEWED_2026-09-26,P13:TPC_A_specialist_requirement,No evidence that a specialist route is generally central for the broad audio family.,WHOLE_DEVICE,"{""E002"": ""CONTEXT_ONLY""}",NONE_REQUIRED,0,[],[],"[""E002""]",NOT_EXTERNAL,KEEP_DECLARED_RATIONALE_OR_STATE,,[],MODEL_RATIONALE,UNCHANGED_IF_SUPPORT_REMAINS,UNCHANGED_IF_SUPPORT_REMAINS,Non-external row; no external source dependency claim.,NON_EXTERNAL
13,device:audio_playback_equipment,AUDIO,TPC,TPC_B_separation_complexity,2.0,"[2, 3]",MODEL_RATIONALE,LOW,"[""E010""]",E010: Abstract; Sections 3–4; Conclusions,Mixed electromechanical/electronic assemblies require some separation.,HIGH,Moderate-low complexity.,REVIEWED_2026-09-26,P13:TPC_B_separation_complexity,Mixed electromechanical/electronic assemblies require some separation.,WHOLE_DEVICE,"{""E010"": ""CONTEXT_ONLY""}",NONE_REQUIRED,0,[],[],"[""E010""]",NOT_EXTERNAL,KEEP_DECLARED_RATIONALE_OR_STATE,,[],MODEL_RATIONALE,UNCHANGED_IF_SUPPORT_REMAINS,UNCHANGED_IF_SUPPORT_REMAINS,Non-external row; no external source dependency claim.,NON_EXTERNAL
13,device:audio_playback_equipment,AUDIO,TPC,TPC_C_screening_relevance,1.0,"[1, 2]",LITERATURE_SYNTHESIS,LOW,"[""E002"", ""E003""]","E002: Article 4; Article 6(2); Article 15(1); Annexes III–IV | E003: Questions 1–4, 8, 10–13",Only general WEEE screening context is supported.,HIGH,Low class-specific screening relevance.,REVIEWED_2026-09-26,P13:TPC_C_screening_relevance,Only general WEEE screening context is supported.,WHOLE_DEVICE,"{""E003"": ""PRIMARY"", ""E002"": ""CONTEXT_ONLY""}",PRIMARY_REQUIRED,1,"[""E003""]",[],"[""E002""]",MANUALLY_REVIEWED_2026-09-26,ANCHOR_DOWNGRADES_TO_MODEL_RATIONALE,1.0,"[1, 2]",MODEL_RATIONALE_AFTER_SOURCE_ABLATION,UNCHANGED_IF_SUPPORT_REMAINS,UNCHANGED_IF_SUPPORT_REMAINS,Basel e-waste screening is primary; WEEE legislation is contextual and cannot preserve the claim by itself.,MANUAL:P13:TPC_C_screening_relevance
13,device:audio_playback_equipment,AUDIO,WRO,WRO_B_visual_integrity,,"[1, 2, 3, 4]",FROZEN_SEMANTIC,IMAGE_STATE_REQUIRED,[],,Image-derived whole-device state required.,IMAGE_SPECIFIC,No generic parent-level image condition/completeness value is authored.,REVIEWED_2026-09-26,P13:WRO_B_visual_integrity,Image-derived whole-device state required.,WHOLE_DEVICE,{},NONE_REQUIRED,0,[],[],[],NOT_EXTERNAL,KEEP_DECLARED_RATIONALE_OR_STATE,,[],FROZEN_SEMANTIC,UNCHANGED_IF_SUPPORT_REMAINS,UNCHANGED_IF_SUPPORT_REMAINS,Non-external row; no external source dependency claim.,NON_EXTERNAL
13,device:audio_playback_equipment,AUDIO,WRO,WRO_C_configuration_completeness,,"[1, 2, 3, 4]",FROZEN_SEMANTIC,IMAGE_STATE_REQUIRED,[],,Image-derived whole-device state required.,IMAGE_SPECIFIC,No generic parent-level image condition/completeness value is authored.,REVIEWED_2026-09-26,P13:WRO_C_configuration_completeness,Image-derived whole-device state required.,WHOLE_DEVICE,{},NONE_REQUIRED,0,[],[],[],NOT_EXTERNAL,KEEP_DECLARED_RATIONALE_OR_STATE,,[],FROZEN_SEMANTIC,UNCHANGED_IF_SUPPORT_REMAINS,UNCHANGED_IF_SUPPORT_REMAINS,Non-external row; no external source dependency claim.,NON_EXTERNAL
13,device:audio_playback_equipment,AUDIO,CSO,CSO_B_accessibility_dismantling,,"[1, 2, 3, 4]",FROZEN_SEMANTIC,IMAGE_STATE_OPTIONAL,[],,Image-derived accessibility/dismantling state only.,IMAGE_SPECIFIC,No parent-level accessibility state is invented.,REVIEWED_2026-09-26,P13:CSO_B_accessibility_dismantling,Image-derived accessibility/dismantling state only.,WHOLE_DEVICE,{},NONE_REQUIRED,0,[],[],[],NOT_EXTERNAL,KEEP_DECLARED_RATIONALE_OR_STATE,,[],FROZEN_SEMANTIC,UNCHANGED_IF_SUPPORT_REMAINS,UNCHANGED_IF_SUPPORT_REMAINS,Non-external row; no external source dependency claim.,NON_EXTERNAL
13,device:audio_playback_equipment,AUDIO,CSO,CSO_C_component_specificity,3.0,"[2, 3]",MODEL_RATIONALE,MEDIUM,[],,Identifiable component/subassembly opportunity at the product/component-family level.,MEDIUM,Audio assemblies commonly contain identifiable electromechanical/electronic subassemblies.,REVIEWED_2026-09-26,P13:CSO_C_component_specificity,Identifiable component/subassembly opportunity at the product/component-family level.,WHOLE_DEVICE,{},NONE_REQUIRED,0,[],[],[],NOT_EXTERNAL,KEEP_DECLARED_RATIONALE_OR_STATE,,[],MODEL_RATIONALE,UNCHANGED_IF_SUPPORT_REMAINS,UNCHANGED_IF_SUPPORT_REMAINS,Non-external row; no external source dependency claim.,NON_EXTERNAL
14,device:turntable_record_player,TURNTABLE,RRP,RRP_A_resource_relevance,2.0,"[1, 2]",LITERATURE_SYNTHESIS,LOW,"[""E001""]",E001: Zenodo record; UNU-KEY v2 descriptions; Annex 6 average weights; Annex 7 material composition; Tables 26–27,No strong product-specific material concentration evidence; general EEE context only.,HIGH,Moderate-low resource relevance.,REVIEWED_2026-09-26,P14:RRP_A_resource_relevance,No strong product-specific material concentration evidence; general EEE context only.,WHOLE_DEVICE,"{""E001"": ""PRIMARY""}",PRIMARY_REQUIRED,1,"[""E001""]",[],[],MANUALLY_REVIEWED_2026-09-26,ANCHOR_BECOMES_UNSUPPORTED,,[],UNSUPPORTED_AFTER_SOURCE_ABLATION,UNCHANGED_IF_SUPPORT_REMAINS,UNCHANGED_IF_SUPPORT_REMAINS,UNITAR class/material context is the only external anchor for the conservative class-level resource state.,MANUAL:P14:RRP_A_resource_relevance
14,device:turntable_record_player,TURNTABLE,RRP,RRP_B_recovery_maturity,2.0,"[2, 3]",LITERATURE_SYNTHESIS,LOW,"[""E002"", ""E010""]",E002: Article 4; Article 6(2); Article 15(1); Annexes III–IV | E010: Abstract; Sections 3–4; Conclusions,General WEEE recovery pathways apply.,MEDIUM,General pathway.,REVIEWED_2026-09-26,P14:RRP_B_recovery_maturity,General WEEE recovery pathways apply.,WHOLE_DEVICE,"{""E010"": ""PRIMARY"", ""E002"": ""CONTEXT_ONLY""}",PRIMARY_REQUIRED,1,"[""E010""]",[],"[""E002""]",MANUALLY_REVIEWED_2026-09-26,ANCHOR_DOWNGRADES_TO_MODEL_RATIONALE,2.0,"[1, 2, 3]",MODEL_RATIONALE_AFTER_SOURCE_ABLATION,UNCHANGED_IF_SUPPORT_REMAINS,UNCHANGED_IF_SUPPORT_REMAINS,Peer-reviewed WEEE recovery review is the technical primary; general WEEE legislation is contextual.,MANUAL:P14:RRP_B_recovery_maturity
14,device:turntable_record_player,TURNTABLE,RRP,RRP_C_feed_specificity,2.0,"[2, 3]",MODEL_RATIONALE,LOW,[],,Turntable is identifiable but construction varies from standalone to integrated console.,HIGH,Moderate-low feed specificity.,REVIEWED_2026-09-26,P14:RRP_C_feed_specificity,Turntable is identifiable but construction varies from standalone to integrated console.,WHOLE_DEVICE,{},NONE_REQUIRED,0,[],[],[],NOT_EXTERNAL,KEEP_DECLARED_RATIONALE_OR_STATE,,[],MODEL_RATIONALE,UNCHANGED_IF_SUPPORT_REMAINS,UNCHANGED_IF_SUPPORT_REMAINS,Non-external row; no external source dependency claim.,NON_EXTERNAL
14,device:turntable_record_player,TURNTABLE,WRO,WRO_A_product_reuse,3.0,"[2, 3]",MODEL_RATIONALE,MEDIUM,"[""E002""]",E002: Article 4; Article 6(2); Article 15(1); Annexes III–IV,Complete consumer audio device with plausible second-life/refurbishment pathway.,HIGH,Explicit rationale; functionality not inferred.,REVIEWED_2026-09-26,P14:WRO_A_product_reuse,Complete consumer audio device with plausible second-life/refurbishment pathway.,WHOLE_DEVICE,"{""E002"": ""CONTEXT_ONLY""}",NONE_REQUIRED,0,[],[],"[""E002""]",NOT_EXTERNAL,KEEP_DECLARED_RATIONALE_OR_STATE,,[],MODEL_RATIONALE,UNCHANGED_IF_SUPPORT_REMAINS,UNCHANGED_IF_SUPPORT_REMAINS,Non-external row; no external source dependency claim.,NON_EXTERNAL
14,device:turntable_record_player,TURNTABLE,CSO,CSO_A_component_salvage,3.0,"[2, 3]",MODEL_RATIONALE,LOW,[],,Mechanical/electrical components may be reusable or repairable.,HIGH,Explicit rationale.,REVIEWED_2026-09-26,P14:CSO_A_component_salvage,Mechanical/electrical components may be reusable or repairable.,WHOLE_DEVICE,{},NONE_REQUIRED,0,[],[],[],NOT_EXTERNAL,KEEP_DECLARED_RATIONALE_OR_STATE,,[],MODEL_RATIONALE,UNCHANGED_IF_SUPPORT_REMAINS,UNCHANGED_IF_SUPPORT_REMAINS,Non-external row; no external source dependency claim.,NON_EXTERNAL
14,device:turntable_record_player,TURNTABLE,TPC,TPC_A_specialist_requirement,1.0,"[1, 2]",MODEL_RATIONALE,LOW,"[""E002""]",E002: Article 4; Article 6(2); Article 15(1); Annexes III–IV,No strong evidence of a specialist route as the default.,HIGH,Low specialist requirement.,REVIEWED_2026-09-26,P14:TPC_A_specialist_requirement,No strong evidence of a specialist route as the default.,WHOLE_DEVICE,"{""E002"": ""CONTEXT_ONLY""}",NONE_REQUIRED,0,[],[],"[""E002""]",NOT_EXTERNAL,KEEP_DECLARED_RATIONALE_OR_STATE,,[],MODEL_RATIONALE,UNCHANGED_IF_SUPPORT_REMAINS,UNCHANGED_IF_SUPPORT_REMAINS,Non-external row; no external source dependency claim.,NON_EXTERNAL
14,device:turntable_record_player,TURNTABLE,TPC,TPC_B_separation_complexity,2.0,"[1, 2, 3]",MODEL_RATIONALE,LOW,[],,Standalone versus integrated cabinet creates varying disassembly burden.,HIGH,Moderate-low class-level complexity.,REVIEWED_2026-09-26,P14:TPC_B_separation_complexity,Standalone versus integrated cabinet creates varying disassembly burden.,WHOLE_DEVICE,{},NONE_REQUIRED,0,[],[],[],NOT_EXTERNAL,KEEP_DECLARED_RATIONALE_OR_STATE,,[],MODEL_RATIONALE,UNCHANGED_IF_SUPPORT_REMAINS,UNCHANGED_IF_SUPPORT_REMAINS,Non-external row; no external source dependency claim.,NON_EXTERNAL
14,device:turntable_record_player,TURNTABLE,TPC,TPC_C_screening_relevance,1.0,"[1, 2]",LITERATURE_SYNTHESIS,LOW,"[""E002"", ""E003""]","E002: Article 4; Article 6(2); Article 15(1); Annexes III–IV | E003: Questions 1–4, 8, 10–13",Only general WEEE screening context is supported.,HIGH,Low class-specific screening relevance.,REVIEWED_2026-09-26,P14:TPC_C_screening_relevance,Only general WEEE screening context is supported.,WHOLE_DEVICE,"{""E003"": ""PRIMARY"", ""E002"": ""CONTEXT_ONLY""}",PRIMARY_REQUIRED,1,"[""E003""]",[],"[""E002""]",MANUALLY_REVIEWED_2026-09-26,ANCHOR_DOWNGRADES_TO_MODEL_RATIONALE,1.0,"[1, 2]",MODEL_RATIONALE_AFTER_SOURCE_ABLATION,UNCHANGED_IF_SUPPORT_REMAINS,UNCHANGED_IF_SUPPORT_REMAINS,Basel e-waste screening is primary; WEEE legislation is contextual and cannot preserve the claim by itself.,MANUAL:P14:TPC_C_screening_relevance
14,device:turntable_record_player,TURNTABLE,WRO,WRO_B_visual_integrity,,"[1, 2, 3, 4]",FROZEN_SEMANTIC,IMAGE_STATE_REQUIRED,[],,Image-derived whole-device state required.,IMAGE_SPECIFIC,No generic parent-level image condition/completeness value is authored.,REVIEWED_2026-09-26,P14:WRO_B_visual_integrity,Image-derived whole-device state required.,WHOLE_DEVICE,{},NONE_REQUIRED,0,[],[],[],NOT_EXTERNAL,KEEP_DECLARED_RATIONALE_OR_STATE,,[],FROZEN_SEMANTIC,UNCHANGED_IF_SUPPORT_REMAINS,UNCHANGED_IF_SUPPORT_REMAINS,Non-external row; no external source dependency claim.,NON_EXTERNAL
14,device:turntable_record_player,TURNTABLE,WRO,WRO_C_configuration_completeness,,"[1, 2, 3, 4]",FROZEN_SEMANTIC,IMAGE_STATE_REQUIRED,[],,Image-derived whole-device state required.,IMAGE_SPECIFIC,No generic parent-level image condition/completeness value is authored.,REVIEWED_2026-09-26,P14:WRO_C_configuration_completeness,Image-derived whole-device state required.,WHOLE_DEVICE,{},NONE_REQUIRED,0,[],[],[],NOT_EXTERNAL,KEEP_DECLARED_RATIONALE_OR_STATE,,[],FROZEN_SEMANTIC,UNCHANGED_IF_SUPPORT_REMAINS,UNCHANGED_IF_SUPPORT_REMAINS,Non-external row; no external source dependency claim.,NON_EXTERNAL
14,device:turntable_record_player,TURNTABLE,CSO,CSO_B_accessibility_dismantling,,"[1, 2, 3, 4]",FROZEN_SEMANTIC,IMAGE_STATE_OPTIONAL,[],,Image-derived accessibility/dismantling state only.,IMAGE_SPECIFIC,No parent-level accessibility state is invented.,REVIEWED_2026-09-26,P14:CSO_B_accessibility_dismantling,Image-derived accessibility/dismantling state only.,WHOLE_DEVICE,{},NONE_REQUIRED,0,[],[],[],NOT_EXTERNAL,KEEP_DECLARED_RATIONALE_OR_STATE,,[],FROZEN_SEMANTIC,UNCHANGED_IF_SUPPORT_REMAINS,UNCHANGED_IF_SUPPORT_REMAINS,Non-external row; no external source dependency claim.,NON_EXTERNAL
14,device:turntable_record_player,TURNTABLE,CSO,CSO_C_component_specificity,3.0,"[2, 3]",MODEL_RATIONALE,MEDIUM,[],,Identifiable component/subassembly opportunity at the product/component-family level.,MEDIUM,Turntable assemblies contain identifiable mechanical/electrical subassemblies.,REVIEWED_2026-09-26,P14:CSO_C_component_specificity,Identifiable component/subassembly opportunity at the product/component-family level.,WHOLE_DEVICE,{},NONE_REQUIRED,0,[],[],[],NOT_EXTERNAL,KEEP_DECLARED_RATIONALE_OR_STATE,,[],MODEL_RATIONALE,UNCHANGED_IF_SUPPORT_REMAINS,UNCHANGED_IF_SUPPORT_REMAINS,Non-external row; no external source dependency claim.,NON_EXTERNAL
15,device:top_loading_or_semi_automatic_washing_machine,WASHER,RRP,RRP_A_resource_relevance,3.0,"[3, 4]",DIRECT_LITERATURE,MEDIUM,"[""E007"", ""E001""]","E007: Product-centric discussion; Section 9.5; Table 39, printed p.223 | E001: Zenodo record; UNU-KEY v2 descriptions; Annex 6 average weights; Annex 7 material composition; Tables 26–27",Historical product-centric evidence documents substantial metal fractions in washing machines; current transfer is imperfect.,HIGH,Moderate-high bulk resource relevance with era/geography transfer risk.,REVIEWED_2026-09-26,P15:RRP_A_resource_relevance,Historical product-centric evidence documents substantial metal fractions in washing machines; current transfer is imperfect.,WHOLE_DEVICE,"{""E007"": ""PRIMARY"", ""E001"": ""CORROBORATING""}",PRIMARY_REQUIRED,1,"[""E007""]","[""E001""]",[],MANUALLY_REVIEWED_2026-09-26,ANCHOR_BECOMES_UNSUPPORTED,,[],UNSUPPORTED_AFTER_SOURCE_ABLATION,UNCHANGED_IF_SUPPORT_REMAINS,BROADEN_IF_SUPPORT_REMAINS,Washer-specific historical product evidence is required; UNITAR only corroborates broader category context.,MANUAL:P15:RRP_A_resource_relevance
15,device:top_loading_or_semi_automatic_washing_machine,WASHER,RRP,RRP_B_recovery_maturity,3.0,"[2, 3]",LITERATURE_SYNTHESIS,MEDIUM,"[""E007"", ""E010"", ""E002""]","E007: Product-centric discussion; Section 9.5; Table 39, printed p.223 | E010: Abstract; Sections 3–4; Conclusions | E002: Article 4; Article 6(2); Article 15(1); Annexes III–IV",Appliance recovery/recycling and WEEE dismantling pathways are established.,MEDIUM,Established general recovery pathway.,REVIEWED_2026-09-26,P15:RRP_B_recovery_maturity,Appliance recovery/recycling and WEEE dismantling pathways are established.,WHOLE_DEVICE,"{""E007"": ""PRIMARY"", ""E010"": ""PRIMARY"", ""E002"": ""CONTEXT_ONLY""}",ALL,2,"[""E007"", ""E010""]",[],"[""E002""]",MANUALLY_REVIEWED_2026-09-26,ANCHOR_DOWNGRADES_TO_MODEL_RATIONALE,3.0,"[2, 3, 4]",MODEL_RATIONALE_AFTER_SOURCE_ABLATION,UNCHANGED_IF_SUPPORT_REMAINS,UNCHANGED_IF_SUPPORT_REMAINS,Washer/product context plus general WEEE process evidence are both needed for the externally grounded maturity claim.,MANUAL:P15:RRP_B_recovery_maturity
15,device:top_loading_or_semi_automatic_washing_machine,WASHER,RRP,RRP_C_feed_specificity,4.0,"[3, 4]",MODEL_RATIONALE,MEDIUM,"[""E001""]",E001: Zenodo record; UNU-KEY v2 descriptions; Annex 6 average weights; Annex 7 material composition; Tables 26–27,Washer is a distinct large-appliance product feed with separable bulk materials.,MEDIUM,"High product-feed specificity, not a statement of exact composition.",REVIEWED_2026-09-26,P15:RRP_C_feed_specificity,Washer is a distinct large-appliance product feed with separable bulk materials.,WHOLE_DEVICE,"{""E001"": ""CONTEXT_ONLY""}",NONE_REQUIRED,0,[],[],"[""E001""]",NOT_EXTERNAL,KEEP_DECLARED_RATIONALE_OR_STATE,,[],MODEL_RATIONALE,UNCHANGED_IF_SUPPORT_REMAINS,UNCHANGED_IF_SUPPORT_REMAINS,Non-external row; no external source dependency claim.,NON_EXTERNAL
15,device:top_loading_or_semi_automatic_washing_machine,WASHER,WRO,WRO_A_product_reuse,2.0,"[2, 3]",MODEL_RATIONALE,LOW,"[""E002""]",E002: Article 4; Article 6(2); Article 15(1); Annexes III–IV,Reuse/refurbishment is possible in principle but no washer-specific functionality evidence is available.,HIGH,Conservative product reuse relevance.,REVIEWED_2026-09-26,P15:WRO_A_product_reuse,Reuse/refurbishment is possible in principle but no washer-specific functionality evidence is available.,WHOLE_DEVICE,"{""E002"": ""CONTEXT_ONLY""}",NONE_REQUIRED,0,[],[],"[""E002""]",NOT_EXTERNAL,KEEP_DECLARED_RATIONALE_OR_STATE,,[],MODEL_RATIONALE,UNCHANGED_IF_SUPPORT_REMAINS,UNCHANGED_IF_SUPPORT_REMAINS,Non-external row; no external source dependency claim.,NON_EXTERNAL
15,device:top_loading_or_semi_automatic_washing_machine,WASHER,CSO,CSO_A_component_salvage,3.0,"[2, 3]",MODEL_RATIONALE,LOW,"[""E002""]",E002: Article 4; Article 6(2); Article 15(1); Annexes III–IV,Large appliance contains separable mechanical/electrical components with plausible salvage value.,HIGH,"Explicit rationale, not direct literature score.",REVIEWED_2026-09-26,P15:CSO_A_component_salvage,Large appliance contains separable mechanical/electrical components with plausible salvage value.,WHOLE_DEVICE,"{""E002"": ""CONTEXT_ONLY""}",NONE_REQUIRED,0,[],[],"[""E002""]",NOT_EXTERNAL,KEEP_DECLARED_RATIONALE_OR_STATE,,[],MODEL_RATIONALE,UNCHANGED_IF_SUPPORT_REMAINS,UNCHANGED_IF_SUPPORT_REMAINS,Non-external row; no external source dependency claim.,NON_EXTERNAL
15,device:top_loading_or_semi_automatic_washing_machine,WASHER,TPC,TPC_A_specialist_requirement,2.0,"[2, 3]",LITERATURE_SYNTHESIS,MEDIUM,"[""E002""]",E002: Article 4; Article 6(2); Article 15(1); Annexes III–IV,General WEEE treatment is relevant; a single specialist pathway is not universally central.,MEDIUM,Moderate-low specialist requirement.,REVIEWED_2026-09-26,P15:TPC_A_specialist_requirement,General WEEE treatment is relevant; a single specialist pathway is not universally central.,WHOLE_DEVICE,"{""E002"": ""PRIMARY""}",PRIMARY_REQUIRED,1,"[""E002""]",[],[],MANUALLY_REVIEWED_2026-09-26,ANCHOR_DOWNGRADES_TO_MODEL_RATIONALE,2.0,"[1, 2, 3]",MODEL_RATIONALE_AFTER_SOURCE_ABLATION,UNCHANGED_IF_SUPPORT_REMAINS,UNCHANGED_IF_SUPPORT_REMAINS,The broad WEEE management framework supports the class-level treatment relevance but is not product-specific; loss falls back to explicit model rationale.,MANUAL:P15:TPC_A_specialist_requirement
15,device:top_loading_or_semi_automatic_washing_machine,WASHER,TPC,TPC_B_separation_complexity,3.0,"[2, 3]",MODEL_RATIONALE,MEDIUM,"[""E007"", ""E010""]","E007: Product-centric discussion; Section 9.5; Table 39, printed p.223 | E010: Abstract; Sections 3–4; Conclusions","Large appliance contains mechanical, electrical and structural subassemblies requiring disassembly.",MEDIUM,Moderate-high separation burden.,REVIEWED_2026-09-26,P15:TPC_B_separation_complexity,"Large appliance contains mechanical, electrical and structural subassemblies requiring disassembly.",WHOLE_DEVICE,"{""E007"": ""CONTEXT_ONLY"", ""E010"": ""CONTEXT_ONLY""}",NONE_REQUIRED,0,[],[],"[""E007"", ""E010""]",NOT_EXTERNAL,KEEP_DECLARED_RATIONALE_OR_STATE,,[],MODEL_RATIONALE,UNCHANGED_IF_SUPPORT_REMAINS,UNCHANGED_IF_SUPPORT_REMAINS,Non-external row; no external source dependency claim.,NON_EXTERNAL
15,device:top_loading_or_semi_automatic_washing_machine,WASHER,TPC,TPC_C_screening_relevance,2.0,"[2, 3]",LITERATURE_SYNTHESIS,LOW,"[""E002"", ""E003""]","E002: Article 4; Article 6(2); Article 15(1); Annexes III–IV | E003: Questions 1–4, 8, 10–13",General WEEE screening applies; no image-derived legal/hazard state is inferred.,HIGH,Moderate-low screening relevance.,REVIEWED_2026-09-26,P15:TPC_C_screening_relevance,General WEEE screening applies; no image-derived legal/hazard state is inferred.,WHOLE_DEVICE,"{""E003"": ""PRIMARY"", ""E002"": ""CONTEXT_ONLY""}",PRIMARY_REQUIRED,1,"[""E003""]",[],"[""E002""]",MANUALLY_REVIEWED_2026-09-26,ANCHOR_DOWNGRADES_TO_MODEL_RATIONALE,2.0,"[1, 2, 3]",MODEL_RATIONALE_AFTER_SOURCE_ABLATION,UNCHANGED_IF_SUPPORT_REMAINS,UNCHANGED_IF_SUPPORT_REMAINS,Basel e-waste screening is primary; WEEE legislation is contextual and cannot preserve the claim by itself.,MANUAL:P15:TPC_C_screening_relevance
15,device:top_loading_or_semi_automatic_washing_machine,WASHER,WRO,WRO_B_visual_integrity,,"[1, 2, 3, 4]",FROZEN_SEMANTIC,IMAGE_STATE_REQUIRED,[],,Image-derived whole-device state required.,IMAGE_SPECIFIC,No generic parent-level image condition/completeness value is authored.,REVIEWED_2026-09-26,P15:WRO_B_visual_integrity,Image-derived whole-device state required.,WHOLE_DEVICE,{},NONE_REQUIRED,0,[],[],[],NOT_EXTERNAL,KEEP_DECLARED_RATIONALE_OR_STATE,,[],FROZEN_SEMANTIC,UNCHANGED_IF_SUPPORT_REMAINS,UNCHANGED_IF_SUPPORT_REMAINS,Non-external row; no external source dependency claim.,NON_EXTERNAL
15,device:top_loading_or_semi_automatic_washing_machine,WASHER,WRO,WRO_C_configuration_completeness,,"[1, 2, 3, 4]",FROZEN_SEMANTIC,IMAGE_STATE_REQUIRED,[],,Image-derived whole-device state required.,IMAGE_SPECIFIC,No generic parent-level image condition/completeness value is authored.,REVIEWED_2026-09-26,P15:WRO_C_configuration_completeness,Image-derived whole-device state required.,WHOLE_DEVICE,{},NONE_REQUIRED,0,[],[],[],NOT_EXTERNAL,KEEP_DECLARED_RATIONALE_OR_STATE,,[],FROZEN_SEMANTIC,UNCHANGED_IF_SUPPORT_REMAINS,UNCHANGED_IF_SUPPORT_REMAINS,Non-external row; no external source dependency claim.,NON_EXTERNAL
15,device:top_loading_or_semi_automatic_washing_machine,WASHER,CSO,CSO_B_accessibility_dismantling,,"[1, 2, 3, 4]",FROZEN_SEMANTIC,IMAGE_STATE_OPTIONAL,[],,Image-derived accessibility/dismantling state only.,IMAGE_SPECIFIC,No parent-level accessibility state is invented.,REVIEWED_2026-09-26,P15:CSO_B_accessibility_dismantling,Image-derived accessibility/dismantling state only.,WHOLE_DEVICE,{},NONE_REQUIRED,0,[],[],[],NOT_EXTERNAL,KEEP_DECLARED_RATIONALE_OR_STATE,,[],FROZEN_SEMANTIC,UNCHANGED_IF_SUPPORT_REMAINS,UNCHANGED_IF_SUPPORT_REMAINS,Non-external row; no external source dependency claim.,NON_EXTERNAL
15,device:top_loading_or_semi_automatic_washing_machine,WASHER,CSO,CSO_C_component_specificity,3.0,"[2, 3]",MODEL_RATIONALE,MEDIUM,[],,Identifiable component/subassembly opportunity at the product/component-family level.,MEDIUM,Large appliance contains identifiable motor/control/mechanical subassemblies.,REVIEWED_2026-09-26,P15:CSO_C_component_specificity,Identifiable component/subassembly opportunity at the product/component-family level.,WHOLE_DEVICE,{},NONE_REQUIRED,0,[],[],[],NOT_EXTERNAL,KEEP_DECLARED_RATIONALE_OR_STATE,,[],MODEL_RATIONALE,UNCHANGED_IF_SUPPORT_REMAINS,UNCHANGED_IF_SUPPORT_REMAINS,Non-external row; no external source dependency claim.,NON_EXTERNAL
