canonical_id,RRP_reference_level,RRP_model_min,RRP_model_max,RRP_reference_level_retention,WRO_reference_level,WRO_model_min,WRO_model_max,WRO_reference_level_retention,CSO_reference_level,CSO_model_min,CSO_model_max,CSO_reference_level_retention,TPC_reference_level,TPC_model_min,TPC_model_max,TPC_reference_level_retention,route_reference_set_retention,interpretation
00115fcea682e28977ca,,,,,,,,,,,,,,,,,1.0,"Retention is frequency under declared balanced sensitivity scenarios, not probability/confidence."
00287e9264409b36cb18,,,,,,,,,,,,,,,,,0.4921875,"Retention is frequency under declared balanced sensitivity scenarios, not probability/confidence."
0037dbd479693d5cbb91,4.0,3.0,4.0,0.35546875,,,,,4.0,3.0,4.0,0.2421875,4.0,3.0,4.0,0.70703125,0.66796875,"Retention is frequency under declared balanced sensitivity scenarios, not probability/confidence."
004c7505f7251a12bfc7,2.0,1.0,2.0,0.5,,,,,3.0,2.0,3.0,0.26171875,2.0,1.0,2.0,0.73046875,0.1640625,"Retention is frequency under declared balanced sensitivity scenarios, not probability/confidence."
00768af7c88131a6aa05,,,,,,,,,,,,,,,,,1.0,"Retention is frequency under declared balanced sensitivity scenarios, not probability/confidence."
007d5196b194f9c08550,3.0,3.0,4.0,0.7734375,,,,,3.0,2.0,3.0,0.23828125,2.0,2.0,3.0,0.49609375,0.625,"Retention is frequency under declared balanced sensitivity scenarios, not probability/confidence."
0095e0e94b8cd0499b05,3.0,3.0,4.0,0.765625,,,,,3.0,2.0,3.0,0.26171875,2.0,2.0,3.0,0.49609375,0.65234375,"Retention is frequency under declared balanced sensitivity scenarios, not probability/confidence."
00980fa22ed7f53672b1,,,,,,,,,,,,,,,,,1.0,"Retention is frequency under declared balanced sensitivity scenarios, not probability/confidence."
009b2d5981920ad66905,4.0,3.0,4.0,0.30859375,1.0,1.0,2.0,0.5,3.0,2.0,4.0,0.33203125,3.0,2.0,3.0,0.51953125,0.75390625,"Retention is frequency under declared balanced sensitivity scenarios, not probability/confidence."
00b5ffdb3a8e5d4d817d,1.0,1.0,2.0,0.5,,,,,2.0,1.0,3.0,0.32421875,1.0,1.0,2.0,0.41015625,0.1640625,"Retention is frequency under declared balanced sensitivity scenarios, not probability/confidence."
00c49fa9b7c63f5747c7,3.0,2.0,3.0,0.390625,,,,,2.0,1.0,3.0,0.29296875,2.0,2.0,3.0,0.50390625,0.6484375,"Retention is frequency under declared balanced sensitivity scenarios, not probability/confidence."
00ca98246e83bb4fe2c2,1.0,1.0,2.0,0.5,,,,,2.0,1.0,3.0,0.33984375,1.0,1.0,2.0,0.390625,0.07421875,"Retention is frequency under declared balanced sensitivity scenarios, not probability/confidence."
00df7bd84040bd8e58bf,,,,,,,,,,,,,,,,,1.0,"Retention is frequency under declared balanced sensitivity scenarios, not probability/confidence."
00f3245733a6a120e38a,,,,,,,,,,,,,,,,,1.0,"Retention is frequency under declared balanced sensitivity scenarios, not probability/confidence."
01296d9c61bee4798561,2.0,1.0,2.0,0.5,,,,,3.0,2.0,3.0,0.26171875,2.0,1.0,2.0,0.73046875,0.046875,"Retention is frequency under declared balanced sensitivity scenarios, not probability/confidence."
012e3c6ece1c82e81ca5,2.0,2.0,3.0,0.6328125,1.0,1.0,2.0,0.5,2.0,1.0,3.0,0.50390625,3.0,2.0,3.0,0.53125,0.4765625,"Retention is frequency under declared balanced sensitivity scenarios, not probability/confidence."
0142ff160f319ba3298c,1.0,1.0,2.0,0.5,,,,,2.0,1.0,3.0,0.33984375,1.0,1.0,2.0,0.390625,0.17578125,"Retention is frequency under declared balanced sensitivity scenarios, not probability/confidence."
014fea265219156a20fc,,,,,,,,,,,,,,,,,1.0,"Retention is frequency under declared balanced sensitivity scenarios, not probability/confidence."
015c1c537285ad740d63,4.0,3.0,4.0,0.25390625,,,,,4.0,3.0,4.0,0.2421875,4.0,3.0,4.0,0.70703125,0.3359375,"Retention is frequency under declared balanced sensitivity scenarios, not probability/confidence."
015ccd612ee31eb6e295,,,,,,,,,2.0,1.0,3.0,0.30859375,4.0,3.0,4.0,0.65234375,0.66796875,"Retention is frequency under declared balanced sensitivity scenarios, not probability/confidence."
0167ddc99bd36f2deca8,2.0,1.0,2.0,0.5,,,,,3.0,2.0,3.0,0.22265625,1.0,1.0,2.0,0.43359375,0.3828125,"Retention is frequency under declared balanced sensitivity scenarios, not probability/confidence."
01699901dd27f2bfeb15,,,,,,,,,,,,,,,,,1.0,"Retention is frequency under declared balanced sensitivity scenarios, not probability/confidence."
01a0b4ce6d9c6f274891,4.0,3.0,4.0,0.30859375,3.0,2.0,3.0,0.5,3.0,2.0,4.0,0.33203125,3.0,2.0,3.0,0.51953125,0.66796875,"Retention is frequency under declared balanced sensitivity scenarios, not probability/confidence."
01a7b4118d646e74dcf6,1.0,1.0,2.0,0.5,,,,,2.0,1.0,3.0,0.33984375,1.0,1.0,2.0,0.390625,0.07421875,"Retention is frequency under declared balanced sensitivity scenarios, not probability/confidence."
01b780052c237bb49f74,2.0,2.0,3.0,0.6328125,,,,,2.0,1.0,3.0,0.50390625,3.0,2.0,3.0,0.53125,0.01953125,"Retention is frequency under declared balanced sensitivity scenarios, not probability/confidence."
01bed99e90f09bd66912,4.0,3.0,4.0,0.30859375,3.0,2.0,3.0,0.5,3.0,2.0,4.0,0.33203125,3.0,2.0,3.0,0.51953125,0.43359375,"Retention is frequency under declared balanced sensitivity scenarios, not probability/confidence."
01e9b911d01aa3e631d3,4.0,3.0,4.0,0.30859375,3.0,2.0,3.0,0.5,3.0,2.0,4.0,0.33203125,3.0,2.0,3.0,0.51953125,0.66796875,"Retention is frequency under declared balanced sensitivity scenarios, not probability/confidence."
022ec346426a24615d2b,3.0,2.0,3.0,0.390625,,,,,2.0,1.0,3.0,0.29296875,2.0,2.0,3.0,0.50390625,0.6484375,"Retention is frequency under declared balanced sensitivity scenarios, not probability/confidence."
023ecb0b32afe0ae776f,4.0,3.0,4.0,0.375,4.0,3.0,4.0,0.24609375,4.0,3.0,4.0,0.2421875,3.0,2.0,3.0,0.75390625,0.2421875,"Retention is frequency under declared balanced sensitivity scenarios, not probability/confidence."
023eedcdd456ab459b04,2.0,2.0,3.0,0.6328125,,,,,2.0,1.0,3.0,0.50390625,3.0,2.0,3.0,0.53125,0.01953125,"Retention is frequency under declared balanced sensitivity scenarios, not probability/confidence."
02449efc7a0269a663fd,1.0,1.0,2.0,0.5,,,,,2.0,1.0,3.0,0.33984375,1.0,1.0,2.0,0.390625,0.17578125,"Retention is frequency under declared balanced sensitivity scenarios, not probability/confidence."
0258d8e77c63ccffed05,2.0,2.0,3.0,0.62109375,,,,,3.0,2.0,3.0,0.23046875,2.0,2.0,3.0,0.51953125,0.01953125,"Retention is frequency under declared balanced sensitivity scenarios, not probability/confidence."
0270b1a4c3a3966e6ad8,3.0,2.0,3.0,0.390625,,,,,2.0,1.0,3.0,0.29296875,2.0,2.0,3.0,0.50390625,0.6484375,"Retention is frequency under declared balanced sensitivity scenarios, not probability/confidence."
028350ceb5749be08b94,2.0,2.0,3.0,0.62890625,,,,,2.0,1.0,2.0,0.24609375,4.0,4.0,4.0,1.0,0.44921875,"Retention is frequency under declared balanced sensitivity scenarios, not probability/confidence."
02886ed6d0d7f795ef3e,3.0,2.0,3.0,0.390625,,,,,2.0,1.0,3.0,0.29296875,2.0,2.0,3.0,0.50390625,0.6484375,"Retention is frequency under declared balanced sensitivity scenarios, not probability/confidence."
02898fd16b60c7faed0d,4.0,3.0,4.0,0.30859375,1.0,1.0,2.0,0.5,3.0,2.0,4.0,0.33203125,3.0,2.0,3.0,0.51953125,0.75390625,"Retention is frequency under declared balanced sensitivity scenarios, not probability/confidence."
029fa4feb1af161a9e9b,2.0,1.0,2.0,0.5,,,,,3.0,2.0,3.0,0.22265625,1.0,1.0,2.0,0.43359375,0.3828125,"Retention is frequency under declared balanced sensitivity scenarios, not probability/confidence."
02a0d19d01e36320f7b2,2.0,1.0,2.0,0.5,,,,,3.0,2.0,3.0,0.22265625,1.0,1.0,2.0,0.34375,0.265625,"Retention is frequency under declared balanced sensitivity scenarios, not probability/confidence."
02b6474c2a22b44f5c84,3.0,2.0,3.0,0.390625,,,,,2.0,1.0,3.0,0.29296875,2.0,2.0,3.0,0.50390625,0.40625,"Retention is frequency under declared balanced sensitivity scenarios, not probability/confidence."
02c33fc48080b12ec645,4.0,3.0,4.0,0.375,1.0,1.0,2.0,0.33203125,4.0,3.0,4.0,0.41015625,3.0,2.0,3.0,0.75390625,0.44921875,"Retention is frequency under declared balanced sensitivity scenarios, not probability/confidence."
02dce3b27e2d8cf4a018,,,,,,,,,,,,,,,,,1.0,"Retention is frequency under declared balanced sensitivity scenarios, not probability/confidence."
0308e2c41ad575dbd364,4.0,3.0,4.0,0.30859375,3.0,2.0,3.0,0.5,3.0,2.0,4.0,0.33203125,3.0,2.0,3.0,0.51953125,0.66796875,"Retention is frequency under declared balanced sensitivity scenarios, not probability/confidence."
030b1278f321490869b3,2.0,2.0,3.0,0.62109375,,,,,3.0,2.0,3.0,0.23046875,2.0,2.0,3.0,0.51953125,0.01953125,"Retention is frequency under declared balanced sensitivity scenarios, not probability/confidence."
030d611b1704b4c7e9b0,2.0,2.0,3.0,0.62109375,,,,,3.0,2.0,3.0,0.23046875,2.0,2.0,3.0,0.51953125,0.0390625,"Retention is frequency under declared balanced sensitivity scenarios, not probability/confidence."
03142cd5cba171c54b85,,,,,,,,,,,,,,,,,1.0,"Retention is frequency under declared balanced sensitivity scenarios, not probability/confidence."
031b9a151580dccc299f,,,,,,,,,,,,,,,,,0.34765625,"Retention is frequency under declared balanced sensitivity scenarios, not probability/confidence."
031d7fbf7add52d01ee3,2.0,1.0,2.0,0.5,,,,,3.0,2.0,3.0,0.26171875,2.0,1.0,2.0,0.73046875,0.046875,"Retention is frequency under declared balanced sensitivity scenarios, not probability/confidence."
032c93eacde2d448124a,1.0,1.0,2.0,0.5,,,,,2.0,1.0,3.0,0.32421875,1.0,1.0,2.0,0.41015625,0.08203125,"Retention is frequency under declared balanced sensitivity scenarios, not probability/confidence."
033224036870954ae5ff,,,,,,,,,,,,,,,,,0.34765625,"Retention is frequency under declared balanced sensitivity scenarios, not probability/confidence."
03383b0633f743c5762a,2.0,2.0,3.0,0.62109375,,,,,3.0,2.0,3.0,0.23046875,2.0,2.0,3.0,0.51953125,0.01953125,"Retention is frequency under declared balanced sensitivity scenarios, not probability/confidence."
033954148c33dd28113e,,,,,,,,,,,,,,,,,1.0,"Retention is frequency under declared balanced sensitivity scenarios, not probability/confidence."
034c72ae23bc68e0969d,4.0,3.0,4.0,0.30859375,3.0,2.0,3.0,0.5,3.0,2.0,4.0,0.33203125,3.0,2.0,3.0,0.51953125,0.66796875,"Retention is frequency under declared balanced sensitivity scenarios, not probability/confidence."
0357655392180ebe6b9f,2.0,2.0,3.0,0.6328125,1.0,1.0,2.0,0.5,2.0,1.0,3.0,0.50390625,3.0,2.0,3.0,0.53125,0.4765625,"Retention is frequency under declared balanced sensitivity scenarios, not probability/confidence."
0371be9ebfa3db8bf7e0,2.0,1.0,2.0,0.5,,,,,3.0,2.0,3.0,0.26171875,2.0,1.0,2.0,0.73046875,0.046875,"Retention is frequency under declared balanced sensitivity scenarios, not probability/confidence."
03733fe722b3a8d0c438,,,,,,,,,,,,,,,,,1.0,"Retention is frequency under declared balanced sensitivity scenarios, not probability/confidence."
037f8e1b1da1d2c72c96,2.0,2.0,3.0,0.62109375,,,,,3.0,2.0,3.0,0.23046875,2.0,2.0,3.0,0.51953125,0.01953125,"Retention is frequency under declared balanced sensitivity scenarios, not probability/confidence."
0389b1a5e82b719066b6,,,,,,,,,,,,,,,,,1.0,"Retention is frequency under declared balanced sensitivity scenarios, not probability/confidence."
03aef093d52ac4a0a23e,1.0,1.0,2.0,0.5,,,,,2.0,1.0,3.0,0.32421875,1.0,1.0,2.0,0.41015625,0.08203125,"Retention is frequency under declared balanced sensitivity scenarios, not probability/confidence."
03b0a70f4d7c74bbf284,2.0,2.0,3.0,0.62109375,,,,,3.0,2.0,3.0,0.23046875,2.0,2.0,3.0,0.51953125,0.0390625,"Retention is frequency under declared balanced sensitivity scenarios, not probability/confidence."
03b3075456380151a83d,2.0,2.0,3.0,0.62890625,,,,,2.0,1.0,2.0,0.24609375,4.0,4.0,4.0,1.0,0.44921875,"Retention is frequency under declared balanced sensitivity scenarios, not probability/confidence."
03b8610af58019be70b6,4.0,3.0,4.0,0.35546875,,,,,4.0,3.0,4.0,0.2421875,4.0,3.0,4.0,0.70703125,0.66796875,"Retention is frequency under declared balanced sensitivity scenarios, not probability/confidence."
03c7fc023ead4a5238ac,4.0,3.0,4.0,0.5,,,,,4.0,3.0,4.0,0.5,4.0,3.0,4.0,0.70703125,0.66796875,"Retention is frequency under declared balanced sensitivity scenarios, not probability/confidence."
040d12353d6477849ceb,4.0,3.0,4.0,0.265625,,,,,4.0,3.0,4.0,0.2421875,4.0,3.0,4.0,0.70703125,0.23828125,"Retention is frequency under declared balanced sensitivity scenarios, not probability/confidence."
0427e2578e70633801bc,1.0,1.0,2.0,0.5,,,,,2.0,1.0,3.0,0.32421875,1.0,1.0,2.0,0.41015625,0.1640625,"Retention is frequency under declared balanced sensitivity scenarios, not probability/confidence."
0428a29c7fe40b744eff,,,,,,,,,,,,,,,,,0.4921875,"Retention is frequency under declared balanced sensitivity scenarios, not probability/confidence."
042c403bbb89156e60df,1.0,1.0,2.0,0.5,,,,,2.0,1.0,3.0,0.33984375,1.0,1.0,2.0,0.390625,0.17578125,"Retention is frequency under declared balanced sensitivity scenarios, not probability/confidence."
0433d1e5d386158f7ddd,1.0,1.0,2.0,0.5,,,,,2.0,1.0,3.0,0.33984375,1.0,1.0,2.0,0.390625,0.17578125,"Retention is frequency under declared balanced sensitivity scenarios, not probability/confidence."
043ea7c058d49ade78b3,3.0,2.0,3.0,0.390625,,,,,2.0,1.0,3.0,0.29296875,2.0,2.0,3.0,0.50390625,0.6484375,"Retention is frequency under declared balanced sensitivity scenarios, not probability/confidence."
0440942f7eba965dbee6,4.0,3.0,4.0,0.30859375,3.0,2.0,3.0,0.5,3.0,2.0,4.0,0.33203125,3.0,2.0,3.0,0.51953125,0.66796875,"Retention is frequency under declared balanced sensitivity scenarios, not probability/confidence."
04427da479035bf55952,3.0,3.0,4.0,0.765625,,,,,3.0,2.0,3.0,0.26171875,2.0,2.0,3.0,0.49609375,0.65234375,"Retention is frequency under declared balanced sensitivity scenarios, not probability/confidence."
046248ee903e7c730ede,,,,,,,,,,,,,,,,,1.0,"Retention is frequency under declared balanced sensitivity scenarios, not probability/confidence."
0463810f6574128ca8aa,,,,,,,,,,,,,,,,,1.0,"Retention is frequency under declared balanced sensitivity scenarios, not probability/confidence."
04673fdee114eb678f71,3.0,3.0,4.0,0.765625,,,,,3.0,2.0,3.0,0.26171875,2.0,2.0,3.0,0.49609375,0.65234375,"Retention is frequency under declared balanced sensitivity scenarios, not probability/confidence."
048aeaa92b2004ecf541,,,,,,,,,2.0,1.0,3.0,0.30859375,4.0,3.0,4.0,0.65234375,0.66796875,"Retention is frequency under declared balanced sensitivity scenarios, not probability/confidence."
048b92fb890f55d9083e,2.0,1.0,2.0,0.5,,,,,3.0,2.0,3.0,0.26171875,2.0,1.0,2.0,0.73046875,0.1640625,"Retention is frequency under declared balanced sensitivity scenarios, not probability/confidence."
04acfa6d1e8c20633ef6,4.0,3.0,4.0,0.35546875,,,,,4.0,3.0,4.0,0.2421875,4.0,3.0,4.0,0.70703125,0.66796875,"Retention is frequency under declared balanced sensitivity scenarios, not probability/confidence."
04b3aa8fdb055e43504e,2.0,2.0,3.0,0.62109375,,,,,3.0,2.0,3.0,0.23046875,2.0,2.0,3.0,0.51953125,0.0390625,"Retention is frequency under declared balanced sensitivity scenarios, not probability/confidence."
04e0753ab3bcbf2a17c9,,,,,,,,,,,,,,,,,1.0,"Retention is frequency under declared balanced sensitivity scenarios, not probability/confidence."
04ef97e44dc9b4d06263,1.0,1.0,2.0,0.5,,,,,2.0,1.0,3.0,0.33984375,1.0,1.0,2.0,0.390625,0.17578125,"Retention is frequency under declared balanced sensitivity scenarios, not probability/confidence."
04f992d66124a7857a89,3.0,3.0,4.0,0.765625,,,,,3.0,2.0,3.0,0.26171875,2.0,2.0,3.0,0.49609375,0.65234375,"Retention is frequency under declared balanced sensitivity scenarios, not probability/confidence."
04fad1e4fe378a00bff9,4.0,3.0,4.0,0.30859375,3.0,2.0,3.0,0.5,3.0,2.0,4.0,0.33203125,3.0,2.0,3.0,0.51953125,0.66796875,"Retention is frequency under declared balanced sensitivity scenarios, not probability/confidence."
0535193d0b557de8b8a8,2.0,2.0,3.0,0.6328125,3.0,2.0,3.0,0.23828125,2.0,1.0,3.0,0.50390625,3.0,2.0,3.0,0.53125,0.23046875,"Retention is frequency under declared balanced sensitivity scenarios, not probability/confidence."
054ca0655a4a21da8eb3,1.0,1.0,2.0,0.5,,,,,2.0,1.0,3.0,0.32421875,1.0,1.0,2.0,0.41015625,0.08203125,"Retention is frequency under declared balanced sensitivity scenarios, not probability/confidence."
054e26914504f6b0e1a5,3.0,3.0,4.0,0.765625,,,,,3.0,2.0,3.0,0.26171875,2.0,2.0,3.0,0.49609375,0.65234375,"Retention is frequency under declared balanced sensitivity scenarios, not probability/confidence."
05516895e3b135b0953e,2.0,1.0,2.0,0.5,,,,,3.0,2.0,3.0,0.26171875,2.0,1.0,2.0,0.73046875,0.046875,"Retention is frequency under declared balanced sensitivity scenarios, not probability/confidence."
0580383e2e50a1b593ef,3.0,3.0,4.0,0.7734375,,,,,3.0,2.0,3.0,0.23828125,2.0,2.0,3.0,0.49609375,0.625,"Retention is frequency under declared balanced sensitivity scenarios, not probability/confidence."
0596ec38f83fe861207b,3.0,3.0,4.0,0.765625,,,,,3.0,2.0,3.0,0.26171875,2.0,2.0,3.0,0.49609375,0.65234375,"Retention is frequency under declared balanced sensitivity scenarios, not probability/confidence."
059a4e759d714f09aefb,2.0,1.0,2.0,0.5,,,,,3.0,2.0,3.0,0.22265625,1.0,1.0,2.0,0.43359375,0.3828125,"Retention is frequency under declared balanced sensitivity scenarios, not probability/confidence."
059b5d92ac92ac86fa94,2.0,2.0,3.0,0.62109375,,,,,3.0,2.0,3.0,0.23046875,2.0,2.0,3.0,0.51953125,0.01953125,"Retention is frequency under declared balanced sensitivity scenarios, not probability/confidence."
059ce0eec5978b38542f,4.0,3.0,4.0,0.35546875,,,,,4.0,3.0,4.0,0.2421875,4.0,3.0,4.0,0.70703125,0.66796875,"Retention is frequency under declared balanced sensitivity scenarios, not probability/confidence."
05a77f74dd5c0866e9f1,4.0,3.0,4.0,0.30859375,3.0,2.0,3.0,0.5,3.0,2.0,4.0,0.33203125,3.0,2.0,3.0,0.51953125,0.66796875,"Retention is frequency under declared balanced sensitivity scenarios, not probability/confidence."
05aa61c1f6144ae2699e,4.0,3.0,4.0,0.30859375,3.0,2.0,3.0,0.5,3.0,2.0,4.0,0.33203125,3.0,2.0,3.0,0.51953125,0.43359375,"Retention is frequency under declared balanced sensitivity scenarios, not probability/confidence."
05b2a79e3cb84c8f57db,3.0,3.0,4.0,0.765625,,,,,3.0,2.0,3.0,0.26171875,2.0,2.0,3.0,0.49609375,0.65234375,"Retention is frequency under declared balanced sensitivity scenarios, not probability/confidence."
05c4e292f6a46e6a9dc6,4.0,3.0,4.0,0.30859375,3.0,2.0,3.0,0.5,3.0,2.0,4.0,0.33203125,3.0,2.0,3.0,0.51953125,0.66796875,"Retention is frequency under declared balanced sensitivity scenarios, not probability/confidence."
05d473f3dc04957ba29a,3.0,2.0,3.0,0.390625,,,,,2.0,1.0,3.0,0.29296875,2.0,2.0,3.0,0.50390625,0.40625,"Retention is frequency under declared balanced sensitivity scenarios, not probability/confidence."
05d8acee6d15a00d5fc0,,,,,,,,,,,,,,,,,1.0,"Retention is frequency under declared balanced sensitivity scenarios, not probability/confidence."
05e58e7f61a74b08dbbe,,,,,,,,,,,,,,,,,0.5,"Retention is frequency under declared balanced sensitivity scenarios, not probability/confidence."
05f21f0e84928d76e6d6,4.0,3.0,4.0,0.296875,,,,,4.0,3.0,4.0,0.2421875,4.0,3.0,4.0,0.70703125,0.50390625,"Retention is frequency under declared balanced sensitivity scenarios, not probability/confidence."
05f54303880f8607c992,2.0,1.0,2.0,0.5,,,,,3.0,2.0,3.0,0.26171875,2.0,1.0,2.0,0.73046875,0.1640625,"Retention is frequency under declared balanced sensitivity scenarios, not probability/confidence."
05fa87403478c6cdeb91,,,,,,,,,,,,,,,,,1.0,"Retention is frequency under declared balanced sensitivity scenarios, not probability/confidence."
05fab6b7ad7454528c0c,2.0,2.0,3.0,0.62890625,,,,,2.0,1.0,2.0,0.24609375,4.0,4.0,4.0,1.0,0.44921875,"Retention is frequency under declared balanced sensitivity scenarios, not probability/confidence."
0620972da790df883dbf,1.0,1.0,2.0,0.5,,,,,2.0,1.0,3.0,0.32421875,1.0,1.0,2.0,0.41015625,0.1640625,"Retention is frequency under declared balanced sensitivity scenarios, not probability/confidence."
06321bf09fcad8ea15f2,4.0,3.0,4.0,0.30859375,3.0,2.0,3.0,0.5,3.0,2.0,4.0,0.33203125,3.0,2.0,3.0,0.51953125,0.66796875,"Retention is frequency under declared balanced sensitivity scenarios, not probability/confidence."
0635843fd8a4b7d64def,4.0,3.0,4.0,0.35546875,,,,,4.0,3.0,4.0,0.2421875,4.0,3.0,4.0,0.70703125,0.6640625,"Retention is frequency under declared balanced sensitivity scenarios, not probability/confidence."
0640a197f4d311a0ab1e,2.0,1.0,2.0,0.5,,,,,3.0,2.0,3.0,0.26171875,2.0,1.0,2.0,0.73046875,0.1640625,"Retention is frequency under declared balanced sensitivity scenarios, not probability/confidence."
0640b486886cfe18e038,,,,,,,,,,,,,,,,,1.0,"Retention is frequency under declared balanced sensitivity scenarios, not probability/confidence."
064aeb2505c7cca91044,4.0,3.0,4.0,0.30859375,3.0,2.0,3.0,0.5,3.0,2.0,4.0,0.33203125,3.0,2.0,3.0,0.51953125,0.66796875,"Retention is frequency under declared balanced sensitivity scenarios, not probability/confidence."
065a8c327c0c12050204,4.0,3.0,4.0,0.375,4.0,3.0,4.0,0.23828125,4.0,3.0,4.0,0.2421875,3.0,2.0,3.0,0.75390625,0.27734375,"Retention is frequency under declared balanced sensitivity scenarios, not probability/confidence."
065b0a5cdd908e1e10e5,1.0,1.0,2.0,0.5,,,,,2.0,1.0,3.0,0.33984375,1.0,1.0,2.0,0.390625,0.17578125,"Retention is frequency under declared balanced sensitivity scenarios, not probability/confidence."
067733d02bc864db5948,,,,,,,,,,,,,,,,,1.0,"Retention is frequency under declared balanced sensitivity scenarios, not probability/confidence."
067d4e34c8e199419b87,2.0,2.0,3.0,0.62109375,,,,,3.0,2.0,3.0,0.23046875,2.0,2.0,3.0,0.51953125,0.01953125,"Retention is frequency under declared balanced sensitivity scenarios, not probability/confidence."
0681d4ee41728351303f,1.0,1.0,2.0,0.5,,,,,2.0,1.0,3.0,0.33984375,1.0,1.0,2.0,0.390625,0.17578125,"Retention is frequency under declared balanced sensitivity scenarios, not probability/confidence."
0686ca6de217374c5393,3.0,3.0,4.0,0.765625,,,,,3.0,2.0,3.0,0.26171875,2.0,2.0,3.0,0.49609375,0.65234375,"Retention is frequency under declared balanced sensitivity scenarios, not probability/confidence."
069355ffe2792d2c7a7a,2.0,2.0,3.0,0.62109375,,,,,3.0,2.0,3.0,0.23046875,2.0,2.0,3.0,0.51953125,0.0390625,"Retention is frequency under declared balanced sensitivity scenarios, not probability/confidence."
06a9392ec63566388962,,,,,,,,,,,,,,,,,1.0,"Retention is frequency under declared balanced sensitivity scenarios, not probability/confidence."
06e9697427d6c8015fed,,,,,,,,,,,,,,,,,0.4921875,"Retention is frequency under declared balanced sensitivity scenarios, not probability/confidence."
06f77e65a3d5327aefd2,2.0,2.0,3.0,0.6328125,3.0,2.0,3.0,0.23828125,2.0,1.0,3.0,0.50390625,3.0,2.0,3.0,0.53125,0.23046875,"Retention is frequency under declared balanced sensitivity scenarios, not probability/confidence."
06ff0f427e0764f1842f,1.0,1.0,2.0,0.5,,,,,2.0,1.0,3.0,0.32421875,1.0,1.0,2.0,0.41015625,0.1640625,"Retention is frequency under declared balanced sensitivity scenarios, not probability/confidence."
070008719ca8cb3ce86e,3.0,2.0,3.0,0.390625,,,,,2.0,1.0,3.0,0.29296875,2.0,2.0,3.0,0.50390625,0.6484375,"Retention is frequency under declared balanced sensitivity scenarios, not probability/confidence."
0700841b3646a954ebdf,4.0,3.0,4.0,0.35546875,,,,,4.0,3.0,4.0,0.2421875,4.0,3.0,4.0,0.70703125,0.66796875,"Retention is frequency under declared balanced sensitivity scenarios, not probability/confidence."
070481faa51357a0afc6,2.0,1.0,2.0,0.5,,,,,3.0,2.0,3.0,0.26171875,2.0,1.0,2.0,0.73046875,0.046875,"Retention is frequency under declared balanced sensitivity scenarios, not probability/confidence."
0717e1ced0ac8f5edeb8,4.0,3.0,4.0,0.375,1.0,1.0,2.0,0.33203125,4.0,3.0,4.0,0.41015625,3.0,2.0,3.0,0.75390625,0.47265625,"Retention is frequency under declared balanced sensitivity scenarios, not probability/confidence."
0726236eef7414b4fc3b,4.0,3.0,4.0,0.30859375,3.0,2.0,3.0,0.5,3.0,2.0,4.0,0.33203125,3.0,2.0,3.0,0.51953125,0.66796875,"Retention is frequency under declared balanced sensitivity scenarios, not probability/confidence."
0741cafaa7bdb06c7e1c,,,,,,,,,,,,,,,,,1.0,"Retention is frequency under declared balanced sensitivity scenarios, not probability/confidence."
07729bd0f620a12f58e7,,,,,,,,,,,,,,,,,0.34765625,"Retention is frequency under declared balanced sensitivity scenarios, not probability/confidence."
07789a601d1228ff18e5,2.0,2.0,3.0,0.6328125,,,,,2.0,1.0,3.0,0.50390625,3.0,2.0,3.0,0.53125,0.01953125,"Retention is frequency under declared balanced sensitivity scenarios, not probability/confidence."
077c7cc1694785f472c3,4.0,3.0,4.0,0.30859375,3.0,2.0,3.0,0.5,3.0,2.0,4.0,0.33203125,3.0,2.0,3.0,0.51953125,0.66796875,"Retention is frequency under declared balanced sensitivity scenarios, not probability/confidence."
0786538720e834f7d85d,4.0,3.0,4.0,0.375,1.0,1.0,2.0,0.33203125,4.0,3.0,4.0,0.41015625,3.0,2.0,3.0,0.75390625,0.47265625,"Retention is frequency under declared balanced sensitivity scenarios, not probability/confidence."
07927a5e9f011fac5584,,,,,,,,,,,,,,,,,1.0,"Retention is frequency under declared balanced sensitivity scenarios, not probability/confidence."
07a7674c6191bfad2b8e,2.0,2.0,3.0,0.62890625,,,,,2.0,1.0,2.0,0.24609375,4.0,4.0,4.0,1.0,0.44140625,"Retention is frequency under declared balanced sensitivity scenarios, not probability/confidence."
07d6e04e06e53febd3d9,,,,,,,,,,,,,,,,,1.0,"Retention is frequency under declared balanced sensitivity scenarios, not probability/confidence."
07df5ebd9b29ff7c5532,3.0,3.0,4.0,0.765625,,,,,3.0,2.0,3.0,0.26171875,2.0,2.0,3.0,0.49609375,0.65234375,"Retention is frequency under declared balanced sensitivity scenarios, not probability/confidence."
07e60bf9c5f5cda4ebf3,3.0,2.0,3.0,0.390625,,,,,2.0,1.0,3.0,0.29296875,2.0,2.0,3.0,0.50390625,0.40625,"Retention is frequency under declared balanced sensitivity scenarios, not probability/confidence."
07eb2bdce6a1f7338933,,,,,,,,,,,,,,,,,0.5,"Retention is frequency under declared balanced sensitivity scenarios, not probability/confidence."
07ed413bfc27e7f84a6f,3.0,3.0,4.0,0.765625,,,,,3.0,2.0,3.0,0.26171875,2.0,2.0,3.0,0.49609375,0.65234375,"Retention is frequency under declared balanced sensitivity scenarios, not probability/confidence."
07ef016dc62988431cfe,,,,,,,,,,,,,,,,,1.0,"Retention is frequency under declared balanced sensitivity scenarios, not probability/confidence."
0808fa42c6545a1f762c,3.0,2.0,3.0,0.390625,,,,,2.0,1.0,3.0,0.29296875,2.0,2.0,3.0,0.50390625,0.6484375,"Retention is frequency under declared balanced sensitivity scenarios, not probability/confidence."
080c54852d137b27aea9,4.0,3.0,4.0,0.375,4.0,3.0,4.0,0.24609375,4.0,3.0,4.0,0.2421875,3.0,2.0,3.0,0.75390625,0.34375,"Retention is frequency under declared balanced sensitivity scenarios, not probability/confidence."
081c7df6758ab784c46a,3.0,2.0,3.0,0.390625,,,,,2.0,1.0,3.0,0.29296875,2.0,2.0,3.0,0.50390625,0.6484375,"Retention is frequency under declared balanced sensitivity scenarios, not probability/confidence."
08267887d0ed0044006e,,,,,,,,,,,,,,,,,1.0,"Retention is frequency under declared balanced sensitivity scenarios, not probability/confidence."
082800a27fdb50d68854,,,,,,,,,,,,,,,,,0.4921875,"Retention is frequency under declared balanced sensitivity scenarios, not probability/confidence."
0875af1fd08679384109,4.0,3.0,4.0,0.30859375,3.0,2.0,3.0,0.5,3.0,2.0,4.0,0.33203125,3.0,2.0,3.0,0.51953125,0.66796875,"Retention is frequency under declared balanced sensitivity scenarios, not probability/confidence."
08b01eb408aa33dcac3f,1.0,1.0,2.0,0.5,,,,,2.0,1.0,3.0,0.32421875,1.0,1.0,2.0,0.41015625,0.08203125,"Retention is frequency under declared balanced sensitivity scenarios, not probability/confidence."
08b922e872f0002e4aa6,2.0,2.0,3.0,0.62890625,,,,,2.0,1.0,2.0,0.24609375,4.0,4.0,4.0,1.0,0.44921875,"Retention is frequency under declared balanced sensitivity scenarios, not probability/confidence."
08c103cba5a8e6b141bd,1.0,1.0,2.0,0.5,,,,,2.0,1.0,3.0,0.33984375,1.0,1.0,2.0,0.390625,0.07421875,"Retention is frequency under declared balanced sensitivity scenarios, not probability/confidence."
08e4f8019a3930328a31,1.0,1.0,2.0,0.5,,,,,2.0,1.0,3.0,0.33984375,1.0,1.0,2.0,0.390625,0.17578125,"Retention is frequency under declared balanced sensitivity scenarios, not probability/confidence."
08ee90e21c1b408a4271,4.0,3.0,4.0,0.375,4.0,3.0,4.0,0.23828125,4.0,3.0,4.0,0.2421875,3.0,2.0,3.0,0.75390625,0.2109375,"Retention is frequency under declared balanced sensitivity scenarios, not probability/confidence."
08f5f3f9d185aa413849,4.0,3.0,4.0,0.35546875,,,,,4.0,3.0,4.0,0.2421875,4.0,3.0,4.0,0.70703125,0.66796875,"Retention is frequency under declared balanced sensitivity scenarios, not probability/confidence."
08f6a3045ec9c0e38131,,,,,,,,,,,,,,,,,1.0,"Retention is frequency under declared balanced sensitivity scenarios, not probability/confidence."
09114ace8330c6a25802,4.0,3.0,4.0,0.30859375,3.0,2.0,3.0,0.5,3.0,2.0,4.0,0.33203125,3.0,2.0,3.0,0.51953125,0.66796875,"Retention is frequency under declared balanced sensitivity scenarios, not probability/confidence."
09364df7fdb86d947eb8,,,,,,,,,,,,,,,,,1.0,"Retention is frequency under declared balanced sensitivity scenarios, not probability/confidence."
09685c848a2ee6585372,1.0,1.0,2.0,0.5,,,,,2.0,1.0,3.0,0.33984375,1.0,1.0,2.0,0.390625,0.17578125,"Retention is frequency under declared balanced sensitivity scenarios, not probability/confidence."
09c2c0edf36ed7c82d6b,2.0,2.0,3.0,0.6328125,,,,,2.0,1.0,3.0,0.50390625,3.0,2.0,3.0,0.53125,0.01953125,"Retention is frequency under declared balanced sensitivity scenarios, not probability/confidence."
09dc4270896d983f0321,2.0,2.0,3.0,0.62109375,,,,,3.0,2.0,3.0,0.23046875,2.0,2.0,3.0,0.51953125,0.0390625,"Retention is frequency under declared balanced sensitivity scenarios, not probability/confidence."
09e3d83f7af3e65eef8c,,,,,,,,,2.0,1.0,3.0,0.30859375,4.0,3.0,4.0,0.65234375,0.66796875,"Retention is frequency under declared balanced sensitivity scenarios, not probability/confidence."
09ef38d257c3ce1ceec4,3.0,2.0,3.0,0.390625,,,,,2.0,1.0,3.0,0.29296875,2.0,2.0,3.0,0.50390625,0.6484375,"Retention is frequency under declared balanced sensitivity scenarios, not probability/confidence."
09f199557264942d2c1e,2.0,2.0,3.0,0.6328125,,,,,2.0,1.0,3.0,0.50390625,3.0,2.0,3.0,0.53125,0.01953125,"Retention is frequency under declared balanced sensitivity scenarios, not probability/confidence."
09f762b0894d56fb1a9d,2.0,1.0,2.0,0.5,,,,,3.0,2.0,3.0,0.26171875,2.0,1.0,2.0,0.73046875,0.1640625,"Retention is frequency under declared balanced sensitivity scenarios, not probability/confidence."
0a0c921d2a1c5ca79b16,3.0,3.0,4.0,0.7734375,,,,,3.0,2.0,3.0,0.23828125,2.0,2.0,3.0,0.49609375,0.4296875,"Retention is frequency under declared balanced sensitivity scenarios, not probability/confidence."
0a0eb88cea532ca39f77,2.0,1.0,2.0,0.5,,,,,3.0,2.0,3.0,0.22265625,1.0,1.0,2.0,0.43359375,0.3828125,"Retention is frequency under declared balanced sensitivity scenarios, not probability/confidence."
0a0f99e88f8ecd23aa76,3.0,2.0,3.0,0.390625,,,,,2.0,1.0,3.0,0.29296875,2.0,2.0,3.0,0.50390625,0.6484375,"Retention is frequency under declared balanced sensitivity scenarios, not probability/confidence."
0a0fb5014da918282d78,3.0,2.0,3.0,0.390625,,,,,2.0,1.0,3.0,0.29296875,2.0,2.0,3.0,0.50390625,0.40625,"Retention is frequency under declared balanced sensitivity scenarios, not probability/confidence."
0a231936bb018f2a75f6,,,,,,,,,,,,,,,,,0.4921875,"Retention is frequency under declared balanced sensitivity scenarios, not probability/confidence."
0a39755bb481828cede0,,,,,,,,,,,,,,,,,1.0,"Retention is frequency under declared balanced sensitivity scenarios, not probability/confidence."
0a3e2e301e15fd08b5fb,4.0,3.0,4.0,0.375,4.0,3.0,4.0,0.24609375,4.0,3.0,4.0,0.2421875,3.0,2.0,3.0,0.75390625,0.2734375,"Retention is frequency under declared balanced sensitivity scenarios, not probability/confidence."
0a40e163aba20bea07ad,2.0,2.0,3.0,0.6328125,1.0,1.0,2.0,0.5,2.0,1.0,3.0,0.50390625,3.0,2.0,3.0,0.53125,0.4765625,"Retention is frequency under declared balanced sensitivity scenarios, not probability/confidence."
0a43f49036ad22389281,2.0,2.0,3.0,0.62109375,,,,,3.0,2.0,3.0,0.23046875,2.0,2.0,3.0,0.51953125,0.01953125,"Retention is frequency under declared balanced sensitivity scenarios, not probability/confidence."
0a68a345c168009be09d,4.0,3.0,4.0,0.296875,,,,,4.0,3.0,4.0,0.2421875,4.0,3.0,4.0,0.70703125,0.84765625,"Retention is frequency under declared balanced sensitivity scenarios, not probability/confidence."
0a6c9e5373e313572292,1.0,1.0,2.0,0.5,,,,,2.0,1.0,3.0,0.33984375,1.0,1.0,2.0,0.390625,0.17578125,"Retention is frequency under declared balanced sensitivity scenarios, not probability/confidence."
0a6fd51d422da3a82824,4.0,3.0,4.0,0.375,4.0,3.0,4.0,0.23828125,4.0,3.0,4.0,0.2421875,3.0,2.0,3.0,0.75390625,0.2109375,"Retention is frequency under declared balanced sensitivity scenarios, not probability/confidence."
0a99ea18eef834f784bd,4.0,3.0,4.0,0.30859375,1.0,1.0,2.0,0.5,3.0,2.0,4.0,0.33203125,3.0,2.0,3.0,0.51953125,0.41796875,"Retention is frequency under declared balanced sensitivity scenarios, not probability/confidence."
0ab697952d80e365c6e5,4.0,3.0,4.0,0.35546875,,,,,4.0,3.0,4.0,0.2421875,4.0,3.0,4.0,0.70703125,0.6640625,"Retention is frequency under declared balanced sensitivity scenarios, not probability/confidence."
0acbd208b616613369d9,3.0,3.0,4.0,0.7734375,,,,,3.0,2.0,3.0,0.23828125,2.0,2.0,3.0,0.49609375,0.625,"Retention is frequency under declared balanced sensitivity scenarios, not probability/confidence."
0ae3898f7786255e52b9,2.0,2.0,3.0,0.62109375,,,,,3.0,2.0,3.0,0.23046875,2.0,2.0,3.0,0.51953125,0.01953125,"Retention is frequency under declared balanced sensitivity scenarios, not probability/confidence."
0af24d8f8a7c8302167b,4.0,3.0,4.0,0.375,4.0,3.0,4.0,0.23828125,4.0,3.0,4.0,0.2421875,3.0,2.0,3.0,0.75390625,0.25,"Retention is frequency under declared balanced sensitivity scenarios, not probability/confidence."
0b2485ce17018a182ec7,2.0,2.0,3.0,0.6328125,,,,,2.0,1.0,3.0,0.50390625,3.0,2.0,3.0,0.53125,0.01953125,"Retention is frequency under declared balanced sensitivity scenarios, not probability/confidence."
0b2e80a2499a1f5360b1,,,,,,,,,,,,,,,,,0.4921875,"Retention is frequency under declared balanced sensitivity scenarios, not probability/confidence."
0b3237d70bef6d080892,2.0,2.0,3.0,0.62109375,,,,,3.0,2.0,3.0,0.23046875,2.0,2.0,3.0,0.51953125,0.0390625,"Retention is frequency under declared balanced sensitivity scenarios, not probability/confidence."
0b3ac36c25c869df7505,4.0,3.0,4.0,0.35546875,,,,,4.0,3.0,4.0,0.2421875,4.0,3.0,4.0,0.70703125,0.66796875,"Retention is frequency under declared balanced sensitivity scenarios, not probability/confidence."
0b3b2121f2bb6799d65b,1.0,1.0,2.0,0.5,,,,,2.0,1.0,3.0,0.33984375,1.0,1.0,2.0,0.390625,0.17578125,"Retention is frequency under declared balanced sensitivity scenarios, not probability/confidence."
0b60eb6134751ce75a4f,2.0,2.0,3.0,0.62890625,,,,,2.0,1.0,2.0,0.24609375,4.0,4.0,4.0,1.0,0.44921875,"Retention is frequency under declared balanced sensitivity scenarios, not probability/confidence."
0b65d421360b60b59575,4.0,3.0,4.0,0.296875,,,,,4.0,3.0,4.0,0.2421875,4.0,3.0,4.0,0.70703125,0.50390625,"Retention is frequency under declared balanced sensitivity scenarios, not probability/confidence."
0b724776cd1da102f502,,,,,,,,,,,,,,,,,1.0,"Retention is frequency under declared balanced sensitivity scenarios, not probability/confidence."
0b7d70bb9de0a14f6782,2.0,1.0,2.0,0.5,,,,,3.0,2.0,3.0,0.26171875,2.0,1.0,2.0,0.73046875,0.1640625,"Retention is frequency under declared balanced sensitivity scenarios, not probability/confidence."
0bb54c8b32bc1b848820,4.0,3.0,4.0,0.35546875,,,,,4.0,3.0,4.0,0.2421875,4.0,3.0,4.0,0.70703125,0.66796875,"Retention is frequency under declared balanced sensitivity scenarios, not probability/confidence."
0bc03e4e2aabf2a1c2e3,4.0,3.0,4.0,0.35546875,,,,,4.0,3.0,4.0,0.2421875,4.0,3.0,4.0,0.70703125,0.66796875,"Retention is frequency under declared balanced sensitivity scenarios, not probability/confidence."
0bd5f1b27c972c565dcb,4.0,3.0,4.0,0.35546875,,,,,4.0,3.0,4.0,0.2421875,4.0,3.0,4.0,0.70703125,0.6640625,"Retention is frequency under declared balanced sensitivity scenarios, not probability/confidence."
0bf7570abcaea7900380,,,,,,,,,,,,,,,,,1.0,"Retention is frequency under declared balanced sensitivity scenarios, not probability/confidence."
0c19c5dc7ebb55d92d56,1.0,1.0,2.0,0.5,,,,,2.0,1.0,3.0,0.33984375,1.0,1.0,2.0,0.390625,0.17578125,"Retention is frequency under declared balanced sensitivity scenarios, not probability/confidence."
0c2006ef676b68c1a038,3.0,2.0,3.0,0.390625,,,,,2.0,1.0,3.0,0.29296875,2.0,2.0,3.0,0.50390625,0.40625,"Retention is frequency under declared balanced sensitivity scenarios, not probability/confidence."
0c2f17af4eeef018d032,1.0,1.0,2.0,0.5,,,,,2.0,1.0,3.0,0.33984375,1.0,1.0,2.0,0.390625,0.17578125,"Retention is frequency under declared balanced sensitivity scenarios, not probability/confidence."
0c4546bded2e08c09002,,,,,,,,,,,,,,,,,1.0,"Retention is frequency under declared balanced sensitivity scenarios, not probability/confidence."
0c4a80b079bf9f85d55a,1.0,1.0,2.0,0.5,,,,,2.0,1.0,3.0,0.33984375,1.0,1.0,2.0,0.390625,0.17578125,"Retention is frequency under declared balanced sensitivity scenarios, not probability/confidence."
0c4bd4d66731b4cc4c6f,1.0,1.0,2.0,0.5,,,,,2.0,1.0,3.0,0.32421875,1.0,1.0,2.0,0.41015625,0.08203125,"Retention is frequency under declared balanced sensitivity scenarios, not probability/confidence."
0c59f0c4905561c6798f,,,,,,,,,,,,,,,,,1.0,"Retention is frequency under declared balanced sensitivity scenarios, not probability/confidence."
0cac2005d6d5a7c0d126,2.0,2.0,3.0,0.62109375,,,,,3.0,2.0,3.0,0.23046875,2.0,2.0,3.0,0.51953125,0.0390625,"Retention is frequency under declared balanced sensitivity scenarios, not probability/confidence."
0cb612f20549fb50f882,3.0,2.0,3.0,0.390625,,,,,2.0,1.0,3.0,0.29296875,2.0,2.0,3.0,0.50390625,0.6484375,"Retention is frequency under declared balanced sensitivity scenarios, not probability/confidence."
0cbbdf2f3ac5a74fc48d,2.0,2.0,3.0,0.62890625,,,,,2.0,1.0,2.0,0.24609375,4.0,4.0,4.0,1.0,0.44921875,"Retention is frequency under declared balanced sensitivity scenarios, not probability/confidence."
0cc0c3fe39a9082c4823,3.0,2.0,3.0,0.390625,,,,,2.0,1.0,3.0,0.29296875,2.0,2.0,3.0,0.50390625,0.40625,"Retention is frequency under declared balanced sensitivity scenarios, not probability/confidence."
0cc553f602de217e5206,2.0,2.0,3.0,0.62109375,,,,,3.0,2.0,3.0,0.23046875,2.0,2.0,3.0,0.51953125,0.0390625,"Retention is frequency under declared balanced sensitivity scenarios, not probability/confidence."
0cd4182dd1c94a7ab834,,,,,,,,,,,,,,,,,1.0,"Retention is frequency under declared balanced sensitivity scenarios, not probability/confidence."
0ce16543ea3b29146968,2.0,2.0,3.0,0.6328125,,,,,2.0,1.0,3.0,0.50390625,3.0,2.0,3.0,0.53125,0.46875,"Retention is frequency under declared balanced sensitivity scenarios, not probability/confidence."
0ceb7bf2133360bd3d1b,2.0,2.0,3.0,0.6328125,,,,,2.0,1.0,3.0,0.50390625,3.0,2.0,3.0,0.53125,0.01953125,"Retention is frequency under declared balanced sensitivity scenarios, not probability/confidence."
0ced4432c9ab7e0b4b9b,,,,,,,,,2.0,1.0,3.0,0.30859375,4.0,3.0,4.0,0.65234375,0.66796875,"Retention is frequency under declared balanced sensitivity scenarios, not probability/confidence."
0cfc21807b499d446a84,3.0,3.0,4.0,0.765625,,,,,3.0,2.0,3.0,0.26171875,2.0,2.0,3.0,0.49609375,0.65234375,"Retention is frequency under declared balanced sensitivity scenarios, not probability/confidence."
0d33c51b8fbb4e8f3b22,2.0,1.0,2.0,0.5,,,,,3.0,2.0,3.0,0.26171875,2.0,1.0,2.0,0.73046875,0.1640625,"Retention is frequency under declared balanced sensitivity scenarios, not probability/confidence."
0d4070a04ac6e1fdb445,2.0,1.0,2.0,0.5,,,,,3.0,2.0,3.0,0.26171875,2.0,1.0,2.0,0.73046875,0.1640625,"Retention is frequency under declared balanced sensitivity scenarios, not probability/confidence."
0d4bf6cf24d6a24e9f52,,,,,,,,,,,,,,,,,0.5,"Retention is frequency under declared balanced sensitivity scenarios, not probability/confidence."
0d5c471d5ad767a7a54c,1.0,1.0,2.0,0.5,,,,,2.0,1.0,3.0,0.33984375,1.0,1.0,2.0,0.390625,0.17578125,"Retention is frequency under declared balanced sensitivity scenarios, not probability/confidence."
0d66f28e0203e80c6520,2.0,2.0,3.0,0.6328125,,,,,2.0,1.0,3.0,0.50390625,3.0,2.0,3.0,0.53125,0.46875,"Retention is frequency under declared balanced sensitivity scenarios, not probability/confidence."
0d7223990b2a3310f586,4.0,3.0,4.0,0.35546875,,,,,4.0,3.0,4.0,0.2421875,4.0,3.0,4.0,0.70703125,0.6640625,"Retention is frequency under declared balanced sensitivity scenarios, not probability/confidence."
0d8954049e05f28afeb6,2.0,1.0,2.0,0.5,,,,,3.0,2.0,3.0,0.22265625,1.0,1.0,2.0,0.35546875,0.25390625,"Retention is frequency under declared balanced sensitivity scenarios, not probability/confidence."
0d933eb5de5efad04f94,4.0,3.0,4.0,0.375,4.0,3.0,4.0,0.23828125,4.0,3.0,4.0,0.2421875,3.0,2.0,3.0,0.75390625,0.2109375,"Retention is frequency under declared balanced sensitivity scenarios, not probability/confidence."
0d9e6b95c0b9cbf5a4d6,2.0,2.0,3.0,0.62890625,,,,,2.0,1.0,2.0,0.24609375,4.0,4.0,4.0,1.0,0.44921875,"Retention is frequency under declared balanced sensitivity scenarios, not probability/confidence."
0da21e4372fa8c5194f4,4.0,3.0,4.0,0.30859375,3.0,2.0,3.0,0.5,3.0,2.0,4.0,0.33203125,3.0,2.0,3.0,0.51953125,0.66796875,"Retention is frequency under declared balanced sensitivity scenarios, not probability/confidence."
0da80ddd17a37cca9444,1.0,1.0,2.0,0.5,,,,,2.0,1.0,3.0,0.32421875,1.0,1.0,2.0,0.41015625,0.1640625,"Retention is frequency under declared balanced sensitivity scenarios, not probability/confidence."
0db1456441fdac28640d,,,,,,,,,,,,,,,,,1.0,"Retention is frequency under declared balanced sensitivity scenarios, not probability/confidence."
0dc46be5daaf05bcef7e,,,,,,,,,,,,,,,,,0.53125,"Retention is frequency under declared balanced sensitivity scenarios, not probability/confidence."
0dca6869f3ec43e3b0e1,4.0,3.0,4.0,0.375,1.0,1.0,2.0,0.33203125,4.0,3.0,4.0,0.41015625,3.0,2.0,3.0,0.75390625,0.47265625,"Retention is frequency under declared balanced sensitivity scenarios, not probability/confidence."
0dcb815fb38a2d8aacb4,4.0,3.0,4.0,0.30859375,3.0,2.0,3.0,0.5,3.0,2.0,4.0,0.33203125,3.0,2.0,3.0,0.51953125,0.43359375,"Retention is frequency under declared balanced sensitivity scenarios, not probability/confidence."
0e2210e533e49443d944,2.0,2.0,3.0,0.6328125,,,,,2.0,1.0,3.0,0.50390625,3.0,2.0,3.0,0.53125,0.46875,"Retention is frequency under declared balanced sensitivity scenarios, not probability/confidence."
0e30b9ac991e14b7c1ef,3.0,3.0,4.0,0.7734375,,,,,3.0,2.0,3.0,0.23828125,2.0,2.0,3.0,0.49609375,0.625,"Retention is frequency under declared balanced sensitivity scenarios, not probability/confidence."
0e3f80046d6e6edcbe26,4.0,3.0,4.0,0.30859375,3.0,2.0,3.0,0.5,3.0,2.0,4.0,0.33203125,3.0,2.0,3.0,0.51953125,0.66796875,"Retention is frequency under declared balanced sensitivity scenarios, not probability/confidence."
0e492a4e2f82503067d3,,,,,,,,,,,,,,,,,1.0,"Retention is frequency under declared balanced sensitivity scenarios, not probability/confidence."
0e4a3f11e964416fc234,4.0,3.0,4.0,0.375,4.0,3.0,4.0,0.24609375,4.0,3.0,4.0,0.2421875,3.0,2.0,3.0,0.75390625,0.2421875,"Retention is frequency under declared balanced sensitivity scenarios, not probability/confidence."
0e61bddea46c7f9b197d,4.0,3.0,4.0,0.30859375,3.0,2.0,3.0,0.5,3.0,2.0,4.0,0.33203125,3.0,2.0,3.0,0.51953125,0.43359375,"Retention is frequency under declared balanced sensitivity scenarios, not probability/confidence."
0e62a56766573f53bdbe,2.0,2.0,3.0,0.62890625,,,,,2.0,1.0,2.0,0.24609375,4.0,4.0,4.0,1.0,0.44921875,"Retention is frequency under declared balanced sensitivity scenarios, not probability/confidence."
0e75875670845c960514,,,,,,,,,,,,,,,,,1.0,"Retention is frequency under declared balanced sensitivity scenarios, not probability/confidence."
0ea2554c0401ce6695c8,,,,,,,,,,,,,,,,,1.0,"Retention is frequency under declared balanced sensitivity scenarios, not probability/confidence."
0eacd8a1e3c82346f3c9,1.0,1.0,2.0,0.5,,,,,2.0,1.0,3.0,0.32421875,1.0,1.0,2.0,0.41015625,0.1640625,"Retention is frequency under declared balanced sensitivity scenarios, not probability/confidence."
0eb06b5f2932d194402b,,,,,,,,,,,,,,,,,1.0,"Retention is frequency under declared balanced sensitivity scenarios, not probability/confidence."
0eb0762e62a80454dc7c,3.0,3.0,4.0,0.765625,,,,,3.0,2.0,3.0,0.26171875,2.0,2.0,3.0,0.49609375,0.65234375,"Retention is frequency under declared balanced sensitivity scenarios, not probability/confidence."
0eb092da40bc2d68ba3d,,,,,,,,,,,,,,,,,1.0,"Retention is frequency under declared balanced sensitivity scenarios, not probability/confidence."
0ed38fe87f67f166d886,2.0,2.0,3.0,0.62109375,,,,,3.0,2.0,3.0,0.23046875,2.0,2.0,3.0,0.51953125,0.0390625,"Retention is frequency under declared balanced sensitivity scenarios, not probability/confidence."
0ed4f620eb7c904a1bb1,2.0,2.0,3.0,0.6328125,,,,,2.0,1.0,3.0,0.50390625,3.0,2.0,3.0,0.53125,0.46875,"Retention is frequency under declared balanced sensitivity scenarios, not probability/confidence."
0ede66b19d9790179120,,,,,,,,,,,,,,,,,0.5,"Retention is frequency under declared balanced sensitivity scenarios, not probability/confidence."
0edfaf67bc971684f0fb,4.0,3.0,4.0,0.375,4.0,3.0,4.0,0.24609375,4.0,3.0,4.0,0.2421875,3.0,2.0,3.0,0.75390625,0.2421875,"Retention is frequency under declared balanced sensitivity scenarios, not probability/confidence."
0f07fde061ecce787b64,2.0,2.0,3.0,0.62890625,,,,,2.0,1.0,2.0,0.24609375,4.0,4.0,4.0,1.0,0.44921875,"Retention is frequency under declared balanced sensitivity scenarios, not probability/confidence."
0f0e8ec6f28c5a67534b,2.0,1.0,2.0,0.5,,,,,3.0,2.0,3.0,0.26171875,2.0,1.0,2.0,0.73046875,0.046875,"Retention is frequency under declared balanced sensitivity scenarios, not probability/confidence."
0f2299afb5eaeb00d947,,,,,,,,,2.0,1.0,3.0,0.30859375,4.0,3.0,4.0,0.65234375,0.66796875,"Retention is frequency under declared balanced sensitivity scenarios, not probability/confidence."
0f28f67abf98e451ecd7,4.0,3.0,4.0,0.35546875,,,,,4.0,3.0,4.0,0.2421875,4.0,3.0,4.0,0.70703125,0.66796875,"Retention is frequency under declared balanced sensitivity scenarios, not probability/confidence."
0f44030fc50a195ca942,3.0,2.0,3.0,0.390625,,,,,2.0,1.0,3.0,0.29296875,2.0,2.0,3.0,0.50390625,0.6484375,"Retention is frequency under declared balanced sensitivity scenarios, not probability/confidence."
0f447c2d6eae89d81a3f,2.0,2.0,3.0,0.62890625,,,,,2.0,1.0,2.0,0.24609375,4.0,4.0,4.0,1.0,0.44921875,"Retention is frequency under declared balanced sensitivity scenarios, not probability/confidence."
0f716254552d9a6cd0e0,4.0,3.0,4.0,0.30859375,3.0,2.0,3.0,0.5,3.0,2.0,4.0,0.33203125,3.0,2.0,3.0,0.51953125,0.66796875,"Retention is frequency under declared balanced sensitivity scenarios, not probability/confidence."
0f8936ab3e21777e145c,,,,,,,,,,,,,,,,,1.0,"Retention is frequency under declared balanced sensitivity scenarios, not probability/confidence."
0f8c7b4f705cc1a51d08,3.0,3.0,4.0,0.765625,,,,,3.0,2.0,3.0,0.26171875,2.0,2.0,3.0,0.49609375,0.65234375,"Retention is frequency under declared balanced sensitivity scenarios, not probability/confidence."
0f912c8c61961f4c9801,,,,,,,,,,,,,,,,,1.0,"Retention is frequency under declared balanced sensitivity scenarios, not probability/confidence."
0f938e071c08aad78be2,2.0,1.0,2.0,0.5,,,,,3.0,2.0,3.0,0.26171875,2.0,1.0,2.0,0.73046875,0.046875,"Retention is frequency under declared balanced sensitivity scenarios, not probability/confidence."
0fa8a2fdc03966e42c02,,,,,,,,,,,,,,,,,0.4921875,"Retention is frequency under declared balanced sensitivity scenarios, not probability/confidence."
0fabcd8244a999fe8802,,,,,,,,,,,,,,,,,1.0,"Retention is frequency under declared balanced sensitivity scenarios, not probability/confidence."
0fac3f617349ac4faac5,4.0,3.0,4.0,0.35546875,,,,,4.0,3.0,4.0,0.2421875,4.0,3.0,4.0,0.70703125,0.66796875,"Retention is frequency under declared balanced sensitivity scenarios, not probability/confidence."
0fb8e7e3aa5526a097dc,,,,,,,,,,,,,,,,,1.0,"Retention is frequency under declared balanced sensitivity scenarios, not probability/confidence."
0fc2603d6c080f26bb1d,4.0,3.0,4.0,0.35546875,,,,,4.0,3.0,4.0,0.2421875,4.0,3.0,4.0,0.70703125,0.66796875,"Retention is frequency under declared balanced sensitivity scenarios, not probability/confidence."
0fd7135da050cb23f030,,,,,,,,,,,,,,,,,1.0,"Retention is frequency under declared balanced sensitivity scenarios, not probability/confidence."
10038b6a903a4c906926,2.0,2.0,3.0,0.62109375,,,,,3.0,2.0,3.0,0.23046875,2.0,2.0,3.0,0.51953125,0.01953125,"Retention is frequency under declared balanced sensitivity scenarios, not probability/confidence."
101ba54f19446046c192,3.0,3.0,4.0,0.765625,,,,,3.0,2.0,3.0,0.26171875,2.0,2.0,3.0,0.49609375,0.4140625,"Retention is frequency under declared balanced sensitivity scenarios, not probability/confidence."
1032dca90177fcb20031,4.0,3.0,4.0,0.30859375,3.0,2.0,3.0,0.5,3.0,2.0,4.0,0.33203125,3.0,2.0,3.0,0.51953125,0.66796875,"Retention is frequency under declared balanced sensitivity scenarios, not probability/confidence."
1033d33e72d65e683726,2.0,2.0,3.0,0.6328125,3.0,2.0,3.0,0.23828125,2.0,1.0,3.0,0.50390625,3.0,2.0,3.0,0.53125,0.23046875,"Retention is frequency under declared balanced sensitivity scenarios, not probability/confidence."
1056584d96014589e40c,3.0,3.0,4.0,0.765625,,,,,3.0,2.0,3.0,0.26171875,2.0,2.0,3.0,0.49609375,0.4140625,"Retention is frequency under declared balanced sensitivity scenarios, not probability/confidence."
1058d1403aa02b9db988,1.0,1.0,2.0,0.5,,,,,2.0,1.0,3.0,0.32421875,1.0,1.0,2.0,0.41015625,0.1640625,"Retention is frequency under declared balanced sensitivity scenarios, not probability/confidence."
10707fc2737ce4b73eae,2.0,2.0,3.0,0.62109375,,,,,3.0,2.0,3.0,0.23046875,2.0,2.0,3.0,0.51953125,0.01953125,"Retention is frequency under declared balanced sensitivity scenarios, not probability/confidence."
107a50a51ee18171baea,1.0,1.0,2.0,0.5,,,,,2.0,1.0,3.0,0.33984375,1.0,1.0,2.0,0.390625,0.07421875,"Retention is frequency under declared balanced sensitivity scenarios, not probability/confidence."
1090a268dd4fded840c1,4.0,3.0,4.0,0.35546875,,,,,4.0,3.0,4.0,0.2421875,4.0,3.0,4.0,0.70703125,0.66796875,"Retention is frequency under declared balanced sensitivity scenarios, not probability/confidence."
1097d4e6157469064a9c,2.0,1.0,2.0,0.5,,,,,3.0,2.0,3.0,0.26171875,2.0,1.0,2.0,0.73046875,0.1640625,"Retention is frequency under declared balanced sensitivity scenarios, not probability/confidence."
109ea43870ed69838255,3.0,3.0,4.0,0.765625,,,,,3.0,2.0,3.0,0.26171875,2.0,2.0,3.0,0.49609375,0.65234375,"Retention is frequency under declared balanced sensitivity scenarios, not probability/confidence."
109fe7bbcaab432db492,2.0,1.0,2.0,0.5,,,,,3.0,2.0,3.0,0.22265625,1.0,1.0,2.0,0.43359375,0.3828125,"Retention is frequency under declared balanced sensitivity scenarios, not probability/confidence."
10a197de64ef0fafab67,4.0,3.0,4.0,0.35546875,,,,,4.0,3.0,4.0,0.2421875,4.0,3.0,4.0,0.70703125,0.66796875,"Retention is frequency under declared balanced sensitivity scenarios, not probability/confidence."
10bc93c75a1d96cd2d42,,,,,,,,,,,,,,,,,1.0,"Retention is frequency under declared balanced sensitivity scenarios, not probability/confidence."
10cb38ad5197a36d01e7,4.0,3.0,4.0,0.375,4.0,3.0,4.0,0.24609375,4.0,3.0,4.0,0.2421875,3.0,2.0,3.0,0.75390625,0.2421875,"Retention is frequency under declared balanced sensitivity scenarios, not probability/confidence."
10d2fc5bd0d27b98ed9f,,,,,,,,,,,,,,,,,1.0,"Retention is frequency under declared balanced sensitivity scenarios, not probability/confidence."
10d3b7f47a36a6ffe665,2.0,2.0,3.0,0.6328125,,,,,2.0,1.0,3.0,0.50390625,3.0,2.0,3.0,0.53125,0.01953125,"Retention is frequency under declared balanced sensitivity scenarios, not probability/confidence."
10daa74deef06fc7507f,4.0,3.0,4.0,0.30859375,3.0,2.0,3.0,0.5,3.0,2.0,4.0,0.33203125,3.0,2.0,3.0,0.51953125,0.43359375,"Retention is frequency under declared balanced sensitivity scenarios, not probability/confidence."
10e10915e4da256d3bea,2.0,2.0,3.0,0.62890625,,,,,2.0,1.0,2.0,0.24609375,4.0,4.0,4.0,1.0,0.44140625,"Retention is frequency under declared balanced sensitivity scenarios, not probability/confidence."
10ecce2b9eb5b8f56651,4.0,3.0,4.0,0.35546875,,,,,4.0,3.0,4.0,0.2421875,4.0,3.0,4.0,0.70703125,0.66796875,"Retention is frequency under declared balanced sensitivity scenarios, not probability/confidence."
10f867a9a5fc39a7ae5f,3.0,2.0,3.0,0.390625,,,,,2.0,1.0,3.0,0.29296875,2.0,2.0,3.0,0.50390625,0.6484375,"Retention is frequency under declared balanced sensitivity scenarios, not probability/confidence."
110608504b538dab600c,1.0,1.0,2.0,0.5,,,,,2.0,1.0,3.0,0.33984375,1.0,1.0,2.0,0.390625,0.17578125,"Retention is frequency under declared balanced sensitivity scenarios, not probability/confidence."
11077f344ef069dc9710,1.0,1.0,2.0,0.5,,,,,2.0,1.0,3.0,0.33984375,1.0,1.0,2.0,0.390625,0.07421875,"Retention is frequency under declared balanced sensitivity scenarios, not probability/confidence."
113798f75c0221dd8af6,3.0,3.0,4.0,0.7734375,,,,,3.0,2.0,3.0,0.23828125,2.0,2.0,3.0,0.49609375,0.625,"Retention is frequency under declared balanced sensitivity scenarios, not probability/confidence."
1148ffef78ceb12fa6a5,,,,,,,,,,,,,,,,,1.0,"Retention is frequency under declared balanced sensitivity scenarios, not probability/confidence."
115e77d1ef74740c59ed,4.0,3.0,4.0,0.375,1.0,1.0,2.0,0.33203125,4.0,3.0,4.0,0.41015625,3.0,2.0,3.0,0.75390625,0.47265625,"Retention is frequency under declared balanced sensitivity scenarios, not probability/confidence."
116087693b14a0009180,3.0,2.0,3.0,0.390625,,,,,2.0,1.0,3.0,0.29296875,2.0,2.0,3.0,0.50390625,0.6484375,"Retention is frequency under declared balanced sensitivity scenarios, not probability/confidence."
1163b3cbb248af331556,2.0,2.0,3.0,0.62109375,,,,,3.0,2.0,3.0,0.23046875,2.0,2.0,3.0,0.51953125,0.0390625,"Retention is frequency under declared balanced sensitivity scenarios, not probability/confidence."
11813dc4c45820d91cfb,,,,,,,,,,,,,,,,,1.0,"Retention is frequency under declared balanced sensitivity scenarios, not probability/confidence."
1188c0f7381362a730f5,3.0,3.0,4.0,0.7734375,,,,,3.0,2.0,3.0,0.23828125,2.0,2.0,3.0,0.49609375,0.625,"Retention is frequency under declared balanced sensitivity scenarios, not probability/confidence."
118a9086566b7dca571f,2.0,2.0,3.0,0.6328125,,,,,2.0,1.0,3.0,0.50390625,3.0,2.0,3.0,0.53125,0.01953125,"Retention is frequency under declared balanced sensitivity scenarios, not probability/confidence."
118fd430700e6eebdc8f,3.0,3.0,4.0,0.765625,,,,,3.0,2.0,3.0,0.26171875,2.0,2.0,3.0,0.49609375,0.65234375,"Retention is frequency under declared balanced sensitivity scenarios, not probability/confidence."
1193d5d25b9a7429f853,,,,,,,,,2.0,1.0,3.0,0.30859375,4.0,3.0,4.0,0.65234375,0.6640625,"Retention is frequency under declared balanced sensitivity scenarios, not probability/confidence."
1195b498886fb879d026,2.0,2.0,3.0,0.6328125,,,,,2.0,1.0,3.0,0.50390625,3.0,2.0,3.0,0.53125,0.46875,"Retention is frequency under declared balanced sensitivity scenarios, not probability/confidence."
11a5e0150e617aa7d114,2.0,2.0,3.0,0.62890625,,,,,2.0,1.0,2.0,0.24609375,4.0,4.0,4.0,1.0,0.44140625,"Retention is frequency under declared balanced sensitivity scenarios, not probability/confidence."
11a63f7ffd27e30ac2a2,1.0,1.0,2.0,0.5,,,,,2.0,1.0,3.0,0.33984375,1.0,1.0,2.0,0.390625,0.17578125,"Retention is frequency under declared balanced sensitivity scenarios, not probability/confidence."
11aa9ed7f2e9295a9a12,4.0,3.0,4.0,0.375,4.0,3.0,4.0,0.23828125,4.0,3.0,4.0,0.2421875,3.0,2.0,3.0,0.75390625,0.25,"Retention is frequency under declared balanced sensitivity scenarios, not probability/confidence."
11c9771b4670794c0e88,1.0,1.0,2.0,0.5,,,,,2.0,1.0,3.0,0.32421875,1.0,1.0,2.0,0.41015625,0.1640625,"Retention is frequency under declared balanced sensitivity scenarios, not probability/confidence."
11c986f9706df7882570,1.0,1.0,2.0,0.5,,,,,2.0,1.0,3.0,0.32421875,1.0,1.0,2.0,0.41015625,0.1640625,"Retention is frequency under declared balanced sensitivity scenarios, not probability/confidence."
11e6081f0bdd79d85a97,1.0,1.0,2.0,0.5,,,,,2.0,1.0,3.0,0.32421875,1.0,1.0,2.0,0.41015625,0.1640625,"Retention is frequency under declared balanced sensitivity scenarios, not probability/confidence."
11ede62cded49bb2f54b,,,,,,,,,,,,,,,,,0.4921875,"Retention is frequency under declared balanced sensitivity scenarios, not probability/confidence."
11eeea9d0c87ef554ca1,,,,,,,,,,,,,,,,,0.4921875,"Retention is frequency under declared balanced sensitivity scenarios, not probability/confidence."
11f17c09f1a277ee983f,3.0,2.0,3.0,0.390625,,,,,2.0,1.0,3.0,0.29296875,2.0,2.0,3.0,0.50390625,0.6484375,"Retention is frequency under declared balanced sensitivity scenarios, not probability/confidence."
11f979a6ce3f526912ce,3.0,3.0,4.0,0.7734375,,,,,3.0,2.0,3.0,0.23828125,2.0,2.0,3.0,0.49609375,0.4296875,"Retention is frequency under declared balanced sensitivity scenarios, not probability/confidence."
1233af5e95e15826cdf2,2.0,2.0,3.0,0.62109375,,,,,3.0,2.0,3.0,0.23046875,2.0,2.0,3.0,0.51953125,0.01953125,"Retention is frequency under declared balanced sensitivity scenarios, not probability/confidence."
123e2efcb078662abaac,1.0,1.0,2.0,0.5,,,,,2.0,1.0,3.0,0.32421875,1.0,1.0,2.0,0.41015625,0.1640625,"Retention is frequency under declared balanced sensitivity scenarios, not probability/confidence."
12510c17f0a6ed965d43,3.0,3.0,4.0,0.765625,,,,,3.0,2.0,3.0,0.26171875,2.0,2.0,3.0,0.49609375,0.65234375,"Retention is frequency under declared balanced sensitivity scenarios, not probability/confidence."
12530605a6ea824d7368,1.0,1.0,2.0,0.5,,,,,2.0,1.0,3.0,0.32421875,1.0,1.0,2.0,0.41015625,0.1640625,"Retention is frequency under declared balanced sensitivity scenarios, not probability/confidence."
125b57af0fdb1fcf4dbd,,,,,,,,,,,,,,,,,0.4921875,"Retention is frequency under declared balanced sensitivity scenarios, not probability/confidence."
125dcbfe08bb88bcfffb,4.0,3.0,4.0,0.35546875,,,,,4.0,3.0,4.0,0.2421875,4.0,3.0,4.0,0.70703125,0.66796875,"Retention is frequency under declared balanced sensitivity scenarios, not probability/confidence."
126955d5011ee2e565ea,,,,,,,,,,,,,,,,,1.0,"Retention is frequency under declared balanced sensitivity scenarios, not probability/confidence."
127dfae35eb28db954d8,1.0,1.0,2.0,0.5,,,,,2.0,1.0,3.0,0.33984375,1.0,1.0,2.0,0.390625,0.17578125,"Retention is frequency under declared balanced sensitivity scenarios, not probability/confidence."
128ed6869df0d23e926b,2.0,2.0,3.0,0.62109375,,,,,3.0,2.0,3.0,0.23046875,2.0,2.0,3.0,0.51953125,0.01953125,"Retention is frequency under declared balanced sensitivity scenarios, not probability/confidence."
12914c97fc9f2d093277,1.0,1.0,2.0,0.5,,,,,2.0,1.0,3.0,0.32421875,1.0,1.0,2.0,0.41015625,0.1640625,"Retention is frequency under declared balanced sensitivity scenarios, not probability/confidence."
1299ac036a56e21685f9,3.0,2.0,3.0,0.390625,,,,,2.0,1.0,3.0,0.29296875,2.0,2.0,3.0,0.50390625,0.40625,"Retention is frequency under declared balanced sensitivity scenarios, not probability/confidence."
12b00f12965a214ba238,,,,,,,,,,,,,,,,,1.0,"Retention is frequency under declared balanced sensitivity scenarios, not probability/confidence."
130e6cb8bd4d69beedab,4.0,3.0,4.0,0.30859375,3.0,2.0,3.0,0.5,3.0,2.0,4.0,0.33203125,3.0,2.0,3.0,0.51953125,0.66796875,"Retention is frequency under declared balanced sensitivity scenarios, not probability/confidence."
130ec580e46a9cfba481,1.0,1.0,2.0,0.5,,,,,2.0,1.0,3.0,0.32421875,1.0,1.0,2.0,0.41015625,0.1640625,"Retention is frequency under declared balanced sensitivity scenarios, not probability/confidence."
1335c07067b21795cc53,2.0,1.0,2.0,0.5,,,,,3.0,2.0,3.0,0.26171875,2.0,1.0,2.0,0.73046875,0.046875,"Retention is frequency under declared balanced sensitivity scenarios, not probability/confidence."
133601f3fc9816c4b571,3.0,3.0,4.0,0.765625,,,,,3.0,2.0,3.0,0.26171875,2.0,2.0,3.0,0.49609375,0.65234375,"Retention is frequency under declared balanced sensitivity scenarios, not probability/confidence."
1341a79a975f23016159,4.0,3.0,4.0,0.35546875,,,,,4.0,3.0,4.0,0.2421875,4.0,3.0,4.0,0.70703125,0.66796875,"Retention is frequency under declared balanced sensitivity scenarios, not probability/confidence."
134abf2cc6e156eba89a,3.0,3.0,4.0,0.765625,,,,,3.0,2.0,3.0,0.26171875,2.0,2.0,3.0,0.49609375,0.65234375,"Retention is frequency under declared balanced sensitivity scenarios, not probability/confidence."
134e299327d9470e3552,3.0,3.0,4.0,0.765625,,,,,3.0,2.0,3.0,0.26171875,2.0,2.0,3.0,0.49609375,0.65234375,"Retention is frequency under declared balanced sensitivity scenarios, not probability/confidence."
13582537a2f4c8b484b6,4.0,3.0,4.0,0.30859375,3.0,2.0,3.0,0.5,3.0,2.0,4.0,0.33203125,3.0,2.0,3.0,0.51953125,0.66796875,"Retention is frequency under declared balanced sensitivity scenarios, not probability/confidence."
136a024df1a8470c2e34,3.0,3.0,4.0,0.7734375,,,,,3.0,2.0,3.0,0.23828125,2.0,2.0,3.0,0.49609375,0.4296875,"Retention is frequency under declared balanced sensitivity scenarios, not probability/confidence."
1376e38b48c286d9b57c,4.0,3.0,4.0,0.35546875,,,,,4.0,3.0,4.0,0.2421875,4.0,3.0,4.0,0.70703125,0.66796875,"Retention is frequency under declared balanced sensitivity scenarios, not probability/confidence."
138f7ba42e34378bebd6,4.0,3.0,4.0,0.35546875,,,,,4.0,3.0,4.0,0.2421875,4.0,3.0,4.0,0.70703125,0.66796875,"Retention is frequency under declared balanced sensitivity scenarios, not probability/confidence."
139c266f67c732175323,3.0,3.0,4.0,0.765625,,,,,3.0,2.0,3.0,0.26171875,2.0,2.0,3.0,0.49609375,0.65234375,"Retention is frequency under declared balanced sensitivity scenarios, not probability/confidence."
139e6a364e5c5bf56bac,2.0,2.0,3.0,0.6328125,,,,,2.0,1.0,3.0,0.50390625,3.0,2.0,3.0,0.53125,0.01953125,"Retention is frequency under declared balanced sensitivity scenarios, not probability/confidence."
13bb8b8cf8cd3b2f9418,2.0,2.0,3.0,0.6328125,1.0,1.0,2.0,0.5,2.0,1.0,3.0,0.50390625,3.0,2.0,3.0,0.53125,0.4765625,"Retention is frequency under declared balanced sensitivity scenarios, not probability/confidence."
13c68b6548c9286e188e,,,,,,,,,,,,,,,,,1.0,"Retention is frequency under declared balanced sensitivity scenarios, not probability/confidence."
13cbbe07618c24d95afb,,,,,,,,,,,,,,,,,0.4921875,"Retention is frequency under declared balanced sensitivity scenarios, not probability/confidence."
13e21061e6c7f336a9f8,4.0,3.0,4.0,0.375,4.0,3.0,4.0,0.23828125,4.0,3.0,4.0,0.2421875,3.0,2.0,3.0,0.75390625,0.2109375,"Retention is frequency under declared balanced sensitivity scenarios, not probability/confidence."
13ec23563c10f3cf6753,,,,,,,,,,,,,,,,,1.0,"Retention is frequency under declared balanced sensitivity scenarios, not probability/confidence."
13f8e93d6ae7d1573c82,1.0,1.0,2.0,0.5,,,,,2.0,1.0,3.0,0.32421875,1.0,1.0,2.0,0.41015625,0.1640625,"Retention is frequency under declared balanced sensitivity scenarios, not probability/confidence."
1406872b21ad43315fe4,4.0,3.0,4.0,0.375,1.0,1.0,2.0,0.33203125,4.0,3.0,4.0,0.41015625,3.0,2.0,3.0,0.75390625,0.47265625,"Retention is frequency under declared balanced sensitivity scenarios, not probability/confidence."
140bc5b1fe08dced4726,3.0,3.0,4.0,0.765625,,,,,3.0,2.0,3.0,0.26171875,2.0,2.0,3.0,0.49609375,0.65234375,"Retention is frequency under declared balanced sensitivity scenarios, not probability/confidence."
14386f10cc983964bb97,3.0,2.0,3.0,0.390625,,,,,2.0,1.0,3.0,0.29296875,2.0,2.0,3.0,0.50390625,0.6484375,"Retention is frequency under declared balanced sensitivity scenarios, not probability/confidence."
14544f7e06a3c87b7dbd,3.0,3.0,4.0,0.765625,,,,,3.0,2.0,3.0,0.26171875,2.0,2.0,3.0,0.49609375,0.65234375,"Retention is frequency under declared balanced sensitivity scenarios, not probability/confidence."
145bf0010a2b336d9f85,2.0,2.0,3.0,0.6328125,3.0,2.0,3.0,0.23828125,2.0,1.0,3.0,0.50390625,3.0,2.0,3.0,0.53125,0.23046875,"Retention is frequency under declared balanced sensitivity scenarios, not probability/confidence."
1485a864905aec1e5833,3.0,2.0,3.0,0.390625,,,,,2.0,1.0,3.0,0.29296875,2.0,2.0,3.0,0.50390625,0.6484375,"Retention is frequency under declared balanced sensitivity scenarios, not probability/confidence."
149464fb772645539378,1.0,1.0,2.0,0.5,,,,,2.0,1.0,3.0,0.32421875,1.0,1.0,2.0,0.41015625,0.1640625,"Retention is frequency under declared balanced sensitivity scenarios, not probability/confidence."
14a18a6a0a5b8b8d42df,2.0,2.0,3.0,0.62109375,,,,,3.0,2.0,3.0,0.23046875,2.0,2.0,3.0,0.51953125,0.01953125,"Retention is frequency under declared balanced sensitivity scenarios, not probability/confidence."
14bb6366645a44d4f752,4.0,3.0,4.0,0.375,4.0,3.0,4.0,0.23828125,4.0,3.0,4.0,0.2421875,3.0,2.0,3.0,0.75390625,0.27734375,"Retention is frequency under declared balanced sensitivity scenarios, not probability/confidence."
14bdc2063fc8edc63081,4.0,3.0,4.0,0.35546875,,,,,4.0,3.0,4.0,0.2421875,4.0,3.0,4.0,0.70703125,0.66796875,"Retention is frequency under declared balanced sensitivity scenarios, not probability/confidence."
14cf8328b19f278190eb,3.0,3.0,4.0,0.7734375,,,,,3.0,2.0,3.0,0.23828125,2.0,2.0,3.0,0.49609375,0.625,"Retention is frequency under declared balanced sensitivity scenarios, not probability/confidence."
14d793a50f8e7aa15e34,,,,,,,,,,,,,,,,,1.0,"Retention is frequency under declared balanced sensitivity scenarios, not probability/confidence."
1505ded55b89f1a8a634,1.0,1.0,2.0,0.5,,,,,2.0,1.0,3.0,0.33984375,1.0,1.0,2.0,0.390625,0.17578125,"Retention is frequency under declared balanced sensitivity scenarios, not probability/confidence."
1509d1b5583ee02759d6,,,,,,,,,2.0,1.0,3.0,0.30859375,4.0,3.0,4.0,0.65234375,0.66796875,"Retention is frequency under declared balanced sensitivity scenarios, not probability/confidence."
1517a3727821380a2490,4.0,3.0,4.0,0.375,4.0,3.0,4.0,0.23828125,4.0,3.0,4.0,0.2421875,3.0,2.0,3.0,0.75390625,0.13671875,"Retention is frequency under declared balanced sensitivity scenarios, not probability/confidence."
151db3d263935299d5db,1.0,1.0,2.0,0.5,,,,,2.0,1.0,3.0,0.32421875,1.0,1.0,2.0,0.41015625,0.1640625,"Retention is frequency under declared balanced sensitivity scenarios, not probability/confidence."
152aa578f09ad6f9d1ba,4.0,3.0,4.0,0.296875,,,,,4.0,3.0,4.0,0.2421875,4.0,3.0,4.0,0.70703125,0.50390625,"Retention is frequency under declared balanced sensitivity scenarios, not probability/confidence."
152f13adad0fb36bb330,3.0,3.0,4.0,0.765625,,,,,3.0,2.0,3.0,0.26171875,2.0,2.0,3.0,0.49609375,0.65234375,"Retention is frequency under declared balanced sensitivity scenarios, not probability/confidence."
153882e83a0058691225,,,,,,,,,2.0,1.0,3.0,0.30859375,4.0,3.0,4.0,0.65234375,0.66796875,"Retention is frequency under declared balanced sensitivity scenarios, not probability/confidence."
1540add3516aa72be37c,1.0,1.0,2.0,0.5,,,,,2.0,1.0,3.0,0.32421875,1.0,1.0,2.0,0.41015625,0.1640625,"Retention is frequency under declared balanced sensitivity scenarios, not probability/confidence."
1549eab21e03a16c69fe,1.0,1.0,2.0,0.5,,,,,2.0,1.0,3.0,0.33984375,1.0,1.0,2.0,0.390625,0.07421875,"Retention is frequency under declared balanced sensitivity scenarios, not probability/confidence."
15b00f6b0edbf6178713,4.0,3.0,4.0,0.375,4.0,3.0,4.0,0.23828125,4.0,3.0,4.0,0.2421875,3.0,2.0,3.0,0.75390625,0.13671875,"Retention is frequency under declared balanced sensitivity scenarios, not probability/confidence."
15bd31983490254a96fe,1.0,1.0,2.0,0.5,,,,,2.0,1.0,3.0,0.33984375,1.0,1.0,2.0,0.390625,0.17578125,"Retention is frequency under declared balanced sensitivity scenarios, not probability/confidence."
15c2bc5de0e9143db469,1.0,1.0,2.0,0.5,,,,,2.0,1.0,3.0,0.32421875,1.0,1.0,2.0,0.41015625,0.1640625,"Retention is frequency under declared balanced sensitivity scenarios, not probability/confidence."
15cad1e45758dfb0dbb3,1.0,1.0,2.0,0.5,,,,,2.0,1.0,3.0,0.32421875,1.0,1.0,2.0,0.41015625,0.1640625,"Retention is frequency under declared balanced sensitivity scenarios, not probability/confidence."
15cc78ae92e2e7746279,,,,,,,,,,,,,,,,,1.0,"Retention is frequency under declared balanced sensitivity scenarios, not probability/confidence."
15e6b7c712840a23f01b,1.0,1.0,2.0,0.5,,,,,2.0,1.0,3.0,0.33984375,1.0,1.0,2.0,0.390625,0.17578125,"Retention is frequency under declared balanced sensitivity scenarios, not probability/confidence."
15eee9b86c11115f3676,4.0,3.0,4.0,0.35546875,,,,,4.0,3.0,4.0,0.2421875,4.0,3.0,4.0,0.70703125,0.66796875,"Retention is frequency under declared balanced sensitivity scenarios, not probability/confidence."
160941cd1f079b147814,3.0,3.0,4.0,0.7734375,,,,,3.0,2.0,3.0,0.23828125,2.0,2.0,3.0,0.49609375,0.625,"Retention is frequency under declared balanced sensitivity scenarios, not probability/confidence."
1611d64c89acc999f978,,,,,,,,,,,,,,,,,1.0,"Retention is frequency under declared balanced sensitivity scenarios, not probability/confidence."
161a1819d0608edf35cf,4.0,3.0,4.0,0.296875,,,,,4.0,3.0,4.0,0.2421875,4.0,3.0,4.0,0.70703125,0.50390625,"Retention is frequency under declared balanced sensitivity scenarios, not probability/confidence."
161bdd5956d9d1ff6365,2.0,2.0,3.0,0.6328125,,,,,2.0,1.0,3.0,0.50390625,3.0,2.0,3.0,0.53125,0.01953125,"Retention is frequency under declared balanced sensitivity scenarios, not probability/confidence."
162ca439efe27e4405ac,4.0,3.0,4.0,0.35546875,,,,,4.0,3.0,4.0,0.2421875,4.0,3.0,4.0,0.70703125,0.66796875,"Retention is frequency under declared balanced sensitivity scenarios, not probability/confidence."
1676cc24b093ae585e2d,4.0,3.0,4.0,0.30859375,3.0,2.0,3.0,0.5,3.0,2.0,4.0,0.33203125,3.0,2.0,3.0,0.51953125,0.66796875,"Retention is frequency under declared balanced sensitivity scenarios, not probability/confidence."
16977719eff767539e87,3.0,2.0,3.0,0.390625,,,,,2.0,1.0,3.0,0.29296875,2.0,2.0,3.0,0.50390625,0.40625,"Retention is frequency under declared balanced sensitivity scenarios, not probability/confidence."
16b036d3182ef250400f,2.0,1.0,2.0,0.5,,,,,3.0,2.0,3.0,0.22265625,1.0,1.0,2.0,0.35546875,0.25390625,"Retention is frequency under declared balanced sensitivity scenarios, not probability/confidence."
16ecb907d7ef83f37a12,4.0,3.0,4.0,0.30859375,3.0,2.0,3.0,0.5,3.0,2.0,4.0,0.33203125,3.0,2.0,3.0,0.51953125,0.66796875,"Retention is frequency under declared balanced sensitivity scenarios, not probability/confidence."
16effd394a4978f9f706,2.0,2.0,3.0,0.62890625,,,,,2.0,1.0,2.0,0.24609375,4.0,4.0,4.0,1.0,0.44921875,"Retention is frequency under declared balanced sensitivity scenarios, not probability/confidence."
16f3be42177cc5e3c041,2.0,2.0,3.0,0.62890625,,,,,2.0,1.0,2.0,0.24609375,4.0,4.0,4.0,1.0,0.44921875,"Retention is frequency under declared balanced sensitivity scenarios, not probability/confidence."
16f84ff935a72784f779,,,,,,,,,,,,,,,,,0.5,"Retention is frequency under declared balanced sensitivity scenarios, not probability/confidence."
16f90c9288b69712e4d7,3.0,3.0,4.0,0.765625,,,,,3.0,2.0,3.0,0.26171875,2.0,2.0,3.0,0.49609375,0.65234375,"Retention is frequency under declared balanced sensitivity scenarios, not probability/confidence."
1705a0cf4b1faa911d1d,3.0,3.0,4.0,0.765625,,,,,3.0,2.0,3.0,0.26171875,2.0,2.0,3.0,0.49609375,0.4140625,"Retention is frequency under declared balanced sensitivity scenarios, not probability/confidence."
170d00e2a60f95d6b845,,,,,,,,,,,,,,,,,0.4921875,"Retention is frequency under declared balanced sensitivity scenarios, not probability/confidence."
170e01a2520c8f2c9bcf,2.0,2.0,3.0,0.6328125,,,,,2.0,1.0,3.0,0.50390625,3.0,2.0,3.0,0.53125,0.01953125,"Retention is frequency under declared balanced sensitivity scenarios, not probability/confidence."
1711132f274c90a13173,1.0,1.0,2.0,0.5,,,,,2.0,1.0,3.0,0.32421875,1.0,1.0,2.0,0.41015625,0.1640625,"Retention is frequency under declared balanced sensitivity scenarios, not probability/confidence."
1715ec083971e28d6461,2.0,2.0,3.0,0.62890625,,,,,2.0,1.0,2.0,0.24609375,4.0,4.0,4.0,1.0,0.44921875,"Retention is frequency under declared balanced sensitivity scenarios, not probability/confidence."
172e3ad4ed0273e2bf96,4.0,3.0,4.0,0.35546875,,,,,4.0,3.0,4.0,0.2421875,4.0,3.0,4.0,0.70703125,0.66796875,"Retention is frequency under declared balanced sensitivity scenarios, not probability/confidence."
1731e9d6917e9733145b,2.0,2.0,3.0,0.62890625,,,,,2.0,1.0,2.0,0.24609375,4.0,4.0,4.0,1.0,0.44140625,"Retention is frequency under declared balanced sensitivity scenarios, not probability/confidence."
17415917ebadbf0c065d,4.0,3.0,4.0,0.30859375,3.0,2.0,3.0,0.5,3.0,2.0,4.0,0.33203125,3.0,2.0,3.0,0.51953125,0.43359375,"Retention is frequency under declared balanced sensitivity scenarios, not probability/confidence."
17455617f40e29f3d628,3.0,3.0,4.0,0.765625,,,,,3.0,2.0,3.0,0.26171875,2.0,2.0,3.0,0.49609375,0.65234375,"Retention is frequency under declared balanced sensitivity scenarios, not probability/confidence."
1757953c0a508f635396,3.0,3.0,4.0,0.7734375,,,,,3.0,2.0,3.0,0.23828125,2.0,2.0,3.0,0.49609375,0.625,"Retention is frequency under declared balanced sensitivity scenarios, not probability/confidence."
1765cd955b0a5ce7a74b,3.0,2.0,3.0,0.390625,,,,,2.0,1.0,3.0,0.29296875,2.0,2.0,3.0,0.50390625,0.6484375,"Retention is frequency under declared balanced sensitivity scenarios, not probability/confidence."
177b4844bdfa07ef9097,,,,,,,,,,,,,,,,,1.0,"Retention is frequency under declared balanced sensitivity scenarios, not probability/confidence."
17888f9f326235ee34e7,2.0,2.0,3.0,0.62109375,,,,,3.0,2.0,3.0,0.23046875,2.0,2.0,3.0,0.51953125,0.01953125,"Retention is frequency under declared balanced sensitivity scenarios, not probability/confidence."
178f9bcbf4bafe1ddad6,3.0,3.0,4.0,0.765625,,,,,3.0,2.0,3.0,0.26171875,2.0,2.0,3.0,0.49609375,0.65234375,"Retention is frequency under declared balanced sensitivity scenarios, not probability/confidence."
179f4dc3d697993765a8,2.0,2.0,3.0,0.62890625,,,,,2.0,1.0,2.0,0.24609375,4.0,4.0,4.0,1.0,0.44140625,"Retention is frequency under declared balanced sensitivity scenarios, not probability/confidence."
17a2794ae6859ab0b92d,,,,,,,,,,,,,,,,,1.0,"Retention is frequency under declared balanced sensitivity scenarios, not probability/confidence."
17c35da83de6d47f6a61,3.0,2.0,3.0,0.390625,,,,,2.0,1.0,3.0,0.29296875,2.0,2.0,3.0,0.50390625,0.40625,"Retention is frequency under declared balanced sensitivity scenarios, not probability/confidence."
17d93d1dc11e4de5b07c,3.0,2.0,3.0,0.390625,,,,,2.0,1.0,3.0,0.29296875,2.0,2.0,3.0,0.50390625,0.6484375,"Retention is frequency under declared balanced sensitivity scenarios, not probability/confidence."
17dfe4cc48ac38029f12,1.0,1.0,2.0,0.5,,,,,2.0,1.0,3.0,0.33984375,1.0,1.0,2.0,0.390625,0.17578125,"Retention is frequency under declared balanced sensitivity scenarios, not probability/confidence."
17e4cf10204b3e333eb6,2.0,2.0,3.0,0.62890625,,,,,2.0,1.0,2.0,0.24609375,4.0,4.0,4.0,1.0,0.44921875,"Retention is frequency under declared balanced sensitivity scenarios, not probability/confidence."
17eb82dc27daf4136aa7,,,,,,,,,,,,,,,,,1.0,"Retention is frequency under declared balanced sensitivity scenarios, not probability/confidence."
1809e06ec43a31d43904,1.0,1.0,2.0,0.5,,,,,2.0,1.0,3.0,0.33984375,1.0,1.0,2.0,0.390625,0.07421875,"Retention is frequency under declared balanced sensitivity scenarios, not probability/confidence."
1825383b903b48c11b26,,,,,,,,,,,,,,,,,1.0,"Retention is frequency under declared balanced sensitivity scenarios, not probability/confidence."
182b4babcf305eb63851,,,,,,,,,,,,,,,,,1.0,"Retention is frequency under declared balanced sensitivity scenarios, not probability/confidence."
1831cf2014a26852b4b9,2.0,2.0,3.0,0.62109375,,,,,3.0,2.0,3.0,0.23046875,2.0,2.0,3.0,0.51953125,0.0390625,"Retention is frequency under declared balanced sensitivity scenarios, not probability/confidence."
187033c32fb5f0bac0e2,,,,,,,,,2.0,1.0,3.0,0.30859375,4.0,3.0,4.0,0.65234375,0.6640625,"Retention is frequency under declared balanced sensitivity scenarios, not probability/confidence."
187534d49d205582ebe3,,,,,,,,,,,,,,,,,1.0,"Retention is frequency under declared balanced sensitivity scenarios, not probability/confidence."
18856bcc8ffc63d396a5,,,,,,,,,,,,,,,,,1.0,"Retention is frequency under declared balanced sensitivity scenarios, not probability/confidence."
1896a3bc0a8c3df719fd,2.0,2.0,3.0,0.6328125,,,,,2.0,1.0,3.0,0.50390625,3.0,2.0,3.0,0.53125,0.01953125,"Retention is frequency under declared balanced sensitivity scenarios, not probability/confidence."
18a4e676991f840e8408,1.0,1.0,2.0,0.5,,,,,2.0,1.0,3.0,0.32421875,1.0,1.0,2.0,0.41015625,0.1640625,"Retention is frequency under declared balanced sensitivity scenarios, not probability/confidence."
18bff1109fdd12d7bfb1,3.0,3.0,4.0,0.765625,,,,,3.0,2.0,3.0,0.26171875,2.0,2.0,3.0,0.49609375,0.65234375,"Retention is frequency under declared balanced sensitivity scenarios, not probability/confidence."
18c2e0cd6b4689273255,3.0,2.0,3.0,0.390625,,,,,2.0,1.0,3.0,0.29296875,2.0,2.0,3.0,0.50390625,0.6484375,"Retention is frequency under declared balanced sensitivity scenarios, not probability/confidence."
18ebe3e3cc1f9230cb93,2.0,2.0,3.0,0.62890625,,,,,2.0,1.0,2.0,0.24609375,4.0,4.0,4.0,1.0,0.44921875,"Retention is frequency under declared balanced sensitivity scenarios, not probability/confidence."
18fa61828d9f957ff69b,1.0,1.0,2.0,0.5,,,,,2.0,1.0,3.0,0.33984375,1.0,1.0,2.0,0.390625,0.17578125,"Retention is frequency under declared balanced sensitivity scenarios, not probability/confidence."
18fab7c2296e2b67bc5f,4.0,3.0,4.0,0.35546875,,,,,4.0,3.0,4.0,0.2421875,4.0,3.0,4.0,0.70703125,0.66796875,"Retention is frequency under declared balanced sensitivity scenarios, not probability/confidence."
1917d185126d6af791a0,,,,,,,,,,,,,,,,,1.0,"Retention is frequency under declared balanced sensitivity scenarios, not probability/confidence."
192b7bac77779b11b214,1.0,1.0,2.0,0.5,,,,,2.0,1.0,3.0,0.32421875,1.0,1.0,2.0,0.41015625,0.1640625,"Retention is frequency under declared balanced sensitivity scenarios, not probability/confidence."
192e59203cd5d23a9089,4.0,3.0,4.0,0.375,4.0,3.0,4.0,0.23828125,4.0,3.0,4.0,0.2421875,3.0,2.0,3.0,0.75390625,0.27734375,"Retention is frequency under declared balanced sensitivity scenarios, not probability/confidence."
193171a269b482cdb99d,4.0,3.0,4.0,0.30859375,3.0,2.0,3.0,0.5,3.0,2.0,4.0,0.33203125,3.0,2.0,3.0,0.51953125,0.66796875,"Retention is frequency under declared balanced sensitivity scenarios, not probability/confidence."
193ec183a56c4a6d7eb5,4.0,3.0,4.0,0.265625,,,,,4.0,3.0,4.0,0.2421875,4.0,3.0,4.0,0.70703125,0.23828125,"Retention is frequency under declared balanced sensitivity scenarios, not probability/confidence."
1968eae5f327073a60ca,3.0,2.0,3.0,0.390625,,,,,2.0,1.0,3.0,0.29296875,2.0,2.0,3.0,0.50390625,0.6484375,"Retention is frequency under declared balanced sensitivity scenarios, not probability/confidence."
1974e84964fd068f0a04,2.0,2.0,3.0,0.62890625,,,,,2.0,1.0,2.0,0.24609375,4.0,4.0,4.0,1.0,0.44921875,"Retention is frequency under declared balanced sensitivity scenarios, not probability/confidence."
198c79164044af0e236b,3.0,2.0,3.0,0.390625,,,,,2.0,1.0,3.0,0.29296875,2.0,2.0,3.0,0.50390625,0.6484375,"Retention is frequency under declared balanced sensitivity scenarios, not probability/confidence."
198f4805d028aaf793ea,,,,,,,,,,,,,,,,,1.0,"Retention is frequency under declared balanced sensitivity scenarios, not probability/confidence."
19be60575cd96b3c8439,2.0,1.0,2.0,0.5,,,,,3.0,2.0,3.0,0.26171875,2.0,1.0,2.0,0.73046875,0.1640625,"Retention is frequency under declared balanced sensitivity scenarios, not probability/confidence."
19c0f08edbed2fc66e75,1.0,1.0,2.0,0.5,,,,,2.0,1.0,3.0,0.32421875,1.0,1.0,2.0,0.41015625,0.1640625,"Retention is frequency under declared balanced sensitivity scenarios, not probability/confidence."
19c2b5271e5e53b5a8cb,3.0,3.0,4.0,0.765625,,,,,3.0,2.0,3.0,0.26171875,2.0,2.0,3.0,0.49609375,0.65234375,"Retention is frequency under declared balanced sensitivity scenarios, not probability/confidence."
19d40a3c86b4e1109580,,,,,,,,,,,,,,,,,0.4921875,"Retention is frequency under declared balanced sensitivity scenarios, not probability/confidence."
19f23f883fc41a357478,4.0,3.0,4.0,0.375,4.0,3.0,4.0,0.24609375,4.0,3.0,4.0,0.2421875,3.0,2.0,3.0,0.75390625,0.2421875,"Retention is frequency under declared balanced sensitivity scenarios, not probability/confidence."
1a05a550e24709472006,,,,,,,,,2.0,1.0,3.0,0.30859375,4.0,3.0,4.0,0.65234375,0.66796875,"Retention is frequency under declared balanced sensitivity scenarios, not probability/confidence."
1a0fa4c1271e89f96ce4,2.0,2.0,3.0,0.62109375,,,,,3.0,2.0,3.0,0.23046875,2.0,2.0,3.0,0.51953125,0.0390625,"Retention is frequency under declared balanced sensitivity scenarios, not probability/confidence."
1a173d60652290cc0144,3.0,2.0,3.0,0.390625,,,,,2.0,1.0,3.0,0.29296875,2.0,2.0,3.0,0.50390625,0.6484375,"Retention is frequency under declared balanced sensitivity scenarios, not probability/confidence."
1a184f344797626098cb,4.0,3.0,4.0,0.30859375,1.0,1.0,2.0,0.5,3.0,2.0,4.0,0.33203125,3.0,2.0,3.0,0.51953125,0.75390625,"Retention is frequency under declared balanced sensitivity scenarios, not probability/confidence."
1a2615d52c720a32f692,2.0,2.0,3.0,0.62109375,,,,,3.0,2.0,3.0,0.23046875,2.0,2.0,3.0,0.51953125,0.01953125,"Retention is frequency under declared balanced sensitivity scenarios, not probability/confidence."
1a28eec5518f6ef7f283,2.0,1.0,2.0,0.5,,,,,3.0,2.0,3.0,0.26171875,2.0,1.0,2.0,0.73046875,0.046875,"Retention is frequency under declared balanced sensitivity scenarios, not probability/confidence."
1a2ebacd0de0cc829418,1.0,1.0,2.0,0.5,,,,,2.0,1.0,3.0,0.33984375,1.0,1.0,2.0,0.390625,0.17578125,"Retention is frequency under declared balanced sensitivity scenarios, not probability/confidence."
1a3011b28a7209b4ea16,4.0,3.0,4.0,0.30859375,1.0,1.0,2.0,0.5,3.0,2.0,4.0,0.33203125,3.0,2.0,3.0,0.51953125,0.75390625,"Retention is frequency under declared balanced sensitivity scenarios, not probability/confidence."
1a45c7de5dc64b623290,4.0,3.0,4.0,0.30859375,3.0,2.0,3.0,0.5,3.0,2.0,4.0,0.33203125,3.0,2.0,3.0,0.51953125,0.66796875,"Retention is frequency under declared balanced sensitivity scenarios, not probability/confidence."
1a4c938420f72b181048,2.0,1.0,2.0,0.5,,,,,3.0,2.0,3.0,0.22265625,1.0,1.0,2.0,0.43359375,0.3828125,"Retention is frequency under declared balanced sensitivity scenarios, not probability/confidence."
1a5ee14e4481adcb4c77,1.0,1.0,2.0,0.5,,,,,2.0,1.0,3.0,0.33984375,1.0,1.0,2.0,0.390625,0.17578125,"Retention is frequency under declared balanced sensitivity scenarios, not probability/confidence."
1a60e72fb20146ee820c,,,,,,,,,2.0,1.0,3.0,0.30859375,4.0,3.0,4.0,0.65234375,0.66796875,"Retention is frequency under declared balanced sensitivity scenarios, not probability/confidence."
1a637f705e8c88635c33,,,,,,,,,,,,,,,,,1.0,"Retention is frequency under declared balanced sensitivity scenarios, not probability/confidence."
1a74b7beb265e2468b56,4.0,3.0,4.0,0.35546875,,,,,4.0,3.0,4.0,0.2421875,4.0,3.0,4.0,0.70703125,0.6640625,"Retention is frequency under declared balanced sensitivity scenarios, not probability/confidence."
1a7b5262d20153df4163,,,,,,,,,,,,,,,,,0.5,"Retention is frequency under declared balanced sensitivity scenarios, not probability/confidence."
1a7b74485d3c11e1229f,,,,,,,,,2.0,1.0,3.0,0.30859375,4.0,3.0,4.0,0.65234375,0.66796875,"Retention is frequency under declared balanced sensitivity scenarios, not probability/confidence."
1aa3cc19b68e7d426ef7,,,,,,,,,,,,,,,,,1.0,"Retention is frequency under declared balanced sensitivity scenarios, not probability/confidence."
1ab1539ec1fdab6fc42e,2.0,1.0,2.0,0.5,,,,,3.0,2.0,3.0,0.26171875,2.0,1.0,2.0,0.73046875,0.1640625,"Retention is frequency under declared balanced sensitivity scenarios, not probability/confidence."
1ab84403430288634d28,2.0,1.0,2.0,0.5,,,,,3.0,2.0,3.0,0.26171875,2.0,1.0,2.0,0.73046875,0.046875,"Retention is frequency under declared balanced sensitivity scenarios, not probability/confidence."
1ab92d01f7a1c27580c8,4.0,3.0,4.0,0.375,4.0,3.0,4.0,0.24609375,4.0,3.0,4.0,0.2421875,3.0,2.0,3.0,0.75390625,0.2421875,"Retention is frequency under declared balanced sensitivity scenarios, not probability/confidence."
1abb2b0dd6a7e9db082b,4.0,3.0,4.0,0.375,1.0,1.0,2.0,0.33203125,4.0,3.0,4.0,0.41015625,3.0,2.0,3.0,0.75390625,0.47265625,"Retention is frequency under declared balanced sensitivity scenarios, not probability/confidence."
1ac79e922663ea1401fc,1.0,1.0,2.0,0.5,,,,,2.0,1.0,3.0,0.32421875,1.0,1.0,2.0,0.41015625,0.1640625,"Retention is frequency under declared balanced sensitivity scenarios, not probability/confidence."
1adedacdf3ccaa7d80ad,2.0,2.0,3.0,0.62109375,,,,,3.0,2.0,3.0,0.23046875,2.0,2.0,3.0,0.51953125,0.0390625,"Retention is frequency under declared balanced sensitivity scenarios, not probability/confidence."
1ae34731a248de41be63,1.0,1.0,2.0,0.5,,,,,2.0,1.0,3.0,0.33984375,1.0,1.0,2.0,0.390625,0.07421875,"Retention is frequency under declared balanced sensitivity scenarios, not probability/confidence."
1af171ce6741db42dd3b,4.0,3.0,4.0,0.30859375,3.0,2.0,3.0,0.5,3.0,2.0,4.0,0.33203125,3.0,2.0,3.0,0.51953125,0.66796875,"Retention is frequency under declared balanced sensitivity scenarios, not probability/confidence."
1b07f3183672cf35f749,1.0,1.0,2.0,0.5,,,,,2.0,1.0,3.0,0.33984375,1.0,1.0,2.0,0.390625,0.17578125,"Retention is frequency under declared balanced sensitivity scenarios, not probability/confidence."
1b27560aa93c15747095,,,,,,,,,,,,,,,,,1.0,"Retention is frequency under declared balanced sensitivity scenarios, not probability/confidence."
1b5bbf38f9ed1983fd1d,1.0,1.0,2.0,0.5,,,,,2.0,1.0,3.0,0.32421875,1.0,1.0,2.0,0.41015625,0.1640625,"Retention is frequency under declared balanced sensitivity scenarios, not probability/confidence."
1b77e1e04fd5bcfe1d9e,1.0,1.0,2.0,0.5,,,,,2.0,1.0,3.0,0.32421875,1.0,1.0,2.0,0.41015625,0.1640625,"Retention is frequency under declared balanced sensitivity scenarios, not probability/confidence."
1b8cdecefb6dcf91966c,,,,,,,,,2.0,1.0,3.0,0.30859375,4.0,3.0,4.0,0.65234375,0.66796875,"Retention is frequency under declared balanced sensitivity scenarios, not probability/confidence."
1b91a145d1002989e716,2.0,2.0,3.0,0.62890625,,,,,2.0,1.0,2.0,0.24609375,4.0,4.0,4.0,1.0,0.44921875,"Retention is frequency under declared balanced sensitivity scenarios, not probability/confidence."
1bc484209461b4206fc2,4.0,3.0,4.0,0.35546875,,,,,4.0,3.0,4.0,0.2421875,4.0,3.0,4.0,0.70703125,0.66796875,"Retention is frequency under declared balanced sensitivity scenarios, not probability/confidence."
1bd955440c8f96735d6d,4.0,3.0,4.0,0.30859375,1.0,1.0,2.0,0.5,3.0,2.0,4.0,0.33203125,3.0,2.0,3.0,0.51953125,0.75390625,"Retention is frequency under declared balanced sensitivity scenarios, not probability/confidence."
1bda858a698075f6491f,2.0,1.0,2.0,0.5,,,,,3.0,2.0,3.0,0.22265625,1.0,1.0,2.0,0.35546875,0.25390625,"Retention is frequency under declared balanced sensitivity scenarios, not probability/confidence."
1bf3c5f7d9a2cedf0499,4.0,3.0,4.0,0.375,4.0,3.0,4.0,0.24609375,4.0,3.0,4.0,0.2421875,3.0,2.0,3.0,0.75390625,0.2421875,"Retention is frequency under declared balanced sensitivity scenarios, not probability/confidence."
1c01fb82bd8df21075fb,2.0,1.0,2.0,0.5,,,,,3.0,2.0,3.0,0.26171875,2.0,1.0,2.0,0.73046875,0.1640625,"Retention is frequency under declared balanced sensitivity scenarios, not probability/confidence."
1c0c5fe8661bdfb55d88,3.0,2.0,3.0,0.390625,,,,,2.0,1.0,3.0,0.29296875,2.0,2.0,3.0,0.50390625,0.40625,"Retention is frequency under declared balanced sensitivity scenarios, not probability/confidence."
1c0cc259595f4bb239ad,2.0,2.0,3.0,0.62109375,,,,,3.0,2.0,3.0,0.23046875,2.0,2.0,3.0,0.51953125,0.0390625,"Retention is frequency under declared balanced sensitivity scenarios, not probability/confidence."
1c4c0d8a60cdae94ac4e,3.0,3.0,4.0,0.765625,,,,,3.0,2.0,3.0,0.26171875,2.0,2.0,3.0,0.49609375,0.65234375,"Retention is frequency under declared balanced sensitivity scenarios, not probability/confidence."
1c5aaf46ef191b969e81,,,,,,,,,,,,,,,,,0.4921875,"Retention is frequency under declared balanced sensitivity scenarios, not probability/confidence."
1c63f2c3939ff2676d0f,4.0,3.0,4.0,0.375,4.0,3.0,4.0,0.24609375,4.0,3.0,4.0,0.2421875,3.0,2.0,3.0,0.75390625,0.2421875,"Retention is frequency under declared balanced sensitivity scenarios, not probability/confidence."
1c65a93c7057fad7f085,2.0,1.0,2.0,0.5,,,,,3.0,2.0,3.0,0.26171875,2.0,1.0,2.0,0.73046875,0.1640625,"Retention is frequency under declared balanced sensitivity scenarios, not probability/confidence."
1c6986b74c3896f4a5f5,2.0,2.0,3.0,0.62890625,,,,,2.0,1.0,2.0,0.24609375,4.0,4.0,4.0,1.0,0.44921875,"Retention is frequency under declared balanced sensitivity scenarios, not probability/confidence."
1ca5ed52cc0c70edeb83,,,,,,,,,,,,,,,,,0.4921875,"Retention is frequency under declared balanced sensitivity scenarios, not probability/confidence."
1ca8917e7f3a75099f60,3.0,2.0,3.0,0.390625,,,,,2.0,1.0,3.0,0.29296875,2.0,2.0,3.0,0.50390625,0.6484375,"Retention is frequency under declared balanced sensitivity scenarios, not probability/confidence."
1cabdc052f20a82f9271,4.0,3.0,4.0,0.30859375,3.0,2.0,3.0,0.5,3.0,2.0,4.0,0.33203125,3.0,2.0,3.0,0.51953125,0.66796875,"Retention is frequency under declared balanced sensitivity scenarios, not probability/confidence."
1cb04788172251fc5dc5,1.0,1.0,2.0,0.5,,,,,2.0,1.0,3.0,0.33984375,1.0,1.0,2.0,0.390625,0.17578125,"Retention is frequency under declared balanced sensitivity scenarios, not probability/confidence."
1cc14b003437da1a6458,1.0,1.0,2.0,0.5,,,,,2.0,1.0,3.0,0.32421875,1.0,1.0,2.0,0.41015625,0.1640625,"Retention is frequency under declared balanced sensitivity scenarios, not probability/confidence."
1cc51d66b479d4d6b2fe,2.0,2.0,3.0,0.62109375,,,,,3.0,2.0,3.0,0.23046875,2.0,2.0,3.0,0.51953125,0.01953125,"Retention is frequency under declared balanced sensitivity scenarios, not probability/confidence."
1ccdad39603e2f6501fc,4.0,3.0,4.0,0.30859375,3.0,2.0,3.0,0.5,3.0,2.0,4.0,0.33203125,3.0,2.0,3.0,0.51953125,0.66796875,"Retention is frequency under declared balanced sensitivity scenarios, not probability/confidence."
1ce71978e42024c7fd3b,3.0,2.0,3.0,0.390625,,,,,2.0,1.0,3.0,0.29296875,2.0,2.0,3.0,0.50390625,0.6484375,"Retention is frequency under declared balanced sensitivity scenarios, not probability/confidence."
1d00965711c93f838e0d,,,,,,,,,,,,,,,,,1.0,"Retention is frequency under declared balanced sensitivity scenarios, not probability/confidence."
1d0cc203364da895c0aa,1.0,1.0,2.0,0.5,,,,,2.0,1.0,3.0,0.32421875,1.0,1.0,2.0,0.41015625,0.1640625,"Retention is frequency under declared balanced sensitivity scenarios, not probability/confidence."
1d17868e386115754cb7,1.0,1.0,2.0,0.5,,,,,2.0,1.0,3.0,0.33984375,1.0,1.0,2.0,0.390625,0.07421875,"Retention is frequency under declared balanced sensitivity scenarios, not probability/confidence."
1d1bec6bd3bcf4ffee6b,,,,,,,,,2.0,1.0,3.0,0.30859375,4.0,3.0,4.0,0.65234375,0.66796875,"Retention is frequency under declared balanced sensitivity scenarios, not probability/confidence."
1d2d598c6cc0f4631607,,,,,,,,,2.0,1.0,3.0,0.30859375,4.0,3.0,4.0,0.65234375,0.6640625,"Retention is frequency under declared balanced sensitivity scenarios, not probability/confidence."
1d45a7aa23625fa164fe,4.0,3.0,4.0,0.35546875,,,,,4.0,3.0,4.0,0.2421875,4.0,3.0,4.0,0.70703125,0.66796875,"Retention is frequency under declared balanced sensitivity scenarios, not probability/confidence."
1d4df81de9894444e310,,,,,,,,,,,,,,,,,0.4921875,"Retention is frequency under declared balanced sensitivity scenarios, not probability/confidence."
1d5fc7cc83180d7d801d,,,,,,,,,,,,,,,,,1.0,"Retention is frequency under declared balanced sensitivity scenarios, not probability/confidence."
1d6bca685afa86aeefa4,,,,,,,,,,,,,,,,,1.0,"Retention is frequency under declared balanced sensitivity scenarios, not probability/confidence."
1d70389ff2043da70cec,,,,,,,,,,,,,,,,,1.0,"Retention is frequency under declared balanced sensitivity scenarios, not probability/confidence."
1d9755ec5b23484b0dd2,4.0,3.0,4.0,0.35546875,,,,,4.0,3.0,4.0,0.2421875,4.0,3.0,4.0,0.70703125,0.66796875,"Retention is frequency under declared balanced sensitivity scenarios, not probability/confidence."
1da2876faa090f267c93,3.0,3.0,4.0,0.7734375,,,,,3.0,2.0,3.0,0.23828125,2.0,2.0,3.0,0.49609375,0.625,"Retention is frequency under declared balanced sensitivity scenarios, not probability/confidence."
1dab0231615c19032b48,2.0,2.0,3.0,0.6328125,,,,,2.0,1.0,3.0,0.50390625,3.0,2.0,3.0,0.53125,0.01953125,"Retention is frequency under declared balanced sensitivity scenarios, not probability/confidence."
1dc675bc947741f4e3d4,2.0,2.0,3.0,0.62109375,,,,,3.0,2.0,3.0,0.23046875,2.0,2.0,3.0,0.51953125,0.0390625,"Retention is frequency under declared balanced sensitivity scenarios, not probability/confidence."
1dda2962b4cfbfb78e3a,,,,,,,,,,,,,,,,,1.0,"Retention is frequency under declared balanced sensitivity scenarios, not probability/confidence."
1ddd3014e639a07496f7,1.0,1.0,2.0,0.5,,,,,2.0,1.0,3.0,0.32421875,1.0,1.0,2.0,0.41015625,0.1640625,"Retention is frequency under declared balanced sensitivity scenarios, not probability/confidence."
1df349f3581ae6c3c6d6,2.0,2.0,3.0,0.62109375,,,,,3.0,2.0,3.0,0.23046875,2.0,2.0,3.0,0.51953125,0.0390625,"Retention is frequency under declared balanced sensitivity scenarios, not probability/confidence."
1e04d5f940cd3be84c28,3.0,2.0,3.0,0.390625,,,,,2.0,1.0,3.0,0.29296875,2.0,2.0,3.0,0.50390625,0.6484375,"Retention is frequency under declared balanced sensitivity scenarios, not probability/confidence."
1e0a68e1e4b45694e03e,2.0,2.0,3.0,0.6328125,,,,,2.0,1.0,3.0,0.50390625,3.0,2.0,3.0,0.53125,0.01953125,"Retention is frequency under declared balanced sensitivity scenarios, not probability/confidence."
1e0b1e7f68aae1110f7b,3.0,3.0,4.0,0.765625,,,,,3.0,2.0,3.0,0.26171875,2.0,2.0,3.0,0.49609375,0.65234375,"Retention is frequency under declared balanced sensitivity scenarios, not probability/confidence."
1e1493d375bbe78663f1,4.0,3.0,4.0,0.296875,,,,,4.0,3.0,4.0,0.2421875,4.0,3.0,4.0,0.70703125,0.50390625,"Retention is frequency under declared balanced sensitivity scenarios, not probability/confidence."
1e3133ff4f397bfdc1b6,4.0,3.0,4.0,0.30859375,3.0,2.0,3.0,0.5,3.0,2.0,4.0,0.33203125,3.0,2.0,3.0,0.51953125,0.66796875,"Retention is frequency under declared balanced sensitivity scenarios, not probability/confidence."
1e61152921265f67a7be,2.0,1.0,2.0,0.5,,,,,3.0,2.0,3.0,0.22265625,1.0,1.0,2.0,0.43359375,0.3828125,"Retention is frequency under declared balanced sensitivity scenarios, not probability/confidence."
1e64f97792fd352e2ce9,,,,,,,,,2.0,1.0,3.0,0.30859375,4.0,3.0,4.0,0.65234375,0.66796875,"Retention is frequency under declared balanced sensitivity scenarios, not probability/confidence."
1e78dd736bd7571684f9,2.0,1.0,2.0,0.5,,,,,3.0,2.0,3.0,0.22265625,1.0,1.0,2.0,0.43359375,0.25390625,"Retention is frequency under declared balanced sensitivity scenarios, not probability/confidence."
1e7c5d75ad6cea3cfd44,4.0,3.0,4.0,0.375,4.0,3.0,4.0,0.23828125,4.0,3.0,4.0,0.2421875,3.0,2.0,3.0,0.75390625,0.2109375,"Retention is frequency under declared balanced sensitivity scenarios, not probability/confidence."
1e8e400ff2e9199043c9,2.0,2.0,3.0,0.62109375,,,,,3.0,2.0,3.0,0.23046875,2.0,2.0,3.0,0.51953125,0.0390625,"Retention is frequency under declared balanced sensitivity scenarios, not probability/confidence."
1e97f6c84f506bb5fd0a,1.0,1.0,2.0,0.5,,,,,2.0,1.0,3.0,0.33984375,1.0,1.0,2.0,0.390625,0.17578125,"Retention is frequency under declared balanced sensitivity scenarios, not probability/confidence."
1eb1085d99dbfa241cda,4.0,3.0,4.0,0.30859375,3.0,2.0,3.0,0.5,3.0,2.0,4.0,0.33203125,3.0,2.0,3.0,0.51953125,0.66796875,"Retention is frequency under declared balanced sensitivity scenarios, not probability/confidence."
1eb511564c164e397d79,2.0,2.0,3.0,0.62109375,,,,,3.0,2.0,3.0,0.23046875,2.0,2.0,3.0,0.51953125,0.01953125,"Retention is frequency under declared balanced sensitivity scenarios, not probability/confidence."
1eb96173da391a290d0f,2.0,2.0,3.0,0.6328125,,,,,2.0,1.0,3.0,0.50390625,3.0,2.0,3.0,0.53125,0.01953125,"Retention is frequency under declared balanced sensitivity scenarios, not probability/confidence."
1ebce07e83494c3f6d14,4.0,3.0,4.0,0.30859375,3.0,2.0,3.0,0.5,3.0,2.0,4.0,0.33203125,3.0,2.0,3.0,0.51953125,0.66796875,"Retention is frequency under declared balanced sensitivity scenarios, not probability/confidence."
1ebd930cb938bdd251ea,4.0,3.0,4.0,0.30859375,1.0,1.0,2.0,0.5,3.0,2.0,4.0,0.33203125,3.0,2.0,3.0,0.51953125,0.75390625,"Retention is frequency under declared balanced sensitivity scenarios, not probability/confidence."
1ebf2506e6fb1ab2ba2b,,,,,,,,,2.0,1.0,3.0,0.30859375,4.0,3.0,4.0,0.65234375,0.66796875,"Retention is frequency under declared balanced sensitivity scenarios, not probability/confidence."
1ecff04d4416a5ecb2e6,4.0,3.0,4.0,0.35546875,,,,,4.0,3.0,4.0,0.2421875,4.0,3.0,4.0,0.70703125,0.6640625,"Retention is frequency under declared balanced sensitivity scenarios, not probability/confidence."
1ed0dda1a059b7c1989e,1.0,1.0,2.0,0.5,,,,,2.0,1.0,3.0,0.33984375,1.0,1.0,2.0,0.390625,0.17578125,"Retention is frequency under declared balanced sensitivity scenarios, not probability/confidence."
1ee128a3a45d5f6cc0c6,4.0,3.0,4.0,0.30859375,3.0,2.0,3.0,0.5,3.0,2.0,4.0,0.33203125,3.0,2.0,3.0,0.51953125,0.66796875,"Retention is frequency under declared balanced sensitivity scenarios, not probability/confidence."
1eeb2cbb42509aa6afb0,4.0,3.0,4.0,0.30859375,1.0,1.0,2.0,0.5,3.0,2.0,4.0,0.33203125,3.0,2.0,3.0,0.51953125,0.75390625,"Retention is frequency under declared balanced sensitivity scenarios, not probability/confidence."
1ef485296a23e32f4784,4.0,3.0,4.0,0.35546875,,,,,4.0,3.0,4.0,0.2421875,4.0,3.0,4.0,0.70703125,0.66796875,"Retention is frequency under declared balanced sensitivity scenarios, not probability/confidence."
1efa3aedb31a0dcb768b,4.0,3.0,4.0,0.375,1.0,1.0,2.0,0.33203125,4.0,3.0,4.0,0.41015625,3.0,2.0,3.0,0.75390625,0.44921875,"Retention is frequency under declared balanced sensitivity scenarios, not probability/confidence."
1f06756e3397dcb58d12,1.0,1.0,2.0,0.5,,,,,2.0,1.0,3.0,0.33984375,1.0,1.0,2.0,0.390625,0.17578125,"Retention is frequency under declared balanced sensitivity scenarios, not probability/confidence."
1f0a3b677b94d2dabdcb,1.0,1.0,2.0,0.5,,,,,2.0,1.0,3.0,0.33984375,1.0,1.0,2.0,0.390625,0.17578125,"Retention is frequency under declared balanced sensitivity scenarios, not probability/confidence."
1f1b94ab70aa277eb678,,,,,,,,,2.0,1.0,3.0,0.30859375,4.0,3.0,4.0,0.65234375,0.66796875,"Retention is frequency under declared balanced sensitivity scenarios, not probability/confidence."
1f3094c69685362f022a,2.0,2.0,3.0,0.62109375,,,,,3.0,2.0,3.0,0.23046875,2.0,2.0,3.0,0.51953125,0.01953125,"Retention is frequency under declared balanced sensitivity scenarios, not probability/confidence."
1f3d008cedb709cea76e,1.0,1.0,2.0,0.5,,,,,2.0,1.0,3.0,0.33984375,1.0,1.0,2.0,0.390625,0.17578125,"Retention is frequency under declared balanced sensitivity scenarios, not probability/confidence."
1f70c8fc168b52fd47d3,2.0,2.0,3.0,0.62890625,,,,,2.0,1.0,2.0,0.24609375,4.0,4.0,4.0,1.0,0.44921875,"Retention is frequency under declared balanced sensitivity scenarios, not probability/confidence."
1f72e9c8a6ef2e1f1d85,2.0,1.0,2.0,0.5,,,,,3.0,2.0,3.0,0.22265625,1.0,1.0,2.0,0.43359375,0.3828125,"Retention is frequency under declared balanced sensitivity scenarios, not probability/confidence."
1f74707f707ea1b7abb1,1.0,1.0,2.0,0.5,,,,,2.0,1.0,3.0,0.32421875,1.0,1.0,2.0,0.41015625,0.1640625,"Retention is frequency under declared balanced sensitivity scenarios, not probability/confidence."
1f968546b0c36bd8fdd9,2.0,2.0,3.0,0.6328125,,,,,2.0,1.0,3.0,0.50390625,3.0,2.0,3.0,0.53125,0.01953125,"Retention is frequency under declared balanced sensitivity scenarios, not probability/confidence."
1f9f1f48fc4ad5f20fce,2.0,2.0,3.0,0.6328125,,,,,2.0,1.0,3.0,0.50390625,3.0,2.0,3.0,0.53125,0.01953125,"Retention is frequency under declared balanced sensitivity scenarios, not probability/confidence."
1fb973eee7aba6a35a1a,1.0,1.0,2.0,0.5,,,,,2.0,1.0,3.0,0.32421875,1.0,1.0,2.0,0.41015625,0.1640625,"Retention is frequency under declared balanced sensitivity scenarios, not probability/confidence."
1fc21c84ba44ed727456,4.0,3.0,4.0,0.30859375,3.0,2.0,3.0,0.5,3.0,2.0,4.0,0.33203125,3.0,2.0,3.0,0.51953125,0.66796875,"Retention is frequency under declared balanced sensitivity scenarios, not probability/confidence."
1fe6e24d71b4305930eb,4.0,3.0,4.0,0.35546875,,,,,4.0,3.0,4.0,0.2421875,4.0,3.0,4.0,0.70703125,0.66796875,"Retention is frequency under declared balanced sensitivity scenarios, not probability/confidence."
1ffba3ff38a4f226ff23,,,,,,,,,,,,,,,,,1.0,"Retention is frequency under declared balanced sensitivity scenarios, not probability/confidence."
2043ca48ce4132c09c7c,2.0,2.0,3.0,0.62109375,,,,,3.0,2.0,3.0,0.23046875,2.0,2.0,3.0,0.51953125,0.01953125,"Retention is frequency under declared balanced sensitivity scenarios, not probability/confidence."
2059966b44c0e66a6d7f,,,,,,,,,,,,,,,,,0.5,"Retention is frequency under declared balanced sensitivity scenarios, not probability/confidence."
2063ece8c5cc7e237061,1.0,1.0,2.0,0.5,,,,,2.0,1.0,3.0,0.33984375,1.0,1.0,2.0,0.390625,0.17578125,"Retention is frequency under declared balanced sensitivity scenarios, not probability/confidence."
207e7504f9b0e72888c9,,,,,,,,,,,,,,,,,0.4921875,"Retention is frequency under declared balanced sensitivity scenarios, not probability/confidence."
20802fea9ae2ebd536ff,4.0,3.0,4.0,0.35546875,,,,,4.0,3.0,4.0,0.2421875,4.0,3.0,4.0,0.70703125,0.66796875,"Retention is frequency under declared balanced sensitivity scenarios, not probability/confidence."
208a0af5f14f660d4414,4.0,3.0,4.0,0.296875,,,,,4.0,3.0,4.0,0.2421875,4.0,3.0,4.0,0.70703125,0.50390625,"Retention is frequency under declared balanced sensitivity scenarios, not probability/confidence."
2098c8036ce915e07f2a,4.0,3.0,4.0,0.35546875,,,,,4.0,3.0,4.0,0.2421875,4.0,3.0,4.0,0.70703125,0.66796875,"Retention is frequency under declared balanced sensitivity scenarios, not probability/confidence."
209a59fdc91830cddb91,,,,,,,,,,,,,,,,,1.0,"Retention is frequency under declared balanced sensitivity scenarios, not probability/confidence."
20a5c46ffae257183ed6,1.0,1.0,2.0,0.5,,,,,2.0,1.0,3.0,0.33984375,1.0,1.0,2.0,0.390625,0.17578125,"Retention is frequency under declared balanced sensitivity scenarios, not probability/confidence."
20a963cf0a3ab36063b1,1.0,1.0,2.0,0.5,,,,,2.0,1.0,3.0,0.32421875,1.0,1.0,2.0,0.41015625,0.1640625,"Retention is frequency under declared balanced sensitivity scenarios, not probability/confidence."
20a9731e8cbdf5f5483d,3.0,2.0,3.0,0.390625,,,,,2.0,1.0,3.0,0.29296875,2.0,2.0,3.0,0.50390625,0.6484375,"Retention is frequency under declared balanced sensitivity scenarios, not probability/confidence."
20bae41fae1f8b4bd383,4.0,3.0,4.0,0.375,4.0,3.0,4.0,0.23828125,4.0,3.0,4.0,0.2421875,3.0,2.0,3.0,0.75390625,0.25,"Retention is frequency under declared balanced sensitivity scenarios, not probability/confidence."
20bb7114cd334ce2cfda,4.0,3.0,4.0,0.375,4.0,3.0,4.0,0.23828125,4.0,3.0,4.0,0.2421875,3.0,2.0,3.0,0.75390625,0.16796875,"Retention is frequency under declared balanced sensitivity scenarios, not probability/confidence."
20df3da4c8a6c74f36ba,2.0,2.0,3.0,0.62109375,,,,,3.0,2.0,3.0,0.23046875,2.0,2.0,3.0,0.51953125,0.01953125,"Retention is frequency under declared balanced sensitivity scenarios, not probability/confidence."
2115d2c0fc8ec96de98a,,,,,,,,,2.0,1.0,3.0,0.30859375,4.0,3.0,4.0,0.65234375,0.66796875,"Retention is frequency under declared balanced sensitivity scenarios, not probability/confidence."
211e8b67c06e49b804cb,,,,,,,,,,,,,,,,,0.4921875,"Retention is frequency under declared balanced sensitivity scenarios, not probability/confidence."
211f5f779e99b44aa13c,2.0,2.0,3.0,0.62109375,,,,,3.0,2.0,3.0,0.23046875,2.0,2.0,3.0,0.51953125,0.0390625,"Retention is frequency under declared balanced sensitivity scenarios, not probability/confidence."
21241cff11cd1bd2a138,4.0,3.0,4.0,0.30859375,1.0,1.0,2.0,0.5,3.0,2.0,4.0,0.33203125,3.0,2.0,3.0,0.51953125,0.75390625,"Retention is frequency under declared balanced sensitivity scenarios, not probability/confidence."
2130e6af497564842125,4.0,3.0,4.0,0.375,4.0,3.0,4.0,0.24609375,4.0,3.0,4.0,0.2421875,3.0,2.0,3.0,0.75390625,0.2734375,"Retention is frequency under declared balanced sensitivity scenarios, not probability/confidence."
21337e5ee8921e92d5c9,4.0,3.0,4.0,0.35546875,,,,,4.0,3.0,4.0,0.2421875,4.0,3.0,4.0,0.70703125,0.66796875,"Retention is frequency under declared balanced sensitivity scenarios, not probability/confidence."
213638337fd1a0ba4870,3.0,2.0,3.0,0.390625,,,,,2.0,1.0,3.0,0.29296875,2.0,2.0,3.0,0.50390625,0.6484375,"Retention is frequency under declared balanced sensitivity scenarios, not probability/confidence."
214b27c9ebb4be66a954,,,,,,,,,,,,,,,,,1.0,"Retention is frequency under declared balanced sensitivity scenarios, not probability/confidence."
2154869f15d0146560dd,,,,,,,,,2.0,1.0,3.0,0.30859375,4.0,3.0,4.0,0.65234375,0.66796875,"Retention is frequency under declared balanced sensitivity scenarios, not probability/confidence."
21678f9ec07e867cf4f0,,,,,,,,,,,,,,,,,1.0,"Retention is frequency under declared balanced sensitivity scenarios, not probability/confidence."
2180ffa348aa8ddb7b2e,,,,,,,,,,,,,,,,,1.0,"Retention is frequency under declared balanced sensitivity scenarios, not probability/confidence."
21a598806dc5ac0154ee,3.0,2.0,3.0,0.390625,,,,,2.0,1.0,3.0,0.29296875,2.0,2.0,3.0,0.50390625,0.6484375,"Retention is frequency under declared balanced sensitivity scenarios, not probability/confidence."
21b92c858984c726583a,4.0,3.0,4.0,0.375,1.0,1.0,2.0,0.33203125,4.0,3.0,4.0,0.33984375,3.0,2.0,3.0,0.75390625,0.47265625,"Retention is frequency under declared balanced sensitivity scenarios, not probability/confidence."
21c416680c393fe8c00c,4.0,3.0,4.0,0.35546875,,,,,4.0,3.0,4.0,0.2421875,4.0,3.0,4.0,0.70703125,0.66796875,"Retention is frequency under declared balanced sensitivity scenarios, not probability/confidence."
21c42f69821cb0784073,4.0,3.0,4.0,0.35546875,,,,,4.0,3.0,4.0,0.2421875,4.0,3.0,4.0,0.70703125,0.6640625,"Retention is frequency under declared balanced sensitivity scenarios, not probability/confidence."
21d58b518aaf3234d793,4.0,3.0,4.0,0.30859375,3.0,2.0,3.0,0.5,3.0,2.0,4.0,0.33203125,3.0,2.0,3.0,0.51953125,0.66796875,"Retention is frequency under declared balanced sensitivity scenarios, not probability/confidence."
21e1591218b7986f8ce5,,,,,,,,,,,,,,,,,1.0,"Retention is frequency under declared balanced sensitivity scenarios, not probability/confidence."
21e3ad9e8dc1edc9068b,4.0,3.0,4.0,0.25390625,,,,,4.0,3.0,4.0,0.2421875,4.0,3.0,4.0,0.70703125,0.3359375,"Retention is frequency under declared balanced sensitivity scenarios, not probability/confidence."
21f0eb791a583b5077a2,1.0,1.0,2.0,0.5,,,,,2.0,1.0,3.0,0.33984375,1.0,1.0,2.0,0.390625,0.17578125,"Retention is frequency under declared balanced sensitivity scenarios, not probability/confidence."
21f818f7b38c6ab2719f,2.0,2.0,3.0,0.6328125,3.0,2.0,3.0,0.23828125,2.0,1.0,3.0,0.50390625,3.0,2.0,3.0,0.53125,0.23046875,"Retention is frequency under declared balanced sensitivity scenarios, not probability/confidence."
21fd3bdaa852aed252ed,2.0,2.0,3.0,0.62109375,,,,,3.0,2.0,3.0,0.23046875,2.0,2.0,3.0,0.51953125,0.0390625,"Retention is frequency under declared balanced sensitivity scenarios, not probability/confidence."
21fedd572f01b89b3d00,2.0,2.0,3.0,0.62109375,,,,,3.0,2.0,3.0,0.23046875,2.0,2.0,3.0,0.51953125,0.0390625,"Retention is frequency under declared balanced sensitivity scenarios, not probability/confidence."
22004e860e103baaf689,2.0,2.0,3.0,0.62109375,,,,,3.0,2.0,3.0,0.23046875,2.0,2.0,3.0,0.51953125,0.0390625,"Retention is frequency under declared balanced sensitivity scenarios, not probability/confidence."
220cffce1aa098309d0b,,,,,,,,,2.0,1.0,3.0,0.30859375,4.0,3.0,4.0,0.65234375,0.66796875,"Retention is frequency under declared balanced sensitivity scenarios, not probability/confidence."
22114f5f019ca89b02b1,4.0,3.0,4.0,0.30859375,3.0,2.0,3.0,0.5,3.0,2.0,4.0,0.33203125,3.0,2.0,3.0,0.51953125,0.66796875,"Retention is frequency under declared balanced sensitivity scenarios, not probability/confidence."
222d189f9fa02764288b,,,,,,,,,,,,,,,,,1.0,"Retention is frequency under declared balanced sensitivity scenarios, not probability/confidence."
223067cc393e5c4e0454,,,,,,,,,,,,,,,,,1.0,"Retention is frequency under declared balanced sensitivity scenarios, not probability/confidence."
2232292d7cc6db5c0bc4,2.0,2.0,3.0,0.62109375,,,,,3.0,2.0,3.0,0.23046875,2.0,2.0,3.0,0.51953125,0.01953125,"Retention is frequency under declared balanced sensitivity scenarios, not probability/confidence."
223be963e7871aff2a00,2.0,2.0,3.0,0.62109375,,,,,3.0,2.0,3.0,0.23046875,2.0,2.0,3.0,0.51953125,0.0390625,"Retention is frequency under declared balanced sensitivity scenarios, not probability/confidence."
223fa73db46bc7114186,1.0,1.0,2.0,0.5,,,,,2.0,1.0,3.0,0.32421875,1.0,1.0,2.0,0.41015625,0.1640625,"Retention is frequency under declared balanced sensitivity scenarios, not probability/confidence."
2256cc834ee53ace9e99,2.0,1.0,2.0,0.5,,,,,3.0,2.0,3.0,0.22265625,1.0,1.0,2.0,0.43359375,0.3828125,"Retention is frequency under declared balanced sensitivity scenarios, not probability/confidence."
2258382013c9547448af,4.0,3.0,4.0,0.30859375,1.0,1.0,2.0,0.5,3.0,2.0,4.0,0.33203125,3.0,2.0,3.0,0.51953125,0.75390625,"Retention is frequency under declared balanced sensitivity scenarios, not probability/confidence."
226814c92d7dff5a699b,1.0,1.0,2.0,0.5,,,,,2.0,1.0,3.0,0.33984375,1.0,1.0,2.0,0.390625,0.17578125,"Retention is frequency under declared balanced sensitivity scenarios, not probability/confidence."
2273edb7c42e06004ff5,2.0,2.0,3.0,0.62109375,,,,,3.0,2.0,3.0,0.23046875,2.0,2.0,3.0,0.51953125,0.0390625,"Retention is frequency under declared balanced sensitivity scenarios, not probability/confidence."
22755d80989528d93a16,2.0,2.0,3.0,0.6328125,,,,,2.0,1.0,3.0,0.50390625,3.0,2.0,3.0,0.53125,0.01953125,"Retention is frequency under declared balanced sensitivity scenarios, not probability/confidence."
2279d9650b3c4d1c5fd3,,,,,,,,,,,,,,,,,1.0,"Retention is frequency under declared balanced sensitivity scenarios, not probability/confidence."
227fc523eb9898cf864b,2.0,2.0,3.0,0.6328125,,,,,2.0,1.0,3.0,0.50390625,3.0,2.0,3.0,0.53125,0.01953125,"Retention is frequency under declared balanced sensitivity scenarios, not probability/confidence."
22823ba0792509089813,3.0,3.0,4.0,0.765625,,,,,3.0,2.0,3.0,0.26171875,2.0,2.0,3.0,0.49609375,0.65234375,"Retention is frequency under declared balanced sensitivity scenarios, not probability/confidence."
229491dc6dd9f1ba481b,,,,,,,,,,,,,,,,,1.0,"Retention is frequency under declared balanced sensitivity scenarios, not probability/confidence."
229a25d6ad4fec517b5e,4.0,3.0,4.0,0.35546875,,,,,4.0,3.0,4.0,0.2421875,4.0,3.0,4.0,0.70703125,0.66796875,"Retention is frequency under declared balanced sensitivity scenarios, not probability/confidence."
22a60c4e00f89947c63c,,,,,,,,,,,,,,,,,1.0,"Retention is frequency under declared balanced sensitivity scenarios, not probability/confidence."
22b3701953ca596c2fc5,,,,,,,,,,,,,,,,,1.0,"Retention is frequency under declared balanced sensitivity scenarios, not probability/confidence."
22d0f4a280bd528fe720,1.0,1.0,2.0,0.5,,,,,2.0,1.0,3.0,0.32421875,1.0,1.0,2.0,0.41015625,0.1640625,"Retention is frequency under declared balanced sensitivity scenarios, not probability/confidence."
22dc17666a9d2b8b3d60,4.0,3.0,4.0,0.375,4.0,3.0,4.0,0.23828125,4.0,3.0,4.0,0.2421875,3.0,2.0,3.0,0.75390625,0.2109375,"Retention is frequency under declared balanced sensitivity scenarios, not probability/confidence."
232041e6f15c694f25ad,,,,,,,,,,,,,,,,,1.0,"Retention is frequency under declared balanced sensitivity scenarios, not probability/confidence."
23340b7e22a41d2e1340,2.0,1.0,2.0,0.5,,,,,3.0,2.0,3.0,0.26171875,2.0,1.0,2.0,0.73046875,0.046875,"Retention is frequency under declared balanced sensitivity scenarios, not probability/confidence."
2343de819b6dce47b23f,4.0,3.0,4.0,0.35546875,,,,,4.0,3.0,4.0,0.2421875,4.0,3.0,4.0,0.70703125,0.66796875,"Retention is frequency under declared balanced sensitivity scenarios, not probability/confidence."
234b9770c66ca3bb1f51,4.0,3.0,4.0,0.35546875,,,,,4.0,3.0,4.0,0.2421875,4.0,3.0,4.0,0.70703125,0.66796875,"Retention is frequency under declared balanced sensitivity scenarios, not probability/confidence."
2364a85738ba995134da,2.0,2.0,3.0,0.62890625,,,,,2.0,1.0,2.0,0.24609375,4.0,4.0,4.0,1.0,0.44921875,"Retention is frequency under declared balanced sensitivity scenarios, not probability/confidence."
237868bbc28ae856caa5,,,,,,,,,,,,,,,,,1.0,"Retention is frequency under declared balanced sensitivity scenarios, not probability/confidence."
237d3666590dd83f9b0c,4.0,3.0,4.0,0.30859375,1.0,1.0,2.0,0.5,3.0,2.0,4.0,0.33203125,3.0,2.0,3.0,0.51953125,0.75390625,"Retention is frequency under declared balanced sensitivity scenarios, not probability/confidence."
23960a2c81444cd224da,1.0,1.0,2.0,0.5,,,,,2.0,1.0,3.0,0.32421875,1.0,1.0,2.0,0.41015625,0.1640625,"Retention is frequency under declared balanced sensitivity scenarios, not probability/confidence."
23a4df1b276b86ee58af,,,,,,,,,2.0,1.0,3.0,0.30859375,4.0,3.0,4.0,0.65234375,0.66796875,"Retention is frequency under declared balanced sensitivity scenarios, not probability/confidence."
23a7b10eea8f53982dac,4.0,3.0,4.0,0.35546875,,,,,4.0,3.0,4.0,0.2421875,4.0,3.0,4.0,0.70703125,0.66796875,"Retention is frequency under declared balanced sensitivity scenarios, not probability/confidence."
23b25a4a2b131ad90678,,,,,,,,,,,,,,,,,1.0,"Retention is frequency under declared balanced sensitivity scenarios, not probability/confidence."
23bc306c3f12c32807fe,,,,,,,,,,,,,,,,,1.0,"Retention is frequency under declared balanced sensitivity scenarios, not probability/confidence."
23ca2b8046659ab2afb1,1.0,1.0,2.0,0.5,,,,,2.0,1.0,3.0,0.32421875,1.0,1.0,2.0,0.41015625,0.1640625,"Retention is frequency under declared balanced sensitivity scenarios, not probability/confidence."
23cf04a340ad7bc482a5,4.0,3.0,4.0,0.265625,,,,,4.0,3.0,4.0,0.2421875,4.0,3.0,4.0,0.70703125,0.23828125,"Retention is frequency under declared balanced sensitivity scenarios, not probability/confidence."
23d07f49c380f9947c28,2.0,1.0,2.0,0.5,,,,,3.0,2.0,3.0,0.26171875,2.0,1.0,2.0,0.73046875,0.1640625,"Retention is frequency under declared balanced sensitivity scenarios, not probability/confidence."
23d6bb3b8d0fb5be0364,,,,,,,,,,,,,,,,,1.0,"Retention is frequency under declared balanced sensitivity scenarios, not probability/confidence."
23dda55cf06f956ca2f0,1.0,1.0,2.0,0.5,,,,,2.0,1.0,3.0,0.32421875,1.0,1.0,2.0,0.41015625,0.08203125,"Retention is frequency under declared balanced sensitivity scenarios, not probability/confidence."
23ead03ed17a18d685d3,1.0,1.0,2.0,0.5,,,,,2.0,1.0,3.0,0.32421875,1.0,1.0,2.0,0.41015625,0.1640625,"Retention is frequency under declared balanced sensitivity scenarios, not probability/confidence."
2402219bc5cbe703a786,2.0,2.0,3.0,0.62890625,,,,,2.0,1.0,2.0,0.24609375,4.0,4.0,4.0,1.0,0.44921875,"Retention is frequency under declared balanced sensitivity scenarios, not probability/confidence."
240b4ee35f269b5b0c8a,4.0,3.0,4.0,0.296875,,,,,4.0,3.0,4.0,0.2421875,4.0,3.0,4.0,0.70703125,0.84765625,"Retention is frequency under declared balanced sensitivity scenarios, not probability/confidence."
2414dfd73d27a228ddd5,,,,,,,,,,,,,,,,,1.0,"Retention is frequency under declared balanced sensitivity scenarios, not probability/confidence."
242b5a57538c9257038b,4.0,3.0,4.0,0.30859375,1.0,1.0,2.0,0.5,3.0,2.0,4.0,0.33203125,3.0,2.0,3.0,0.51953125,0.5078125,"Retention is frequency under declared balanced sensitivity scenarios, not probability/confidence."
243e87f6ddab3b1ada15,4.0,3.0,4.0,0.35546875,,,,,4.0,3.0,4.0,0.2421875,4.0,3.0,4.0,0.70703125,0.66796875,"Retention is frequency under declared balanced sensitivity scenarios, not probability/confidence."
245e46aca7d3ecf7fc35,4.0,3.0,4.0,0.296875,,,,,4.0,3.0,4.0,0.2421875,4.0,3.0,4.0,0.70703125,0.50390625,"Retention is frequency under declared balanced sensitivity scenarios, not probability/confidence."
246859a8adb8dbda025f,1.0,1.0,2.0,0.5,,,,,2.0,1.0,3.0,0.33984375,1.0,1.0,2.0,0.390625,0.17578125,"Retention is frequency under declared balanced sensitivity scenarios, not probability/confidence."
246ae3476711da0e93ac,2.0,2.0,3.0,0.6328125,3.0,2.0,3.0,0.23828125,2.0,1.0,3.0,0.50390625,3.0,2.0,3.0,0.53125,0.234375,"Retention is frequency under declared balanced sensitivity scenarios, not probability/confidence."
246c8dd1af2dac7c1ebd,1.0,1.0,2.0,0.5,,,,,2.0,1.0,3.0,0.33984375,1.0,1.0,2.0,0.390625,0.07421875,"Retention is frequency under declared balanced sensitivity scenarios, not probability/confidence."
247c780dde87ab5677e6,2.0,2.0,3.0,0.62109375,,,,,3.0,2.0,3.0,0.23046875,2.0,2.0,3.0,0.51953125,0.01953125,"Retention is frequency under declared balanced sensitivity scenarios, not probability/confidence."
24975ba67d3d61b0983e,4.0,3.0,4.0,0.35546875,,,,,4.0,3.0,4.0,0.2421875,4.0,3.0,4.0,0.70703125,0.66796875,"Retention is frequency under declared balanced sensitivity scenarios, not probability/confidence."
24c00cded612cc30aa57,4.0,3.0,4.0,0.375,4.0,3.0,4.0,0.24609375,4.0,3.0,4.0,0.2421875,3.0,2.0,3.0,0.75390625,0.2421875,"Retention is frequency under declared balanced sensitivity scenarios, not probability/confidence."
24c41689286d5b94d359,1.0,1.0,2.0,0.5,,,,,2.0,1.0,3.0,0.33984375,1.0,1.0,2.0,0.390625,0.17578125,"Retention is frequency under declared balanced sensitivity scenarios, not probability/confidence."
24e3322e9b275914e46e,1.0,1.0,2.0,0.5,,,,,2.0,1.0,3.0,0.32421875,1.0,1.0,2.0,0.41015625,0.1640625,"Retention is frequency under declared balanced sensitivity scenarios, not probability/confidence."
24e86d13d7474f888bed,3.0,2.0,3.0,0.390625,,,,,2.0,1.0,3.0,0.29296875,2.0,2.0,3.0,0.50390625,0.6484375,"Retention is frequency under declared balanced sensitivity scenarios, not probability/confidence."
24fc67169a6142476f87,4.0,3.0,4.0,0.35546875,,,,,4.0,3.0,4.0,0.2421875,4.0,3.0,4.0,0.70703125,0.66796875,"Retention is frequency under declared balanced sensitivity scenarios, not probability/confidence."
25075f1955cef4fc871e,1.0,1.0,2.0,0.5,,,,,2.0,1.0,3.0,0.33984375,1.0,1.0,2.0,0.390625,0.17578125,"Retention is frequency under declared balanced sensitivity scenarios, not probability/confidence."
2510cfbc0f495a5b1c24,2.0,2.0,3.0,0.62109375,,,,,3.0,2.0,3.0,0.23046875,2.0,2.0,3.0,0.51953125,0.01953125,"Retention is frequency under declared balanced sensitivity scenarios, not probability/confidence."
252319e5fa781ebdeef6,3.0,3.0,4.0,0.765625,,,,,3.0,2.0,3.0,0.26171875,2.0,2.0,3.0,0.49609375,0.65234375,"Retention is frequency under declared balanced sensitivity scenarios, not probability/confidence."
2530b440fe6d5957a0f2,,,,,,,,,,,,,,,,,1.0,"Retention is frequency under declared balanced sensitivity scenarios, not probability/confidence."
253c227bbe884b3da208,4.0,3.0,4.0,0.30859375,3.0,2.0,3.0,0.5,3.0,2.0,4.0,0.33203125,3.0,2.0,3.0,0.51953125,0.66796875,"Retention is frequency under declared balanced sensitivity scenarios, not probability/confidence."
254afbbcbb24a5eb033f,4.0,3.0,4.0,0.30859375,3.0,2.0,3.0,0.5,3.0,2.0,4.0,0.33203125,3.0,2.0,3.0,0.51953125,0.66796875,"Retention is frequency under declared balanced sensitivity scenarios, not probability/confidence."
2559138ea47ebe79ab48,2.0,2.0,3.0,0.62109375,,,,,3.0,2.0,3.0,0.23046875,2.0,2.0,3.0,0.51953125,0.0390625,"Retention is frequency under declared balanced sensitivity scenarios, not probability/confidence."
256bef77426942398e81,2.0,1.0,2.0,0.5,,,,,3.0,2.0,3.0,0.22265625,1.0,1.0,2.0,0.43359375,0.3828125,"Retention is frequency under declared balanced sensitivity scenarios, not probability/confidence."
25703adad6b84ed8c67e,4.0,3.0,4.0,0.375,4.0,3.0,4.0,0.24609375,4.0,3.0,4.0,0.2421875,3.0,2.0,3.0,0.75390625,0.2421875,"Retention is frequency under declared balanced sensitivity scenarios, not probability/confidence."
257d367fa0d1a740c458,4.0,3.0,4.0,0.25390625,,,,,4.0,3.0,4.0,0.2421875,4.0,3.0,4.0,0.70703125,0.3359375,"Retention is frequency under declared balanced sensitivity scenarios, not probability/confidence."
25807737350fbf38963a,1.0,1.0,2.0,0.5,,,,,2.0,1.0,3.0,0.33984375,1.0,1.0,2.0,0.390625,0.17578125,"Retention is frequency under declared balanced sensitivity scenarios, not probability/confidence."
2599f853e99a4be6b618,1.0,1.0,2.0,0.5,,,,,2.0,1.0,3.0,0.32421875,1.0,1.0,2.0,0.41015625,0.08203125,"Retention is frequency under declared balanced sensitivity scenarios, not probability/confidence."
25a5c418a485bdf3ceda,,,,,,,,,2.0,1.0,3.0,0.30859375,4.0,3.0,4.0,0.65234375,0.66796875,"Retention is frequency under declared balanced sensitivity scenarios, not probability/confidence."
25aa43e8877b34724a43,1.0,1.0,2.0,0.5,,,,,2.0,1.0,3.0,0.33984375,1.0,1.0,2.0,0.390625,0.17578125,"Retention is frequency under declared balanced sensitivity scenarios, not probability/confidence."
25abd6699af0202269dd,4.0,3.0,4.0,0.375,4.0,3.0,4.0,0.24609375,4.0,3.0,4.0,0.2421875,3.0,2.0,3.0,0.75390625,0.2734375,"Retention is frequency under declared balanced sensitivity scenarios, not probability/confidence."
25b98201d52c59a7fa41,4.0,3.0,4.0,0.35546875,,,,,4.0,3.0,4.0,0.2421875,4.0,3.0,4.0,0.70703125,0.66796875,"Retention is frequency under declared balanced sensitivity scenarios, not probability/confidence."
25d3596f9b02d63b489f,3.0,3.0,4.0,0.7734375,,,,,3.0,2.0,3.0,0.23828125,2.0,2.0,3.0,0.49609375,0.625,"Retention is frequency under declared balanced sensitivity scenarios, not probability/confidence."
25d53abe3e01eabc2ee7,4.0,3.0,4.0,0.30859375,3.0,2.0,3.0,0.5,3.0,2.0,4.0,0.33203125,3.0,2.0,3.0,0.51953125,0.66796875,"Retention is frequency under declared balanced sensitivity scenarios, not probability/confidence."
25e3acc2fca1b32150ad,,,,,,,,,,,,,,,,,0.4921875,"Retention is frequency under declared balanced sensitivity scenarios, not probability/confidence."
25eb6d5b1334e3482deb,,,,,,,,,,,,,,,,,1.0,"Retention is frequency under declared balanced sensitivity scenarios, not probability/confidence."
26018f2c01c75eabaf79,4.0,3.0,4.0,0.30859375,3.0,2.0,3.0,0.5,3.0,2.0,4.0,0.33203125,3.0,2.0,3.0,0.51953125,0.66796875,"Retention is frequency under declared balanced sensitivity scenarios, not probability/confidence."
260a1e8b4d8deca0051f,2.0,1.0,2.0,0.5,,,,,3.0,2.0,3.0,0.22265625,1.0,1.0,2.0,0.43359375,0.3828125,"Retention is frequency under declared balanced sensitivity scenarios, not probability/confidence."
26127bff96e131221357,2.0,2.0,3.0,0.62890625,,,,,2.0,1.0,2.0,0.24609375,4.0,4.0,4.0,1.0,0.44921875,"Retention is frequency under declared balanced sensitivity scenarios, not probability/confidence."
266ba3b76bf153edf26d,2.0,1.0,2.0,0.5,,,,,3.0,2.0,3.0,0.22265625,1.0,1.0,2.0,0.43359375,0.3828125,"Retention is frequency under declared balanced sensitivity scenarios, not probability/confidence."
266e51a07d0f830e4fff,1.0,1.0,2.0,0.5,,,,,2.0,1.0,3.0,0.33984375,1.0,1.0,2.0,0.390625,0.07421875,"Retention is frequency under declared balanced sensitivity scenarios, not probability/confidence."
26700abd4bf768e573e7,1.0,1.0,2.0,0.5,,,,,2.0,1.0,3.0,0.32421875,1.0,1.0,2.0,0.41015625,0.1640625,"Retention is frequency under declared balanced sensitivity scenarios, not probability/confidence."
267ac805b521f1d74654,2.0,1.0,2.0,0.5,,,,,3.0,2.0,3.0,0.26171875,2.0,1.0,2.0,0.73046875,0.046875,"Retention is frequency under declared balanced sensitivity scenarios, not probability/confidence."
268d5fc662424f65c14f,,,,,,,,,2.0,1.0,3.0,0.30859375,4.0,3.0,4.0,0.65234375,0.66796875,"Retention is frequency under declared balanced sensitivity scenarios, not probability/confidence."
26965bcb7dae590794bf,4.0,3.0,4.0,0.375,4.0,3.0,4.0,0.24609375,4.0,3.0,4.0,0.2421875,3.0,2.0,3.0,0.75390625,0.2421875,"Retention is frequency under declared balanced sensitivity scenarios, not probability/confidence."
26b4ca6f72643b52e05e,,,,,,,,,,,,,,,,,1.0,"Retention is frequency under declared balanced sensitivity scenarios, not probability/confidence."
26beb30247156c7abd74,1.0,1.0,2.0,0.5,,,,,2.0,1.0,3.0,0.32421875,1.0,1.0,2.0,0.41015625,0.1640625,"Retention is frequency under declared balanced sensitivity scenarios, not probability/confidence."
26d9798df23a3be69659,2.0,2.0,3.0,0.6328125,,,,,2.0,1.0,3.0,0.50390625,3.0,2.0,3.0,0.53125,0.01953125,"Retention is frequency under declared balanced sensitivity scenarios, not probability/confidence."
26d979ff9411aafdc54e,2.0,2.0,3.0,0.62890625,,,,,2.0,1.0,2.0,0.24609375,4.0,4.0,4.0,1.0,0.44140625,"Retention is frequency under declared balanced sensitivity scenarios, not probability/confidence."
26e702d119dc433055a4,4.0,3.0,4.0,0.30859375,3.0,2.0,3.0,0.5,3.0,2.0,4.0,0.33203125,3.0,2.0,3.0,0.51953125,0.43359375,"Retention is frequency under declared balanced sensitivity scenarios, not probability/confidence."
26ed5a0009bc2902c82f,2.0,1.0,2.0,0.5,,,,,3.0,2.0,3.0,0.26171875,2.0,1.0,2.0,0.73046875,0.1640625,"Retention is frequency under declared balanced sensitivity scenarios, not probability/confidence."
26f27ca1dec1a5fb05a1,,,,,,,,,,,,,,,,,0.34765625,"Retention is frequency under declared balanced sensitivity scenarios, not probability/confidence."
271e4483f57d123e52a0,,,,,,,,,,,,,,,,,0.4921875,"Retention is frequency under declared balanced sensitivity scenarios, not probability/confidence."
2729c96c62542f5c5702,1.0,1.0,2.0,0.5,,,,,2.0,1.0,3.0,0.32421875,1.0,1.0,2.0,0.41015625,0.1640625,"Retention is frequency under declared balanced sensitivity scenarios, not probability/confidence."
274a40de4dd28cc0fdc7,,,,,,,,,,,,,,,,,1.0,"Retention is frequency under declared balanced sensitivity scenarios, not probability/confidence."
2759984b12795a5d7db7,4.0,3.0,4.0,0.30859375,1.0,1.0,2.0,0.5,3.0,2.0,4.0,0.33203125,3.0,2.0,3.0,0.51953125,0.5078125,"Retention is frequency under declared balanced sensitivity scenarios, not probability/confidence."
275a7b6fed919c733574,1.0,1.0,2.0,0.5,,,,,2.0,1.0,3.0,0.32421875,1.0,1.0,2.0,0.41015625,0.1640625,"Retention is frequency under declared balanced sensitivity scenarios, not probability/confidence."
275ab1f5e2b7f0c782cc,,,,,,,,,,,,,,,,,1.0,"Retention is frequency under declared balanced sensitivity scenarios, not probability/confidence."
275f2754c5d1e577a101,2.0,2.0,3.0,0.62109375,,,,,3.0,2.0,3.0,0.23046875,2.0,2.0,3.0,0.51953125,0.01953125,"Retention is frequency under declared balanced sensitivity scenarios, not probability/confidence."
2764d26cd5766654d893,2.0,2.0,3.0,0.62109375,,,,,3.0,2.0,3.0,0.23046875,2.0,2.0,3.0,0.51953125,0.0390625,"Retention is frequency under declared balanced sensitivity scenarios, not probability/confidence."
276847c0f6b8545a4632,1.0,1.0,2.0,0.5,,,,,2.0,1.0,3.0,0.32421875,1.0,1.0,2.0,0.41015625,0.1640625,"Retention is frequency under declared balanced sensitivity scenarios, not probability/confidence."
277b23e1d6d1d2ca4de3,4.0,3.0,4.0,0.30859375,3.0,2.0,3.0,0.5,3.0,2.0,4.0,0.33203125,3.0,2.0,3.0,0.51953125,0.66796875,"Retention is frequency under declared balanced sensitivity scenarios, not probability/confidence."
278151c41a06676f7937,3.0,2.0,3.0,0.390625,,,,,2.0,1.0,3.0,0.29296875,2.0,2.0,3.0,0.50390625,0.40625,"Retention is frequency under declared balanced sensitivity scenarios, not probability/confidence."
279c3a106092493405b8,3.0,2.0,3.0,0.390625,,,,,2.0,1.0,3.0,0.29296875,2.0,2.0,3.0,0.50390625,0.40625,"Retention is frequency under declared balanced sensitivity scenarios, not probability/confidence."
27a02c8ecc75c503f483,,,,,,,,,,,,,,,,,1.0,"Retention is frequency under declared balanced sensitivity scenarios, not probability/confidence."
27ea483eafc3ccfd80a4,4.0,3.0,4.0,0.30859375,3.0,2.0,3.0,0.5,3.0,2.0,4.0,0.33203125,3.0,2.0,3.0,0.51953125,0.66796875,"Retention is frequency under declared balanced sensitivity scenarios, not probability/confidence."
27eaabac9641f0da31a6,2.0,2.0,3.0,0.62109375,,,,,3.0,2.0,3.0,0.23046875,2.0,2.0,3.0,0.51953125,0.01953125,"Retention is frequency under declared balanced sensitivity scenarios, not probability/confidence."
27fa412b44be22f185ae,1.0,1.0,2.0,0.5,,,,,2.0,1.0,3.0,0.33984375,1.0,1.0,2.0,0.390625,0.07421875,"Retention is frequency under declared balanced sensitivity scenarios, not probability/confidence."
2809cada6c2b26ccd283,,,,,,,,,2.0,1.0,3.0,0.30859375,4.0,3.0,4.0,0.65234375,0.66796875,"Retention is frequency under declared balanced sensitivity scenarios, not probability/confidence."
2821e71cefc227a57ae9,4.0,3.0,4.0,0.30859375,3.0,2.0,3.0,0.5,3.0,2.0,4.0,0.33203125,3.0,2.0,3.0,0.51953125,0.66796875,"Retention is frequency under declared balanced sensitivity scenarios, not probability/confidence."
285ca0e7033a28ceb5c5,,,,,,,,,,,,,,,,,0.34765625,"Retention is frequency under declared balanced sensitivity scenarios, not probability/confidence."
2867a31523fed75226d8,3.0,3.0,4.0,0.7734375,,,,,3.0,2.0,3.0,0.23828125,2.0,2.0,3.0,0.49609375,0.625,"Retention is frequency under declared balanced sensitivity scenarios, not probability/confidence."
2869cbc932cc07b195fa,3.0,3.0,4.0,0.765625,,,,,3.0,2.0,3.0,0.26171875,2.0,2.0,3.0,0.49609375,0.65234375,"Retention is frequency under declared balanced sensitivity scenarios, not probability/confidence."
289700bc348514d816e4,1.0,1.0,2.0,0.5,,,,,2.0,1.0,3.0,0.33984375,1.0,1.0,2.0,0.390625,0.17578125,"Retention is frequency under declared balanced sensitivity scenarios, not probability/confidence."
289ff0d488cddf614509,4.0,3.0,4.0,0.30859375,1.0,1.0,2.0,0.5,3.0,2.0,4.0,0.33203125,3.0,2.0,3.0,0.51953125,0.41796875,"Retention is frequency under declared balanced sensitivity scenarios, not probability/confidence."
28ac500c1dcd676dab99,3.0,3.0,4.0,0.765625,,,,,3.0,2.0,3.0,0.26171875,2.0,2.0,3.0,0.49609375,0.65234375,"Retention is frequency under declared balanced sensitivity scenarios, not probability/confidence."
28c2adcfabf2831a3103,1.0,1.0,2.0,0.5,,,,,2.0,1.0,3.0,0.33984375,1.0,1.0,2.0,0.390625,0.17578125,"Retention is frequency under declared balanced sensitivity scenarios, not probability/confidence."
28c419194d87f21480db,2.0,2.0,3.0,0.6328125,,,,,2.0,1.0,3.0,0.50390625,3.0,2.0,3.0,0.53125,0.01953125,"Retention is frequency under declared balanced sensitivity scenarios, not probability/confidence."
28d2bea4bbea8444e9d2,,,,,,,,,2.0,1.0,3.0,0.30859375,4.0,3.0,4.0,0.65234375,0.6640625,"Retention is frequency under declared balanced sensitivity scenarios, not probability/confidence."
28ebcf9e9b82a9245a49,1.0,1.0,2.0,0.5,,,,,2.0,1.0,3.0,0.32421875,1.0,1.0,2.0,0.41015625,0.1640625,"Retention is frequency under declared balanced sensitivity scenarios, not probability/confidence."
28ec9e7758e821a4997d,1.0,1.0,2.0,0.5,,,,,2.0,1.0,3.0,0.32421875,1.0,1.0,2.0,0.41015625,0.08203125,"Retention is frequency under declared balanced sensitivity scenarios, not probability/confidence."
28ef595de44a080a4cfb,2.0,2.0,3.0,0.62109375,,,,,3.0,2.0,3.0,0.23046875,2.0,2.0,3.0,0.51953125,0.01953125,"Retention is frequency under declared balanced sensitivity scenarios, not probability/confidence."
29065ea993e082d666b0,4.0,3.0,4.0,0.30859375,3.0,2.0,3.0,0.5,3.0,2.0,4.0,0.33203125,3.0,2.0,3.0,0.51953125,0.66796875,"Retention is frequency under declared balanced sensitivity scenarios, not probability/confidence."
2908e98686ea813131f5,1.0,1.0,2.0,0.5,,,,,2.0,1.0,3.0,0.33984375,1.0,1.0,2.0,0.390625,0.17578125,"Retention is frequency under declared balanced sensitivity scenarios, not probability/confidence."
2913fbc1cd029e743fe3,,,,,,,,,2.0,1.0,3.0,0.30859375,4.0,3.0,4.0,0.65234375,0.66796875,"Retention is frequency under declared balanced sensitivity scenarios, not probability/confidence."
29143b2025257a59fc0e,,,,,,,,,,,,,,,,,0.4921875,"Retention is frequency under declared balanced sensitivity scenarios, not probability/confidence."
292a58061c13aba60868,3.0,2.0,3.0,0.390625,,,,,2.0,1.0,3.0,0.29296875,2.0,2.0,3.0,0.50390625,0.40625,"Retention is frequency under declared balanced sensitivity scenarios, not probability/confidence."
292d22b4c87e92ccbed8,4.0,3.0,4.0,0.375,4.0,3.0,4.0,0.24609375,4.0,3.0,4.0,0.2421875,3.0,2.0,3.0,0.75390625,0.2421875,"Retention is frequency under declared balanced sensitivity scenarios, not probability/confidence."
294d086fd0d4ee79d838,,,,,,,,,2.0,1.0,3.0,0.30859375,4.0,3.0,4.0,0.65234375,0.66796875,"Retention is frequency under declared balanced sensitivity scenarios, not probability/confidence."
29542ab971caee64a6f9,,,,,,,,,,,,,,,,,0.5,"Retention is frequency under declared balanced sensitivity scenarios, not probability/confidence."
29664afa9f1c38ccbeb6,2.0,2.0,3.0,0.6328125,,,,,2.0,1.0,3.0,0.50390625,3.0,2.0,3.0,0.53125,0.01953125,"Retention is frequency under declared balanced sensitivity scenarios, not probability/confidence."
296ecc83d552ec847205,,,,,,,,,,,,,,,,,1.0,"Retention is frequency under declared balanced sensitivity scenarios, not probability/confidence."
29731396cc7e9f5c44e7,2.0,1.0,2.0,0.5,,,,,3.0,2.0,3.0,0.26171875,2.0,1.0,2.0,0.73046875,0.1640625,"Retention is frequency under declared balanced sensitivity scenarios, not probability/confidence."
2995c38c9dae2b9958bf,4.0,3.0,4.0,0.296875,,,,,4.0,3.0,4.0,0.2421875,4.0,3.0,4.0,0.70703125,0.84765625,"Retention is frequency under declared balanced sensitivity scenarios, not probability/confidence."
29d7481715f870dffadb,2.0,2.0,3.0,0.62109375,,,,,3.0,2.0,3.0,0.23046875,2.0,2.0,3.0,0.51953125,0.0390625,"Retention is frequency under declared balanced sensitivity scenarios, not probability/confidence."
29f1dad88357bd281fdc,,,,,,,,,2.0,1.0,3.0,0.30859375,4.0,3.0,4.0,0.65234375,0.66796875,"Retention is frequency under declared balanced sensitivity scenarios, not probability/confidence."
2a134ff3ccfe6bef31cf,2.0,2.0,3.0,0.62890625,,,,,2.0,1.0,2.0,0.24609375,4.0,4.0,4.0,1.0,0.44921875,"Retention is frequency under declared balanced sensitivity scenarios, not probability/confidence."
2a1835893923e5fadd96,3.0,2.0,3.0,0.390625,,,,,2.0,1.0,3.0,0.29296875,2.0,2.0,3.0,0.50390625,0.40625,"Retention is frequency under declared balanced sensitivity scenarios, not probability/confidence."
2a221056bef9e36a274f,3.0,2.0,3.0,0.390625,,,,,2.0,1.0,3.0,0.29296875,2.0,2.0,3.0,0.50390625,0.6484375,"Retention is frequency under declared balanced sensitivity scenarios, not probability/confidence."
2a2a8b08c990f1af437a,2.0,2.0,3.0,0.62109375,,,,,3.0,2.0,3.0,0.23046875,2.0,2.0,3.0,0.51953125,0.0390625,"Retention is frequency under declared balanced sensitivity scenarios, not probability/confidence."
2a33d05453991a8ed10e,4.0,3.0,4.0,0.25390625,,,,,4.0,3.0,4.0,0.2421875,4.0,3.0,4.0,0.70703125,0.3359375,"Retention is frequency under declared balanced sensitivity scenarios, not probability/confidence."
2a5ff8c7402d64b3c59c,,,,,,,,,,,,,,,,,1.0,"Retention is frequency under declared balanced sensitivity scenarios, not probability/confidence."
2a7f1168695bd55f70d9,3.0,3.0,4.0,0.765625,,,,,3.0,2.0,3.0,0.26171875,2.0,2.0,3.0,0.49609375,0.65234375,"Retention is frequency under declared balanced sensitivity scenarios, not probability/confidence."
2a888b51655a0ed7d9af,,,,,,,,,2.0,1.0,3.0,0.30859375,4.0,3.0,4.0,0.65234375,0.66796875,"Retention is frequency under declared balanced sensitivity scenarios, not probability/confidence."
2a8f72716d5e420ba555,2.0,1.0,2.0,0.5,,,,,3.0,2.0,3.0,0.22265625,1.0,1.0,2.0,0.43359375,0.3828125,"Retention is frequency under declared balanced sensitivity scenarios, not probability/confidence."
2aae012c12e416b506dd,4.0,3.0,4.0,0.375,4.0,3.0,4.0,0.24609375,4.0,3.0,4.0,0.2421875,3.0,2.0,3.0,0.75390625,0.2421875,"Retention is frequency under declared balanced sensitivity scenarios, not probability/confidence."
2acd8a133359b944297c,,,,,,,,,,,,,,,,,1.0,"Retention is frequency under declared balanced sensitivity scenarios, not probability/confidence."
2ad2ac3ed62c7caa5c5b,,,,,,,,,2.0,1.0,3.0,0.30859375,4.0,3.0,4.0,0.65234375,0.66796875,"Retention is frequency under declared balanced sensitivity scenarios, not probability/confidence."
2ad3a50b7452440c2a98,4.0,3.0,4.0,0.35546875,,,,,4.0,3.0,4.0,0.2421875,4.0,3.0,4.0,0.70703125,0.66796875,"Retention is frequency under declared balanced sensitivity scenarios, not probability/confidence."
2ad77b9da89983fadaa7,4.0,3.0,4.0,0.30859375,1.0,1.0,2.0,0.5,3.0,2.0,4.0,0.33203125,3.0,2.0,3.0,0.51953125,0.75390625,"Retention is frequency under declared balanced sensitivity scenarios, not probability/confidence."
2ae86507b5b50df9a5db,3.0,3.0,4.0,0.7734375,,,,,3.0,2.0,3.0,0.23828125,2.0,2.0,3.0,0.49609375,0.625,"Retention is frequency under declared balanced sensitivity scenarios, not probability/confidence."
2af4c54fcae383201147,3.0,3.0,4.0,0.765625,,,,,3.0,2.0,3.0,0.26171875,2.0,2.0,3.0,0.49609375,0.65234375,"Retention is frequency under declared balanced sensitivity scenarios, not probability/confidence."
2af5f4eb52ac48831ebc,2.0,2.0,3.0,0.62890625,,,,,2.0,1.0,2.0,0.24609375,4.0,4.0,4.0,1.0,0.44921875,"Retention is frequency under declared balanced sensitivity scenarios, not probability/confidence."
2b1b5b5cc35df844c08f,,,,,,,,,,,,,,,,,1.0,"Retention is frequency under declared balanced sensitivity scenarios, not probability/confidence."
2b23b8e1161b8770a0ec,,,,,,,,,2.0,1.0,3.0,0.30859375,4.0,3.0,4.0,0.65234375,0.66796875,"Retention is frequency under declared balanced sensitivity scenarios, not probability/confidence."
2b3435b0842561e245be,3.0,3.0,4.0,0.765625,,,,,3.0,2.0,3.0,0.26171875,2.0,2.0,3.0,0.49609375,0.65234375,"Retention is frequency under declared balanced sensitivity scenarios, not probability/confidence."
2b36cfc45fc37ee937d0,4.0,3.0,4.0,0.375,4.0,3.0,4.0,0.24609375,4.0,3.0,4.0,0.2421875,3.0,2.0,3.0,0.75390625,0.2734375,"Retention is frequency under declared balanced sensitivity scenarios, not probability/confidence."
2b3c41004b6b32542877,,,,,,,,,,,,,,,,,1.0,"Retention is frequency under declared balanced sensitivity scenarios, not probability/confidence."
2b44c6efb382b8cd18a3,2.0,2.0,3.0,0.6328125,,,,,2.0,1.0,3.0,0.50390625,3.0,2.0,3.0,0.53125,0.01953125,"Retention is frequency under declared balanced sensitivity scenarios, not probability/confidence."
2b451c6c4c4975f2f6af,4.0,3.0,4.0,0.375,4.0,3.0,4.0,0.24609375,4.0,3.0,4.0,0.2421875,3.0,2.0,3.0,0.75390625,0.2421875,"Retention is frequency under declared balanced sensitivity scenarios, not probability/confidence."
2b4d67874a4167292b30,1.0,1.0,2.0,0.5,,,,,2.0,1.0,3.0,0.33984375,1.0,1.0,2.0,0.390625,0.17578125,"Retention is frequency under declared balanced sensitivity scenarios, not probability/confidence."
2b541e3cee21d90834d9,3.0,2.0,3.0,0.390625,,,,,2.0,1.0,3.0,0.29296875,2.0,2.0,3.0,0.50390625,0.40625,"Retention is frequency under declared balanced sensitivity scenarios, not probability/confidence."
2b6276696ac70526c94e,2.0,2.0,3.0,0.6328125,,,,,2.0,1.0,3.0,0.50390625,3.0,2.0,3.0,0.53125,0.01953125,"Retention is frequency under declared balanced sensitivity scenarios, not probability/confidence."
2b673da5abda335157e3,,,,,,,,,2.0,1.0,3.0,0.30859375,4.0,3.0,4.0,0.65234375,0.66796875,"Retention is frequency under declared balanced sensitivity scenarios, not probability/confidence."
2b9b60ec49592c970a16,,,,,,,,,,,,,,,,,0.4921875,"Retention is frequency under declared balanced sensitivity scenarios, not probability/confidence."
2ba09cf659f4bd646848,2.0,2.0,3.0,0.62109375,,,,,3.0,2.0,3.0,0.23046875,2.0,2.0,3.0,0.51953125,0.0390625,"Retention is frequency under declared balanced sensitivity scenarios, not probability/confidence."
2ba8d71ad3e391b43ea1,1.0,1.0,2.0,0.5,,,,,2.0,1.0,3.0,0.33984375,1.0,1.0,2.0,0.390625,0.17578125,"Retention is frequency under declared balanced sensitivity scenarios, not probability/confidence."
2bc4497ad825f41ee53a,,,,,,,,,,,,,,,,,0.5,"Retention is frequency under declared balanced sensitivity scenarios, not probability/confidence."
2be485c59e4f569ed4d5,3.0,3.0,4.0,0.765625,,,,,3.0,2.0,3.0,0.26171875,2.0,2.0,3.0,0.49609375,0.4140625,"Retention is frequency under declared balanced sensitivity scenarios, not probability/confidence."
2be7f2ff2bc965285149,3.0,3.0,4.0,0.765625,,,,,3.0,2.0,3.0,0.26171875,2.0,2.0,3.0,0.49609375,0.65234375,"Retention is frequency under declared balanced sensitivity scenarios, not probability/confidence."
2bea5bcf3f779db298b3,,,,,,,,,,,,,,,,,1.0,"Retention is frequency under declared balanced sensitivity scenarios, not probability/confidence."
2c1d039221aa702dc04c,4.0,3.0,4.0,0.35546875,,,,,4.0,3.0,4.0,0.2421875,4.0,3.0,4.0,0.70703125,0.66796875,"Retention is frequency under declared balanced sensitivity scenarios, not probability/confidence."
2c246af133dc817c0029,4.0,3.0,4.0,0.35546875,,,,,4.0,3.0,4.0,0.2421875,4.0,3.0,4.0,0.70703125,0.66796875,"Retention is frequency under declared balanced sensitivity scenarios, not probability/confidence."
2c30cafeb0e01af01130,1.0,1.0,2.0,0.5,,,,,2.0,1.0,3.0,0.32421875,1.0,1.0,2.0,0.41015625,0.08203125,"Retention is frequency under declared balanced sensitivity scenarios, not probability/confidence."
2c32491a83573f7a36e9,2.0,2.0,3.0,0.62890625,,,,,2.0,1.0,2.0,0.24609375,4.0,4.0,4.0,1.0,0.44921875,"Retention is frequency under declared balanced sensitivity scenarios, not probability/confidence."
2c42a85bed7072f0ed48,3.0,2.0,3.0,0.390625,,,,,2.0,1.0,3.0,0.29296875,2.0,2.0,3.0,0.50390625,0.6484375,"Retention is frequency under declared balanced sensitivity scenarios, not probability/confidence."
2c821fb461738c7f6910,,,,,,,,,,,,,,,,,1.0,"Retention is frequency under declared balanced sensitivity scenarios, not probability/confidence."
2c8b862d1f51289a55a8,,,,,,,,,,,,,,,,,0.4921875,"Retention is frequency under declared balanced sensitivity scenarios, not probability/confidence."
2c8ce8b95e70a69f4fb6,3.0,3.0,4.0,0.7734375,,,,,3.0,2.0,3.0,0.23828125,2.0,2.0,3.0,0.49609375,0.625,"Retention is frequency under declared balanced sensitivity scenarios, not probability/confidence."
2c9a7fad52dbef546c83,2.0,2.0,3.0,0.6328125,,,,,2.0,1.0,3.0,0.50390625,3.0,2.0,3.0,0.53125,0.01953125,"Retention is frequency under declared balanced sensitivity scenarios, not probability/confidence."
2caa283e04ba9087172a,4.0,3.0,4.0,0.30859375,1.0,1.0,2.0,0.5,3.0,2.0,4.0,0.33203125,3.0,2.0,3.0,0.51953125,0.75390625,"Retention is frequency under declared balanced sensitivity scenarios, not probability/confidence."
2cb1b85f5755f0a2f18f,2.0,1.0,2.0,0.5,,,,,3.0,2.0,3.0,0.26171875,2.0,1.0,2.0,0.73046875,0.1640625,"Retention is frequency under declared balanced sensitivity scenarios, not probability/confidence."
2cc2446e67a54e023663,3.0,3.0,4.0,0.7734375,,,,,3.0,2.0,3.0,0.23828125,2.0,2.0,3.0,0.49609375,0.4296875,"Retention is frequency under declared balanced sensitivity scenarios, not probability/confidence."
2cc6d46eb24983876f43,1.0,1.0,2.0,0.5,,,,,2.0,1.0,3.0,0.32421875,1.0,1.0,2.0,0.41015625,0.08203125,"Retention is frequency under declared balanced sensitivity scenarios, not probability/confidence."
2cd66d9e0ee2bd485431,3.0,3.0,4.0,0.765625,,,,,3.0,2.0,3.0,0.26171875,2.0,2.0,3.0,0.49609375,0.65234375,"Retention is frequency under declared balanced sensitivity scenarios, not probability/confidence."
2ce0af3e547c21f7191c,,,,,,,,,,,,,,,,,0.5,"Retention is frequency under declared balanced sensitivity scenarios, not probability/confidence."
2cfe7048190d9af4b127,4.0,3.0,4.0,0.30859375,3.0,2.0,3.0,0.5,3.0,2.0,4.0,0.33203125,3.0,2.0,3.0,0.51953125,0.66796875,"Retention is frequency under declared balanced sensitivity scenarios, not probability/confidence."
2d059a3a6baa467e2498,2.0,1.0,2.0,0.5,,,,,3.0,2.0,3.0,0.26171875,2.0,1.0,2.0,0.73046875,0.1640625,"Retention is frequency under declared balanced sensitivity scenarios, not probability/confidence."
2d198d4a35bbc446cfc9,2.0,1.0,2.0,0.5,,,,,3.0,2.0,3.0,0.26171875,2.0,1.0,2.0,0.73046875,0.1640625,"Retention is frequency under declared balanced sensitivity scenarios, not probability/confidence."
2d47da73134c427f5f44,4.0,3.0,4.0,0.30859375,3.0,2.0,3.0,0.5,3.0,2.0,4.0,0.33203125,3.0,2.0,3.0,0.51953125,0.66796875,"Retention is frequency under declared balanced sensitivity scenarios, not probability/confidence."
2d61da8893a10ee94f6c,4.0,3.0,4.0,0.296875,,,,,4.0,3.0,4.0,0.2421875,4.0,3.0,4.0,0.70703125,0.50390625,"Retention is frequency under declared balanced sensitivity scenarios, not probability/confidence."
2d6222bac2dc11eef282,1.0,1.0,2.0,0.5,,,,,2.0,1.0,3.0,0.32421875,1.0,1.0,2.0,0.41015625,0.1640625,"Retention is frequency under declared balanced sensitivity scenarios, not probability/confidence."
2d648128d497fb94b187,2.0,2.0,3.0,0.62109375,,,,,3.0,2.0,3.0,0.23046875,2.0,2.0,3.0,0.51953125,0.01953125,"Retention is frequency under declared balanced sensitivity scenarios, not probability/confidence."
2d701b7b2fdf0c11906f,1.0,1.0,2.0,0.5,,,,,2.0,1.0,3.0,0.32421875,1.0,1.0,2.0,0.41015625,0.08203125,"Retention is frequency under declared balanced sensitivity scenarios, not probability/confidence."
2d7623cca389a5b7c935,,,,,,,,,,,,,,,,,1.0,"Retention is frequency under declared balanced sensitivity scenarios, not probability/confidence."
2d7d70eda934985d45a8,4.0,3.0,4.0,0.375,4.0,3.0,4.0,0.24609375,4.0,3.0,4.0,0.2421875,3.0,2.0,3.0,0.75390625,0.34375,"Retention is frequency under declared balanced sensitivity scenarios, not probability/confidence."
2d90c72068ee54c7395c,1.0,1.0,2.0,0.5,,,,,2.0,1.0,3.0,0.33984375,1.0,1.0,2.0,0.390625,0.17578125,"Retention is frequency under declared balanced sensitivity scenarios, not probability/confidence."
2dbd07a4f29d81a434d3,2.0,1.0,2.0,0.5,,,,,3.0,2.0,3.0,0.26171875,2.0,1.0,2.0,0.73046875,0.1640625,"Retention is frequency under declared balanced sensitivity scenarios, not probability/confidence."
2dceee9078f17ccc37f2,2.0,2.0,3.0,0.62890625,,,,,2.0,1.0,2.0,0.24609375,4.0,4.0,4.0,1.0,0.44921875,"Retention is frequency under declared balanced sensitivity scenarios, not probability/confidence."
2de73c9ff98d3a59cfd8,2.0,2.0,3.0,0.62109375,,,,,3.0,2.0,3.0,0.23046875,2.0,2.0,3.0,0.51953125,0.0390625,"Retention is frequency under declared balanced sensitivity scenarios, not probability/confidence."
2e01b1eeb2e14065323c,,,,,,,,,2.0,1.0,3.0,0.30859375,4.0,3.0,4.0,0.65234375,0.6640625,"Retention is frequency under declared balanced sensitivity scenarios, not probability/confidence."
2e0f881b5ba7734a3efd,3.0,3.0,4.0,0.765625,,,,,3.0,2.0,3.0,0.26171875,2.0,2.0,3.0,0.49609375,0.65234375,"Retention is frequency under declared balanced sensitivity scenarios, not probability/confidence."
2e208165bc2b20c2238c,2.0,1.0,2.0,0.5,,,,,3.0,2.0,3.0,0.22265625,1.0,1.0,2.0,0.35546875,0.35546875,"Retention is frequency under declared balanced sensitivity scenarios, not probability/confidence."
2e2d60d10a7f530ee711,2.0,1.0,2.0,0.5,,,,,3.0,2.0,3.0,0.26171875,2.0,1.0,2.0,0.73046875,0.1640625,"Retention is frequency under declared balanced sensitivity scenarios, not probability/confidence."
2e65fd159ef4225e379c,3.0,2.0,3.0,0.390625,,,,,2.0,1.0,3.0,0.29296875,2.0,2.0,3.0,0.50390625,0.6484375,"Retention is frequency under declared balanced sensitivity scenarios, not probability/confidence."
2e66fb9465c77b82432e,2.0,2.0,3.0,0.62890625,,,,,2.0,1.0,2.0,0.24609375,4.0,4.0,4.0,1.0,0.44921875,"Retention is frequency under declared balanced sensitivity scenarios, not probability/confidence."
2e6e4b6ce8c1f77aa90d,2.0,1.0,2.0,0.5,,,,,3.0,2.0,3.0,0.26171875,2.0,1.0,2.0,0.73046875,0.1640625,"Retention is frequency under declared balanced sensitivity scenarios, not probability/confidence."
2e7738ee137bc59efe30,4.0,3.0,4.0,0.25390625,,,,,4.0,3.0,4.0,0.2421875,4.0,3.0,4.0,0.70703125,0.3359375,"Retention is frequency under declared balanced sensitivity scenarios, not probability/confidence."
2e993ee3ab844942f91c,3.0,3.0,4.0,0.7734375,,,,,3.0,2.0,3.0,0.23828125,2.0,2.0,3.0,0.49609375,0.625,"Retention is frequency under declared balanced sensitivity scenarios, not probability/confidence."
2ea6257d51416a3b0aac,4.0,3.0,4.0,0.30859375,3.0,2.0,3.0,0.5,3.0,2.0,4.0,0.33203125,3.0,2.0,3.0,0.51953125,0.66796875,"Retention is frequency under declared balanced sensitivity scenarios, not probability/confidence."
2ec8cca44e910fe38c38,2.0,2.0,3.0,0.62109375,,,,,3.0,2.0,3.0,0.23046875,2.0,2.0,3.0,0.51953125,0.0390625,"Retention is frequency under declared balanced sensitivity scenarios, not probability/confidence."
2ecaea5dc458ae155893,1.0,1.0,2.0,0.5,,,,,2.0,1.0,3.0,0.32421875,1.0,1.0,2.0,0.41015625,0.1640625,"Retention is frequency under declared balanced sensitivity scenarios, not probability/confidence."
2ecde2e6cac8927e7fb8,1.0,1.0,2.0,0.5,,,,,2.0,1.0,3.0,0.32421875,1.0,1.0,2.0,0.41015625,0.1640625,"Retention is frequency under declared balanced sensitivity scenarios, not probability/confidence."
2ed61f536dd6ce6f0b90,1.0,1.0,2.0,0.5,,,,,2.0,1.0,3.0,0.33984375,1.0,1.0,2.0,0.390625,0.17578125,"Retention is frequency under declared balanced sensitivity scenarios, not probability/confidence."
2ed79c4a81fad1852a0d,2.0,2.0,3.0,0.62109375,,,,,3.0,2.0,3.0,0.23046875,2.0,2.0,3.0,0.51953125,0.0390625,"Retention is frequency under declared balanced sensitivity scenarios, not probability/confidence."
2ee213e9545fdca31c65,2.0,2.0,3.0,0.62109375,,,,,3.0,2.0,3.0,0.23046875,2.0,2.0,3.0,0.51953125,0.0390625,"Retention is frequency under declared balanced sensitivity scenarios, not probability/confidence."
2eee9c8a853af7c1bf6a,4.0,3.0,4.0,0.35546875,,,,,4.0,3.0,4.0,0.2421875,4.0,3.0,4.0,0.70703125,0.66796875,"Retention is frequency under declared balanced sensitivity scenarios, not probability/confidence."
2ef25352c098a159052f,1.0,1.0,2.0,0.5,,,,,2.0,1.0,3.0,0.33984375,1.0,1.0,2.0,0.390625,0.17578125,"Retention is frequency under declared balanced sensitivity scenarios, not probability/confidence."
2efba9d0d7aed9108edd,1.0,1.0,2.0,0.5,,,,,2.0,1.0,3.0,0.32421875,1.0,1.0,2.0,0.41015625,0.1640625,"Retention is frequency under declared balanced sensitivity scenarios, not probability/confidence."
2f28222b18b4f33096b1,,,,,,,,,2.0,1.0,3.0,0.30859375,4.0,3.0,4.0,0.65234375,0.66796875,"Retention is frequency under declared balanced sensitivity scenarios, not probability/confidence."
2f39387868e7a3ed6ed8,3.0,2.0,3.0,0.390625,,,,,2.0,1.0,3.0,0.29296875,2.0,2.0,3.0,0.50390625,0.6484375,"Retention is frequency under declared balanced sensitivity scenarios, not probability/confidence."
2f6456754b84d26f8b22,1.0,1.0,2.0,0.5,,,,,2.0,1.0,3.0,0.32421875,1.0,1.0,2.0,0.41015625,0.1640625,"Retention is frequency under declared balanced sensitivity scenarios, not probability/confidence."
2f66bfb18b96dce90889,3.0,2.0,3.0,0.390625,,,,,2.0,1.0,3.0,0.29296875,2.0,2.0,3.0,0.50390625,0.6484375,"Retention is frequency under declared balanced sensitivity scenarios, not probability/confidence."
2f77588c12655bb5e33d,1.0,1.0,2.0,0.5,,,,,2.0,1.0,3.0,0.32421875,1.0,1.0,2.0,0.41015625,0.1640625,"Retention is frequency under declared balanced sensitivity scenarios, not probability/confidence."
2f884a818e0061098260,4.0,3.0,4.0,0.30859375,1.0,1.0,2.0,0.5,3.0,2.0,4.0,0.33203125,3.0,2.0,3.0,0.51953125,0.75390625,"Retention is frequency under declared balanced sensitivity scenarios, not probability/confidence."
2f912f328fa466203abd,3.0,2.0,3.0,0.390625,,,,,2.0,1.0,3.0,0.29296875,2.0,2.0,3.0,0.50390625,0.40625,"Retention is frequency under declared balanced sensitivity scenarios, not probability/confidence."
2fa457b5a2dd034d8f33,2.0,2.0,3.0,0.62890625,,,,,2.0,1.0,2.0,0.24609375,4.0,4.0,4.0,1.0,0.44140625,"Retention is frequency under declared balanced sensitivity scenarios, not probability/confidence."
2fac15440e7b68dc6a1c,4.0,3.0,4.0,0.375,4.0,3.0,4.0,0.23828125,4.0,3.0,4.0,0.2421875,3.0,2.0,3.0,0.75390625,0.2109375,"Retention is frequency under declared balanced sensitivity scenarios, not probability/confidence."
2fbc1b79d79035209ed9,,,,,,,,,,,,,,,,,0.5,"Retention is frequency under declared balanced sensitivity scenarios, not probability/confidence."
2fd96d8c826fb1153812,1.0,1.0,2.0,0.5,,,,,2.0,1.0,3.0,0.33984375,1.0,1.0,2.0,0.390625,0.17578125,"Retention is frequency under declared balanced sensitivity scenarios, not probability/confidence."
30520349526223e4b763,3.0,3.0,4.0,0.765625,,,,,3.0,2.0,3.0,0.26171875,2.0,2.0,3.0,0.49609375,0.65234375,"Retention is frequency under declared balanced sensitivity scenarios, not probability/confidence."
3077dc05cf31a2ab13c7,2.0,2.0,3.0,0.62890625,,,,,2.0,1.0,2.0,0.24609375,4.0,4.0,4.0,1.0,0.44921875,"Retention is frequency under declared balanced sensitivity scenarios, not probability/confidence."
308cc5eab4ea16b6d185,,,,,,,,,2.0,1.0,3.0,0.30859375,4.0,3.0,4.0,0.65234375,0.66796875,"Retention is frequency under declared balanced sensitivity scenarios, not probability/confidence."
3090fc41cfc744cb6446,3.0,3.0,4.0,0.7734375,,,,,3.0,2.0,3.0,0.23828125,2.0,2.0,3.0,0.49609375,0.4296875,"Retention is frequency under declared balanced sensitivity scenarios, not probability/confidence."
3094e5c2c819914aee79,,,,,,,,,,,,,,,,,0.53125,"Retention is frequency under declared balanced sensitivity scenarios, not probability/confidence."
30a905473632ba7a36ed,4.0,3.0,4.0,0.35546875,,,,,4.0,3.0,4.0,0.2421875,4.0,3.0,4.0,0.70703125,0.66796875,"Retention is frequency under declared balanced sensitivity scenarios, not probability/confidence."
30d0467dad4890581cd8,2.0,2.0,3.0,0.6328125,,,,,2.0,1.0,3.0,0.50390625,3.0,2.0,3.0,0.53125,0.01953125,"Retention is frequency under declared balanced sensitivity scenarios, not probability/confidence."
310621681d093fe998fb,3.0,3.0,4.0,0.7734375,,,,,3.0,2.0,3.0,0.23828125,2.0,2.0,3.0,0.49609375,0.625,"Retention is frequency under declared balanced sensitivity scenarios, not probability/confidence."
31179d6bd94b982b45ae,1.0,1.0,2.0,0.5,,,,,2.0,1.0,3.0,0.33984375,1.0,1.0,2.0,0.390625,0.07421875,"Retention is frequency under declared balanced sensitivity scenarios, not probability/confidence."
312614374e89c7899dcf,1.0,1.0,2.0,0.5,,,,,2.0,1.0,3.0,0.33984375,1.0,1.0,2.0,0.390625,0.17578125,"Retention is frequency under declared balanced sensitivity scenarios, not probability/confidence."
31440eacd2fb3c0dc11b,,,,,,,,,,,,,,,,,0.4921875,"Retention is frequency under declared balanced sensitivity scenarios, not probability/confidence."
314797ef893917b39208,2.0,2.0,3.0,0.62109375,,,,,3.0,2.0,3.0,0.23046875,2.0,2.0,3.0,0.51953125,0.0390625,"Retention is frequency under declared balanced sensitivity scenarios, not probability/confidence."
31671134d4b9b1978436,3.0,2.0,3.0,0.390625,,,,,2.0,1.0,3.0,0.29296875,2.0,2.0,3.0,0.50390625,0.6484375,"Retention is frequency under declared balanced sensitivity scenarios, not probability/confidence."
31766f3fdc93ae6ba336,1.0,1.0,2.0,0.5,,,,,2.0,1.0,3.0,0.33984375,1.0,1.0,2.0,0.390625,0.07421875,"Retention is frequency under declared balanced sensitivity scenarios, not probability/confidence."
317b924a9ad68a54554a,2.0,2.0,3.0,0.6328125,,,,,2.0,1.0,3.0,0.50390625,3.0,2.0,3.0,0.53125,0.01953125,"Retention is frequency under declared balanced sensitivity scenarios, not probability/confidence."
31c5eb2e0f83957661a3,3.0,3.0,4.0,0.765625,,,,,3.0,2.0,3.0,0.26171875,2.0,2.0,3.0,0.49609375,0.65234375,"Retention is frequency under declared balanced sensitivity scenarios, not probability/confidence."
31ca94d7ad1fa6153e06,4.0,3.0,4.0,0.35546875,,,,,4.0,3.0,4.0,0.2421875,4.0,3.0,4.0,0.70703125,0.6640625,"Retention is frequency under declared balanced sensitivity scenarios, not probability/confidence."
31db930408d02656b4e6,2.0,1.0,2.0,0.5,,,,,3.0,2.0,3.0,0.26171875,2.0,1.0,2.0,0.73046875,0.1640625,"Retention is frequency under declared balanced sensitivity scenarios, not probability/confidence."
320211c9a3928fe87772,,,,,,,,,,,,,,,,,1.0,"Retention is frequency under declared balanced sensitivity scenarios, not probability/confidence."
3210378a7c96e5d98034,3.0,3.0,4.0,0.765625,,,,,3.0,2.0,3.0,0.26171875,2.0,2.0,3.0,0.49609375,0.65234375,"Retention is frequency under declared balanced sensitivity scenarios, not probability/confidence."
322b329c4d59014497bd,1.0,1.0,2.0,0.5,,,,,2.0,1.0,3.0,0.33984375,1.0,1.0,2.0,0.390625,0.17578125,"Retention is frequency under declared balanced sensitivity scenarios, not probability/confidence."
324d2798033c6e755091,,,,,,,,,,,,,,,,,0.4921875,"Retention is frequency under declared balanced sensitivity scenarios, not probability/confidence."
32819626f5760dbb3c87,4.0,3.0,4.0,0.35546875,,,,,4.0,3.0,4.0,0.2421875,4.0,3.0,4.0,0.70703125,0.66796875,"Retention is frequency under declared balanced sensitivity scenarios, not probability/confidence."
3285896aacc0298c2e4a,4.0,3.0,4.0,0.375,1.0,1.0,2.0,0.33203125,4.0,3.0,4.0,0.41015625,3.0,2.0,3.0,0.75390625,0.47265625,"Retention is frequency under declared balanced sensitivity scenarios, not probability/confidence."
3294420f70cb3206eb2b,2.0,2.0,3.0,0.6328125,,,,,2.0,1.0,3.0,0.50390625,3.0,2.0,3.0,0.53125,0.01953125,"Retention is frequency under declared balanced sensitivity scenarios, not probability/confidence."
32953643fc3ead57c40e,4.0,3.0,4.0,0.375,4.0,3.0,4.0,0.23828125,4.0,3.0,4.0,0.2421875,3.0,2.0,3.0,0.75390625,0.2109375,"Retention is frequency under declared balanced sensitivity scenarios, not probability/confidence."
3299e7250369bafc3aa4,4.0,3.0,4.0,0.35546875,,,,,4.0,3.0,4.0,0.2421875,4.0,3.0,4.0,0.70703125,0.66796875,"Retention is frequency under declared balanced sensitivity scenarios, not probability/confidence."
32d00f7ff865ced74a85,2.0,2.0,3.0,0.6328125,,,,,2.0,1.0,3.0,0.50390625,3.0,2.0,3.0,0.53125,0.01953125,"Retention is frequency under declared balanced sensitivity scenarios, not probability/confidence."
32ea23a0475ee5cd52c3,3.0,3.0,4.0,0.765625,,,,,3.0,2.0,3.0,0.26171875,2.0,2.0,3.0,0.49609375,0.65234375,"Retention is frequency under declared balanced sensitivity scenarios, not probability/confidence."
330598746968ad3e51fd,,,,,,,,,,,,,,,,,1.0,"Retention is frequency under declared balanced sensitivity scenarios, not probability/confidence."
33071590cf2c6d39c720,1.0,1.0,2.0,0.5,,,,,2.0,1.0,3.0,0.32421875,1.0,1.0,2.0,0.41015625,0.1640625,"Retention is frequency under declared balanced sensitivity scenarios, not probability/confidence."
3311ed671b1986c1fa49,2.0,1.0,2.0,0.5,,,,,3.0,2.0,3.0,0.22265625,1.0,1.0,2.0,0.35546875,0.35546875,"Retention is frequency under declared balanced sensitivity scenarios, not probability/confidence."
33138f06b99c5136e5b9,4.0,3.0,4.0,0.296875,,,,,4.0,3.0,4.0,0.2421875,4.0,3.0,4.0,0.70703125,0.50390625,"Retention is frequency under declared balanced sensitivity scenarios, not probability/confidence."
3326503f1dd4be357d92,,,,,,,,,,,,,,,,,0.4921875,"Retention is frequency under declared balanced sensitivity scenarios, not probability/confidence."
3336c930281103bf784e,,,,,,,,,,,,,,,,,0.4921875,"Retention is frequency under declared balanced sensitivity scenarios, not probability/confidence."
3339d03a27f4a356e9ea,,,,,,,,,,,,,,,,,1.0,"Retention is frequency under declared balanced sensitivity scenarios, not probability/confidence."
3345e83914a2a7930f2d,1.0,1.0,2.0,0.5,,,,,2.0,1.0,3.0,0.32421875,1.0,1.0,2.0,0.41015625,0.1640625,"Retention is frequency under declared balanced sensitivity scenarios, not probability/confidence."
334803f888a046218135,4.0,3.0,4.0,0.30859375,1.0,1.0,2.0,0.5,3.0,2.0,4.0,0.33203125,3.0,2.0,3.0,0.51953125,0.75390625,"Retention is frequency under declared balanced sensitivity scenarios, not probability/confidence."
33600d2c4337399561cc,,,,,,,,,,,,,,,,,0.4921875,"Retention is frequency under declared balanced sensitivity scenarios, not probability/confidence."
33b51a7df0a48053e334,1.0,1.0,2.0,0.5,,,,,2.0,1.0,3.0,0.33984375,1.0,1.0,2.0,0.390625,0.17578125,"Retention is frequency under declared balanced sensitivity scenarios, not probability/confidence."
33bf3f6e2be545cf331b,,,,,,,,,,,,,,,,,1.0,"Retention is frequency under declared balanced sensitivity scenarios, not probability/confidence."
33c3f2f19efe1f9e266a,2.0,1.0,2.0,0.5,,,,,3.0,2.0,3.0,0.22265625,1.0,1.0,2.0,0.43359375,0.3828125,"Retention is frequency under declared balanced sensitivity scenarios, not probability/confidence."
33d279ff8fc637cebd22,4.0,3.0,4.0,0.30859375,3.0,2.0,3.0,0.5,3.0,2.0,4.0,0.33203125,3.0,2.0,3.0,0.51953125,0.66796875,"Retention is frequency under declared balanced sensitivity scenarios, not probability/confidence."
33d43334c4a9c023ce5b,2.0,1.0,2.0,0.5,,,,,3.0,2.0,3.0,0.26171875,2.0,1.0,2.0,0.73046875,0.046875,"Retention is frequency under declared balanced sensitivity scenarios, not probability/confidence."
33d6b367263e1bceaaa3,2.0,2.0,3.0,0.62890625,,,,,2.0,1.0,2.0,0.24609375,4.0,4.0,4.0,1.0,0.44921875,"Retention is frequency under declared balanced sensitivity scenarios, not probability/confidence."
33e0944f7132ad45d764,4.0,3.0,4.0,0.30859375,3.0,2.0,3.0,0.5,3.0,2.0,4.0,0.33203125,3.0,2.0,3.0,0.51953125,0.66796875,"Retention is frequency under declared balanced sensitivity scenarios, not probability/confidence."
33fce9ebfaf506e80e01,2.0,2.0,3.0,0.62109375,,,,,3.0,2.0,3.0,0.23046875,2.0,2.0,3.0,0.51953125,0.0390625,"Retention is frequency under declared balanced sensitivity scenarios, not probability/confidence."
340824de2a7bdde4a6d9,1.0,1.0,2.0,0.5,,,,,2.0,1.0,3.0,0.32421875,1.0,1.0,2.0,0.41015625,0.08203125,"Retention is frequency under declared balanced sensitivity scenarios, not probability/confidence."
3415ddc666195316eb64,2.0,1.0,2.0,0.5,,,,,3.0,2.0,3.0,0.22265625,1.0,1.0,2.0,0.35546875,0.35546875,"Retention is frequency under declared balanced sensitivity scenarios, not probability/confidence."
343dc2cf50ad4e5956b1,4.0,3.0,4.0,0.35546875,,,,,4.0,3.0,4.0,0.2421875,4.0,3.0,4.0,0.70703125,0.66796875,"Retention is frequency under declared balanced sensitivity scenarios, not probability/confidence."
34419c964b09d168c54a,2.0,2.0,3.0,0.62109375,,,,,3.0,2.0,3.0,0.23046875,2.0,2.0,3.0,0.51953125,0.01953125,"Retention is frequency under declared balanced sensitivity scenarios, not probability/confidence."
3467030c691e431b6922,,,,,,,,,2.0,1.0,3.0,0.30859375,4.0,3.0,4.0,0.65234375,0.66796875,"Retention is frequency under declared balanced sensitivity scenarios, not probability/confidence."
3472aa0d799241b99af3,,,,,,,,,,,,,,,,,0.34765625,"Retention is frequency under declared balanced sensitivity scenarios, not probability/confidence."
347b0d8d68753059d44d,1.0,1.0,2.0,0.5,,,,,2.0,1.0,3.0,0.33984375,1.0,1.0,2.0,0.390625,0.17578125,"Retention is frequency under declared balanced sensitivity scenarios, not probability/confidence."
34b009fa73fd4bad8233,1.0,1.0,2.0,0.5,,,,,2.0,1.0,3.0,0.32421875,1.0,1.0,2.0,0.41015625,0.1640625,"Retention is frequency under declared balanced sensitivity scenarios, not probability/confidence."
34caefe9cbad191fe50f,4.0,3.0,4.0,0.296875,,,,,4.0,3.0,4.0,0.2421875,4.0,3.0,4.0,0.70703125,0.50390625,"Retention is frequency under declared balanced sensitivity scenarios, not probability/confidence."
34cd092743ce367e3698,4.0,3.0,4.0,0.30859375,3.0,2.0,3.0,0.5,3.0,2.0,4.0,0.33203125,3.0,2.0,3.0,0.51953125,0.66796875,"Retention is frequency under declared balanced sensitivity scenarios, not probability/confidence."
34d56351120fad9a3ae5,2.0,1.0,2.0,0.5,,,,,3.0,2.0,3.0,0.26171875,2.0,1.0,2.0,0.73046875,0.046875,"Retention is frequency under declared balanced sensitivity scenarios, not probability/confidence."
34d7b884be6a801291ee,1.0,1.0,2.0,0.5,,,,,2.0,1.0,3.0,0.32421875,1.0,1.0,2.0,0.41015625,0.08203125,"Retention is frequency under declared balanced sensitivity scenarios, not probability/confidence."
34e16de7e598889245e5,3.0,2.0,3.0,0.390625,,,,,2.0,1.0,3.0,0.29296875,2.0,2.0,3.0,0.50390625,0.40625,"Retention is frequency under declared balanced sensitivity scenarios, not probability/confidence."
34f5c34ab16726a75c84,2.0,1.0,2.0,0.5,,,,,3.0,2.0,3.0,0.26171875,2.0,1.0,2.0,0.73046875,0.1640625,"Retention is frequency under declared balanced sensitivity scenarios, not probability/confidence."
34f6cb5ff1130a0b1b8c,4.0,3.0,4.0,0.375,1.0,1.0,2.0,0.2578125,4.0,3.0,4.0,0.52734375,3.0,2.0,3.0,0.75390625,0.44921875,"Retention is frequency under declared balanced sensitivity scenarios, not probability/confidence."
350c3577fc6eb014ff70,,,,,,,,,2.0,1.0,3.0,0.30859375,4.0,3.0,4.0,0.65234375,0.66796875,"Retention is frequency under declared balanced sensitivity scenarios, not probability/confidence."
351c02742af45667a9b3,1.0,1.0,2.0,0.5,,,,,2.0,1.0,3.0,0.33984375,1.0,1.0,2.0,0.390625,0.17578125,"Retention is frequency under declared balanced sensitivity scenarios, not probability/confidence."
3527ee40a8b9723b9e05,1.0,1.0,2.0,0.5,,,,,2.0,1.0,3.0,0.32421875,1.0,1.0,2.0,0.41015625,0.1640625,"Retention is frequency under declared balanced sensitivity scenarios, not probability/confidence."
3570727dcac01bef2dac,2.0,1.0,2.0,0.5,,,,,3.0,2.0,3.0,0.22265625,1.0,1.0,2.0,0.35546875,0.25390625,"Retention is frequency under declared balanced sensitivity scenarios, not probability/confidence."
35730c0de576ede7b098,3.0,2.0,3.0,0.390625,,,,,2.0,1.0,3.0,0.29296875,2.0,2.0,3.0,0.50390625,0.6484375,"Retention is frequency under declared balanced sensitivity scenarios, not probability/confidence."
357d3ee5e4a534319133,2.0,2.0,3.0,0.62109375,,,,,3.0,2.0,3.0,0.23046875,2.0,2.0,3.0,0.51953125,0.0390625,"Retention is frequency under declared balanced sensitivity scenarios, not probability/confidence."
3590fa6feba8519e6ecd,3.0,3.0,4.0,0.765625,,,,,3.0,2.0,3.0,0.26171875,2.0,2.0,3.0,0.49609375,0.4140625,"Retention is frequency under declared balanced sensitivity scenarios, not probability/confidence."
359bd31d9ed000943ab0,,,,,,,,,,,,,,,,,0.4921875,"Retention is frequency under declared balanced sensitivity scenarios, not probability/confidence."
35b31826cef7a59f7852,1.0,1.0,2.0,0.5,,,,,2.0,1.0,3.0,0.33984375,1.0,1.0,2.0,0.390625,0.17578125,"Retention is frequency under declared balanced sensitivity scenarios, not probability/confidence."
35b7a8c0a6c98f09e78c,2.0,2.0,3.0,0.62890625,,,,,2.0,1.0,2.0,0.24609375,4.0,4.0,4.0,1.0,0.44140625,"Retention is frequency under declared balanced sensitivity scenarios, not probability/confidence."
35f2924c2830868e08de,2.0,1.0,2.0,0.5,,,,,3.0,2.0,3.0,0.26171875,2.0,1.0,2.0,0.73046875,0.1640625,"Retention is frequency under declared balanced sensitivity scenarios, not probability/confidence."
35fc2f1b233c5b313bfd,4.0,3.0,4.0,0.30859375,1.0,1.0,2.0,0.5,3.0,2.0,4.0,0.33203125,3.0,2.0,3.0,0.51953125,0.265625,"Retention is frequency under declared balanced sensitivity scenarios, not probability/confidence."
361c96be7cbb3f95cda0,4.0,3.0,4.0,0.30859375,3.0,2.0,3.0,0.5,3.0,2.0,4.0,0.33203125,3.0,2.0,3.0,0.51953125,0.66796875,"Retention is frequency under declared balanced sensitivity scenarios, not probability/confidence."
3635a525842fc30f9860,1.0,1.0,2.0,0.5,,,,,2.0,1.0,3.0,0.32421875,1.0,1.0,2.0,0.41015625,0.1640625,"Retention is frequency under declared balanced sensitivity scenarios, not probability/confidence."
3643ed063a9659c5c131,1.0,1.0,2.0,0.5,,,,,2.0,1.0,3.0,0.33984375,1.0,1.0,2.0,0.390625,0.17578125,"Retention is frequency under declared balanced sensitivity scenarios, not probability/confidence."
364e17e57fe39364c40a,,,,,,,,,2.0,1.0,3.0,0.30859375,4.0,3.0,4.0,0.65234375,0.6640625,"Retention is frequency under declared balanced sensitivity scenarios, not probability/confidence."
365c6a32072cc5b6a801,,,,,,,,,2.0,1.0,3.0,0.30859375,4.0,3.0,4.0,0.65234375,0.66796875,"Retention is frequency under declared balanced sensitivity scenarios, not probability/confidence."
36749242f2497741faaa,4.0,3.0,4.0,0.35546875,,,,,4.0,3.0,4.0,0.2421875,4.0,3.0,4.0,0.70703125,0.66796875,"Retention is frequency under declared balanced sensitivity scenarios, not probability/confidence."
3677f514c889f9bbcc42,,,,,,,,,,,,,,,,,1.0,"Retention is frequency under declared balanced sensitivity scenarios, not probability/confidence."
367c1d8a1d0ab9845e39,2.0,2.0,3.0,0.62109375,,,,,3.0,2.0,3.0,0.23046875,2.0,2.0,3.0,0.51953125,0.0390625,"Retention is frequency under declared balanced sensitivity scenarios, not probability/confidence."
368f3a84347cf3319c0d,4.0,3.0,4.0,0.35546875,,,,,4.0,3.0,4.0,0.2421875,4.0,3.0,4.0,0.70703125,0.66796875,"Retention is frequency under declared balanced sensitivity scenarios, not probability/confidence."
369a0a7587d8c6a3c9f9,,,,,,,,,,,,,,,,,1.0,"Retention is frequency under declared balanced sensitivity scenarios, not probability/confidence."
36a942d74ff4ac2b7e15,4.0,3.0,4.0,0.30859375,3.0,2.0,3.0,0.5,3.0,2.0,4.0,0.33203125,3.0,2.0,3.0,0.51953125,0.66796875,"Retention is frequency under declared balanced sensitivity scenarios, not probability/confidence."
36b4eb4703adaa7b0bc1,1.0,1.0,2.0,0.5,,,,,2.0,1.0,3.0,0.32421875,1.0,1.0,2.0,0.41015625,0.1640625,"Retention is frequency under declared balanced sensitivity scenarios, not probability/confidence."
36b6c92daf8d4430864a,4.0,3.0,4.0,0.5,,,,,4.0,3.0,4.0,0.5,4.0,3.0,4.0,0.70703125,0.66796875,"Retention is frequency under declared balanced sensitivity scenarios, not probability/confidence."
36c3ab7e796536148747,,,,,,,,,2.0,1.0,3.0,0.30859375,4.0,3.0,4.0,0.65234375,0.66796875,"Retention is frequency under declared balanced sensitivity scenarios, not probability/confidence."
36c9be76af45629e6b38,3.0,2.0,3.0,0.390625,,,,,2.0,1.0,3.0,0.29296875,2.0,2.0,3.0,0.50390625,0.6484375,"Retention is frequency under declared balanced sensitivity scenarios, not probability/confidence."
36d66dc115bbcaa61f2b,,,,,,,,,,,,,,,,,1.0,"Retention is frequency under declared balanced sensitivity scenarios, not probability/confidence."
373add7fd1644db5e1d2,1.0,1.0,2.0,0.5,,,,,2.0,1.0,3.0,0.33984375,1.0,1.0,2.0,0.390625,0.17578125,"Retention is frequency under declared balanced sensitivity scenarios, not probability/confidence."
373af65b5c15d9e5a104,,,,,,,,,,,,,,,,,1.0,"Retention is frequency under declared balanced sensitivity scenarios, not probability/confidence."
374091a5b3d5a48268a7,1.0,1.0,2.0,0.5,,,,,2.0,1.0,3.0,0.32421875,1.0,1.0,2.0,0.41015625,0.1640625,"Retention is frequency under declared balanced sensitivity scenarios, not probability/confidence."
37467dfd18158f406696,3.0,2.0,3.0,0.390625,,,,,2.0,1.0,3.0,0.29296875,2.0,2.0,3.0,0.50390625,0.6484375,"Retention is frequency under declared balanced sensitivity scenarios, not probability/confidence."
3747add7baded55761aa,,,,,,,,,,,,,,,,,0.4921875,"Retention is frequency under declared balanced sensitivity scenarios, not probability/confidence."
37703ebd55b6ec2d524f,3.0,2.0,3.0,0.390625,,,,,2.0,1.0,3.0,0.29296875,2.0,2.0,3.0,0.50390625,0.6484375,"Retention is frequency under declared balanced sensitivity scenarios, not probability/confidence."
37822753cb4009299ed0,4.0,3.0,4.0,0.35546875,,,,,4.0,3.0,4.0,0.2421875,4.0,3.0,4.0,0.70703125,0.66796875,"Retention is frequency under declared balanced sensitivity scenarios, not probability/confidence."
37877e633a287e5b49e1,3.0,3.0,4.0,0.7734375,,,,,3.0,2.0,3.0,0.23828125,2.0,2.0,3.0,0.49609375,0.4296875,"Retention is frequency under declared balanced sensitivity scenarios, not probability/confidence."
37894ef57d493365bce8,2.0,2.0,3.0,0.62109375,,,,,3.0,2.0,3.0,0.23046875,2.0,2.0,3.0,0.51953125,0.01953125,"Retention is frequency under declared balanced sensitivity scenarios, not probability/confidence."
37a1529a75ce4ce8407f,4.0,3.0,4.0,0.37109375,,,,,4.0,3.0,4.0,0.5,4.0,3.0,4.0,0.70703125,0.50390625,"Retention is frequency under declared balanced sensitivity scenarios, not probability/confidence."
37aad72011f1f9750617,,,,,,,,,2.0,1.0,3.0,0.30859375,4.0,3.0,4.0,0.65234375,0.66796875,"Retention is frequency under declared balanced sensitivity scenarios, not probability/confidence."
37d2b39a0f79362afb0f,3.0,3.0,4.0,0.765625,,,,,3.0,2.0,3.0,0.26171875,2.0,2.0,3.0,0.49609375,0.65234375,"Retention is frequency under declared balanced sensitivity scenarios, not probability/confidence."
37daaf5ffdbc8699b97e,4.0,3.0,4.0,0.30859375,1.0,1.0,2.0,0.5,3.0,2.0,4.0,0.33203125,3.0,2.0,3.0,0.51953125,0.75390625,"Retention is frequency under declared balanced sensitivity scenarios, not probability/confidence."
37df3f37f12483ba6b32,2.0,2.0,3.0,0.6328125,3.0,2.0,3.0,0.23828125,2.0,1.0,3.0,0.50390625,3.0,2.0,3.0,0.53125,0.23046875,"Retention is frequency under declared balanced sensitivity scenarios, not probability/confidence."
37f4af9f997dc6b5191d,,,,,,,,,,,,,,,,,0.34765625,"Retention is frequency under declared balanced sensitivity scenarios, not probability/confidence."
380848ba13a73a1aad8b,2.0,1.0,2.0,0.5,,,,,3.0,2.0,3.0,0.26171875,2.0,1.0,2.0,0.73046875,0.1640625,"Retention is frequency under declared balanced sensitivity scenarios, not probability/confidence."
386a6151b9ed57ab4a54,1.0,1.0,2.0,0.5,,,,,2.0,1.0,3.0,0.33984375,1.0,1.0,2.0,0.390625,0.17578125,"Retention is frequency under declared balanced sensitivity scenarios, not probability/confidence."
386caa53d90a6e6d5bc8,,,,,,,,,,,,,,,,,1.0,"Retention is frequency under declared balanced sensitivity scenarios, not probability/confidence."
38740024dd4975e026fe,1.0,1.0,2.0,0.5,,,,,2.0,1.0,3.0,0.33984375,1.0,1.0,2.0,0.390625,0.17578125,"Retention is frequency under declared balanced sensitivity scenarios, not probability/confidence."
3875caac5b33eb4e173d,4.0,3.0,4.0,0.296875,,,,,4.0,3.0,4.0,0.2421875,4.0,3.0,4.0,0.70703125,0.50390625,"Retention is frequency under declared balanced sensitivity scenarios, not probability/confidence."
38af37d9b6e3154107de,1.0,1.0,2.0,0.5,,,,,2.0,1.0,3.0,0.33984375,1.0,1.0,2.0,0.390625,0.17578125,"Retention is frequency under declared balanced sensitivity scenarios, not probability/confidence."
38b00b7d3e5741855185,3.0,3.0,4.0,0.765625,,,,,3.0,2.0,3.0,0.26171875,2.0,2.0,3.0,0.49609375,0.65234375,"Retention is frequency under declared balanced sensitivity scenarios, not probability/confidence."
38d6869b80ba35f7695f,4.0,3.0,4.0,0.375,4.0,3.0,4.0,0.24609375,4.0,3.0,4.0,0.2421875,3.0,2.0,3.0,0.75390625,0.2421875,"Retention is frequency under declared balanced sensitivity scenarios, not probability/confidence."
38da5515b6b5f7752024,,,,,,,,,,,,,,,,,1.0,"Retention is frequency under declared balanced sensitivity scenarios, not probability/confidence."
38ea9656393edbaae9a0,3.0,3.0,4.0,0.7734375,,,,,3.0,2.0,3.0,0.23828125,2.0,2.0,3.0,0.49609375,0.4296875,"Retention is frequency under declared balanced sensitivity scenarios, not probability/confidence."
38f76a92b5520035fa86,,,,,,,,,2.0,1.0,3.0,0.30859375,4.0,3.0,4.0,0.65234375,0.66796875,"Retention is frequency under declared balanced sensitivity scenarios, not probability/confidence."
39157c695bb1e85522e4,,,,,,,,,,,,,,,,,1.0,"Retention is frequency under declared balanced sensitivity scenarios, not probability/confidence."
39193580a1d7c48b9560,,,,,,,,,,,,,,,,,0.34765625,"Retention is frequency under declared balanced sensitivity scenarios, not probability/confidence."
3925cbda194e1ee14118,1.0,1.0,2.0,0.5,,,,,2.0,1.0,3.0,0.32421875,1.0,1.0,2.0,0.41015625,0.1640625,"Retention is frequency under declared balanced sensitivity scenarios, not probability/confidence."
39325cdef8fa3781cc0e,,,,,,,,,,,,,,,,,0.53125,"Retention is frequency under declared balanced sensitivity scenarios, not probability/confidence."
39349047b0ec485ca97e,,,,,,,,,,,,,,,,,1.0,"Retention is frequency under declared balanced sensitivity scenarios, not probability/confidence."
395032b42c899d41233e,4.0,3.0,4.0,0.375,4.0,3.0,4.0,0.24609375,4.0,3.0,4.0,0.2421875,3.0,2.0,3.0,0.75390625,0.2421875,"Retention is frequency under declared balanced sensitivity scenarios, not probability/confidence."
395c65630844bab56139,4.0,3.0,4.0,0.375,4.0,3.0,4.0,0.23828125,4.0,3.0,4.0,0.2421875,3.0,2.0,3.0,0.75390625,0.25,"Retention is frequency under declared balanced sensitivity scenarios, not probability/confidence."
39698b0db30f102c445d,3.0,3.0,4.0,0.765625,,,,,3.0,2.0,3.0,0.26171875,2.0,2.0,3.0,0.49609375,0.65234375,"Retention is frequency under declared balanced sensitivity scenarios, not probability/confidence."
396cb5e76b14eddf9314,1.0,1.0,2.0,0.5,,,,,2.0,1.0,3.0,0.33984375,1.0,1.0,2.0,0.390625,0.17578125,"Retention is frequency under declared balanced sensitivity scenarios, not probability/confidence."
397dcc37eb0055adb176,,,,,,,,,,,,,,,,,0.4921875,"Retention is frequency under declared balanced sensitivity scenarios, not probability/confidence."
398ee3a68710dfb6ab0c,4.0,3.0,4.0,0.375,4.0,3.0,4.0,0.23828125,4.0,3.0,4.0,0.2421875,3.0,2.0,3.0,0.75390625,0.2109375,"Retention is frequency under declared balanced sensitivity scenarios, not probability/confidence."
39911c480c8f9cc72ca5,4.0,3.0,4.0,0.30859375,3.0,2.0,3.0,0.5,3.0,2.0,4.0,0.33203125,3.0,2.0,3.0,0.51953125,0.66796875,"Retention is frequency under declared balanced sensitivity scenarios, not probability/confidence."
39addef038bf60bc833a,2.0,2.0,3.0,0.62109375,,,,,3.0,2.0,3.0,0.23046875,2.0,2.0,3.0,0.51953125,0.0390625,"Retention is frequency under declared balanced sensitivity scenarios, not probability/confidence."
39b877c379c939d258fd,2.0,2.0,3.0,0.62109375,,,,,3.0,2.0,3.0,0.23046875,2.0,2.0,3.0,0.51953125,0.01953125,"Retention is frequency under declared balanced sensitivity scenarios, not probability/confidence."
39f5f450a240404d7424,3.0,2.0,3.0,0.390625,,,,,2.0,1.0,3.0,0.29296875,2.0,2.0,3.0,0.50390625,0.40625,"Retention is frequency under declared balanced sensitivity scenarios, not probability/confidence."
3a00691240c99dd79b86,3.0,3.0,4.0,0.765625,,,,,3.0,2.0,3.0,0.26171875,2.0,2.0,3.0,0.49609375,0.65234375,"Retention is frequency under declared balanced sensitivity scenarios, not probability/confidence."
3a0150902687d851bc83,2.0,2.0,3.0,0.62109375,,,,,3.0,2.0,3.0,0.23046875,2.0,2.0,3.0,0.51953125,0.0390625,"Retention is frequency under declared balanced sensitivity scenarios, not probability/confidence."
3a190bdbb38ced94db53,3.0,2.0,3.0,0.390625,,,,,2.0,1.0,3.0,0.29296875,2.0,2.0,3.0,0.50390625,0.6484375,"Retention is frequency under declared balanced sensitivity scenarios, not probability/confidence."
3a36e9d5a92d514ad645,4.0,3.0,4.0,0.375,4.0,3.0,4.0,0.23828125,4.0,3.0,4.0,0.2421875,3.0,2.0,3.0,0.75390625,0.27734375,"Retention is frequency under declared balanced sensitivity scenarios, not probability/confidence."
3a377ce4251d584cce63,3.0,3.0,4.0,0.765625,,,,,3.0,2.0,3.0,0.26171875,2.0,2.0,3.0,0.49609375,0.65234375,"Retention is frequency under declared balanced sensitivity scenarios, not probability/confidence."
3a55fb6276c5c2478a6f,,,,,,,,,,,,,,,,,1.0,"Retention is frequency under declared balanced sensitivity scenarios, not probability/confidence."
3a722c333b2165749404,1.0,1.0,2.0,0.5,,,,,2.0,1.0,3.0,0.32421875,1.0,1.0,2.0,0.41015625,0.1640625,"Retention is frequency under declared balanced sensitivity scenarios, not probability/confidence."
3a7587e9fe55424374cc,,,,,,,,,2.0,1.0,3.0,0.30859375,4.0,3.0,4.0,0.65234375,0.66796875,"Retention is frequency under declared balanced sensitivity scenarios, not probability/confidence."
3a790dfc8a4609816824,2.0,2.0,3.0,0.62890625,,,,,2.0,1.0,2.0,0.24609375,4.0,4.0,4.0,1.0,0.44921875,"Retention is frequency under declared balanced sensitivity scenarios, not probability/confidence."
3a88e44e8eaa294e98d8,,,,,,,,,,,,,,,,,1.0,"Retention is frequency under declared balanced sensitivity scenarios, not probability/confidence."
3aacb54806ce8d6c70ff,,,,,,,,,2.0,1.0,3.0,0.30859375,4.0,3.0,4.0,0.65234375,0.6640625,"Retention is frequency under declared balanced sensitivity scenarios, not probability/confidence."
3ab3f731fc5129657bd2,4.0,3.0,4.0,0.30859375,3.0,2.0,3.0,0.5,3.0,2.0,4.0,0.33203125,3.0,2.0,3.0,0.51953125,0.66796875,"Retention is frequency under declared balanced sensitivity scenarios, not probability/confidence."
3abde28824dc980de232,,,,,,,,,,,,,,,,,0.4921875,"Retention is frequency under declared balanced sensitivity scenarios, not probability/confidence."
3ac485f7c2a2d1465d16,1.0,1.0,2.0,0.5,,,,,2.0,1.0,3.0,0.33984375,1.0,1.0,2.0,0.390625,0.07421875,"Retention is frequency under declared balanced sensitivity scenarios, not probability/confidence."
3acb1299584549f1f62b,4.0,3.0,4.0,0.35546875,,,,,4.0,3.0,4.0,0.2421875,4.0,3.0,4.0,0.70703125,0.66796875,"Retention is frequency under declared balanced sensitivity scenarios, not probability/confidence."
3acfc056f0d73f3b4408,3.0,3.0,4.0,0.765625,,,,,3.0,2.0,3.0,0.26171875,2.0,2.0,3.0,0.49609375,0.65234375,"Retention is frequency under declared balanced sensitivity scenarios, not probability/confidence."
3ae5efab2b6b2c00cc34,,,,,,,,,,,,,,,,,0.4921875,"Retention is frequency under declared balanced sensitivity scenarios, not probability/confidence."
3aff9d115bd39ae70f4e,2.0,2.0,3.0,0.6328125,,,,,2.0,1.0,3.0,0.50390625,3.0,2.0,3.0,0.53125,0.01953125,"Retention is frequency under declared balanced sensitivity scenarios, not probability/confidence."
3b0cc489ceeb61850d63,4.0,3.0,4.0,0.375,4.0,3.0,4.0,0.24609375,4.0,3.0,4.0,0.2421875,3.0,2.0,3.0,0.75390625,0.2421875,"Retention is frequency under declared balanced sensitivity scenarios, not probability/confidence."
3b0f8451df60f9205582,4.0,3.0,4.0,0.375,4.0,3.0,4.0,0.24609375,4.0,3.0,4.0,0.2421875,3.0,2.0,3.0,0.75390625,0.17578125,"Retention is frequency under declared balanced sensitivity scenarios, not probability/confidence."
3b1e20cbf7b9cb3b0def,1.0,1.0,2.0,0.5,,,,,2.0,1.0,3.0,0.32421875,1.0,1.0,2.0,0.41015625,0.08203125,"Retention is frequency under declared balanced sensitivity scenarios, not probability/confidence."
3b2d2bd0fe2f38dd0589,3.0,2.0,3.0,0.390625,,,,,2.0,1.0,3.0,0.29296875,2.0,2.0,3.0,0.50390625,0.6484375,"Retention is frequency under declared balanced sensitivity scenarios, not probability/confidence."
3b49f82c02c3b57ffbd5,,,,,,,,,,,,,,,,,1.0,"Retention is frequency under declared balanced sensitivity scenarios, not probability/confidence."
3b88f6223d7a94019900,1.0,1.0,2.0,0.5,,,,,2.0,1.0,3.0,0.33984375,1.0,1.0,2.0,0.390625,0.07421875,"Retention is frequency under declared balanced sensitivity scenarios, not probability/confidence."
3b8cc53604731a8a16cc,2.0,1.0,2.0,0.5,,,,,3.0,2.0,3.0,0.26171875,2.0,1.0,2.0,0.73046875,0.1640625,"Retention is frequency under declared balanced sensitivity scenarios, not probability/confidence."
3bcb48d82548108369fe,4.0,3.0,4.0,0.30859375,3.0,2.0,3.0,0.5,3.0,2.0,4.0,0.33203125,3.0,2.0,3.0,0.51953125,0.66796875,"Retention is frequency under declared balanced sensitivity scenarios, not probability/confidence."
3bcd48b048f5d63608e1,4.0,3.0,4.0,0.35546875,,,,,4.0,3.0,4.0,0.2421875,4.0,3.0,4.0,0.70703125,0.66796875,"Retention is frequency under declared balanced sensitivity scenarios, not probability/confidence."
3bdc18068bc530f2b173,1.0,1.0,2.0,0.5,,,,,2.0,1.0,3.0,0.33984375,1.0,1.0,2.0,0.390625,0.17578125,"Retention is frequency under declared balanced sensitivity scenarios, not probability/confidence."
3becf246595d18bfdf45,1.0,1.0,2.0,0.5,,,,,2.0,1.0,3.0,0.32421875,1.0,1.0,2.0,0.41015625,0.08203125,"Retention is frequency under declared balanced sensitivity scenarios, not probability/confidence."
3c031cabe73e6ac7946e,3.0,3.0,4.0,0.7734375,,,,,3.0,2.0,3.0,0.23828125,2.0,2.0,3.0,0.49609375,0.4296875,"Retention is frequency under declared balanced sensitivity scenarios, not probability/confidence."
3c300a57c68aadd4a2fd,1.0,1.0,2.0,0.5,,,,,2.0,1.0,3.0,0.33984375,1.0,1.0,2.0,0.390625,0.17578125,"Retention is frequency under declared balanced sensitivity scenarios, not probability/confidence."
3c3adc3ecdd1c3400230,2.0,1.0,2.0,0.5,,,,,3.0,2.0,3.0,0.26171875,2.0,1.0,2.0,0.73046875,0.1640625,"Retention is frequency under declared balanced sensitivity scenarios, not probability/confidence."
3c4037e4ea77b8febdfa,2.0,1.0,2.0,0.5,,,,,3.0,2.0,3.0,0.26171875,2.0,1.0,2.0,0.73046875,0.1640625,"Retention is frequency under declared balanced sensitivity scenarios, not probability/confidence."
3c65e8671be01456315f,,,,,,,,,2.0,1.0,3.0,0.30859375,4.0,3.0,4.0,0.65234375,0.66796875,"Retention is frequency under declared balanced sensitivity scenarios, not probability/confidence."
3c67b85a070beb65608a,2.0,2.0,3.0,0.6328125,,,,,2.0,1.0,3.0,0.50390625,3.0,2.0,3.0,0.53125,0.01953125,"Retention is frequency under declared balanced sensitivity scenarios, not probability/confidence."
3c74aeb3a2efeb064328,,,,,,,,,,,,,,,,,1.0,"Retention is frequency under declared balanced sensitivity scenarios, not probability/confidence."
3c74b40aa4826b89da84,4.0,3.0,4.0,0.296875,,,,,4.0,3.0,4.0,0.2421875,4.0,3.0,4.0,0.70703125,0.50390625,"Retention is frequency under declared balanced sensitivity scenarios, not probability/confidence."
3d2ca913ce28ce8bb8aa,1.0,1.0,2.0,0.5,,,,,2.0,1.0,3.0,0.33984375,1.0,1.0,2.0,0.390625,0.17578125,"Retention is frequency under declared balanced sensitivity scenarios, not probability/confidence."
3d4014f83aa400be870c,2.0,2.0,3.0,0.62890625,,,,,2.0,1.0,2.0,0.24609375,4.0,4.0,4.0,1.0,0.44140625,"Retention is frequency under declared balanced sensitivity scenarios, not probability/confidence."
3d4d7ead3a051ebd1f05,,,,,,,,,,,,,,,,,0.4921875,"Retention is frequency under declared balanced sensitivity scenarios, not probability/confidence."
3d500ee89e1d27b13e81,2.0,2.0,3.0,0.6328125,,,,,2.0,1.0,3.0,0.50390625,3.0,2.0,3.0,0.53125,0.01953125,"Retention is frequency under declared balanced sensitivity scenarios, not probability/confidence."
3d56b40b88100739d6ae,,,,,,,,,,,,,,,,,1.0,"Retention is frequency under declared balanced sensitivity scenarios, not probability/confidence."
3d57b0eb6abf6e7a0ae2,4.0,3.0,4.0,0.35546875,,,,,4.0,3.0,4.0,0.2421875,4.0,3.0,4.0,0.70703125,0.66796875,"Retention is frequency under declared balanced sensitivity scenarios, not probability/confidence."
3d5dd28eace6aa021515,,,,,,,,,,,,,,,,,1.0,"Retention is frequency under declared balanced sensitivity scenarios, not probability/confidence."
3d74342b65f41d5cb8f7,1.0,1.0,2.0,0.5,,,,,2.0,1.0,3.0,0.32421875,1.0,1.0,2.0,0.41015625,0.08203125,"Retention is frequency under declared balanced sensitivity scenarios, not probability/confidence."
3d77865eb9782b0b8d09,,,,,,,,,,,,,,,,,1.0,"Retention is frequency under declared balanced sensitivity scenarios, not probability/confidence."
3d843e4af0add723015f,2.0,2.0,3.0,0.62890625,,,,,2.0,1.0,2.0,0.24609375,4.0,4.0,4.0,1.0,0.44140625,"Retention is frequency under declared balanced sensitivity scenarios, not probability/confidence."
3d8cc1807cb4421e4f3f,3.0,2.0,3.0,0.390625,,,,,2.0,1.0,3.0,0.29296875,2.0,2.0,3.0,0.50390625,0.6484375,"Retention is frequency under declared balanced sensitivity scenarios, not probability/confidence."
3d8f2facb7061fc4a19f,4.0,3.0,4.0,0.30859375,3.0,2.0,3.0,0.5,3.0,2.0,4.0,0.33203125,3.0,2.0,3.0,0.51953125,0.66796875,"Retention is frequency under declared balanced sensitivity scenarios, not probability/confidence."
3d95a9d3e6050b41996c,,,,,,,,,2.0,1.0,3.0,0.30859375,4.0,3.0,4.0,0.65234375,0.66796875,"Retention is frequency under declared balanced sensitivity scenarios, not probability/confidence."
3dae03a8c469fb60787f,4.0,3.0,4.0,0.35546875,,,,,4.0,3.0,4.0,0.2421875,4.0,3.0,4.0,0.70703125,0.66796875,"Retention is frequency under declared balanced sensitivity scenarios, not probability/confidence."
3dd6ec48d71aac16033f,4.0,3.0,4.0,0.375,1.0,1.0,2.0,0.2578125,4.0,3.0,4.0,0.52734375,3.0,2.0,3.0,0.75390625,0.47265625,"Retention is frequency under declared balanced sensitivity scenarios, not probability/confidence."
3de957e99200492df5c3,3.0,2.0,3.0,0.390625,,,,,2.0,1.0,3.0,0.29296875,2.0,2.0,3.0,0.50390625,0.6484375,"Retention is frequency under declared balanced sensitivity scenarios, not probability/confidence."
3dfcf1287c992206449e,1.0,1.0,2.0,0.5,,,,,2.0,1.0,3.0,0.32421875,1.0,1.0,2.0,0.41015625,0.1640625,"Retention is frequency under declared balanced sensitivity scenarios, not probability/confidence."
3e0ef9c251fd28d9604f,4.0,3.0,4.0,0.35546875,,,,,4.0,3.0,4.0,0.2421875,4.0,3.0,4.0,0.70703125,0.66796875,"Retention is frequency under declared balanced sensitivity scenarios, not probability/confidence."
3e1a65e679ea40157927,3.0,2.0,3.0,0.390625,,,,,2.0,1.0,3.0,0.29296875,2.0,2.0,3.0,0.50390625,0.6484375,"Retention is frequency under declared balanced sensitivity scenarios, not probability/confidence."
3e1bffa6eee48b172543,3.0,2.0,3.0,0.390625,,,,,2.0,1.0,3.0,0.29296875,2.0,2.0,3.0,0.50390625,0.6484375,"Retention is frequency under declared balanced sensitivity scenarios, not probability/confidence."
3e2c21df0296aa596631,1.0,1.0,2.0,0.5,,,,,2.0,1.0,3.0,0.33984375,1.0,1.0,2.0,0.390625,0.07421875,"Retention is frequency under declared balanced sensitivity scenarios, not probability/confidence."
3e2cd731f5b4836edb88,2.0,2.0,3.0,0.62109375,,,,,3.0,2.0,3.0,0.23046875,2.0,2.0,3.0,0.51953125,0.0390625,"Retention is frequency under declared balanced sensitivity scenarios, not probability/confidence."
3e30729a014d94bc44e6,2.0,2.0,3.0,0.6328125,,,,,2.0,1.0,3.0,0.50390625,3.0,2.0,3.0,0.53125,0.01953125,"Retention is frequency under declared balanced sensitivity scenarios, not probability/confidence."
3e3788d1f0c9a08a9572,4.0,3.0,4.0,0.35546875,,,,,4.0,3.0,4.0,0.2421875,4.0,3.0,4.0,0.70703125,0.6640625,"Retention is frequency under declared balanced sensitivity scenarios, not probability/confidence."
3e38cb681801c630e549,2.0,2.0,3.0,0.6328125,,,,,2.0,1.0,3.0,0.50390625,3.0,2.0,3.0,0.53125,0.01953125,"Retention is frequency under declared balanced sensitivity scenarios, not probability/confidence."
3e464d4abe799e43fc9f,2.0,2.0,3.0,0.6328125,,,,,2.0,1.0,3.0,0.50390625,3.0,2.0,3.0,0.53125,0.01953125,"Retention is frequency under declared balanced sensitivity scenarios, not probability/confidence."
3e6b4b31a4826f441282,4.0,3.0,4.0,0.30859375,3.0,2.0,3.0,0.5,3.0,2.0,4.0,0.33203125,3.0,2.0,3.0,0.51953125,0.66796875,"Retention is frequency under declared balanced sensitivity scenarios, not probability/confidence."
3e90796f167ef6c38cd6,4.0,3.0,4.0,0.30859375,3.0,2.0,3.0,0.5,3.0,2.0,4.0,0.33203125,3.0,2.0,3.0,0.51953125,0.66796875,"Retention is frequency under declared balanced sensitivity scenarios, not probability/confidence."
3ea0fbe06281f3b75e0c,2.0,2.0,3.0,0.62109375,,,,,3.0,2.0,3.0,0.23046875,2.0,2.0,3.0,0.51953125,0.0390625,"Retention is frequency under declared balanced sensitivity scenarios, not probability/confidence."
3ea77852058bd0bb5154,2.0,2.0,3.0,0.62109375,,,,,3.0,2.0,3.0,0.23046875,2.0,2.0,3.0,0.51953125,0.0390625,"Retention is frequency under declared balanced sensitivity scenarios, not probability/confidence."
3edf25aa036770285d57,,,,,,,,,,,,,,,,,1.0,"Retention is frequency under declared balanced sensitivity scenarios, not probability/confidence."
3ef412669179f59f5c96,3.0,3.0,4.0,0.7734375,,,,,3.0,2.0,3.0,0.23828125,2.0,2.0,3.0,0.49609375,0.625,"Retention is frequency under declared balanced sensitivity scenarios, not probability/confidence."
3efdefb9df2bac78aa75,4.0,3.0,4.0,0.265625,,,,,4.0,3.0,4.0,0.2421875,4.0,3.0,4.0,0.70703125,0.23828125,"Retention is frequency under declared balanced sensitivity scenarios, not probability/confidence."
3f06f89215943edb05fa,3.0,3.0,4.0,0.765625,,,,,3.0,2.0,3.0,0.26171875,2.0,2.0,3.0,0.49609375,0.65234375,"Retention is frequency under declared balanced sensitivity scenarios, not probability/confidence."
3f089d930deaf51dd41d,,,,,,,,,,,,,,,,,1.0,"Retention is frequency under declared balanced sensitivity scenarios, not probability/confidence."
3f091b1c677229ce41b4,,,,,,,,,2.0,1.0,3.0,0.30859375,4.0,3.0,4.0,0.65234375,0.66796875,"Retention is frequency under declared balanced sensitivity scenarios, not probability/confidence."
3f1316a67c4f694c8e05,,,,,,,,,,,,,,,,,1.0,"Retention is frequency under declared balanced sensitivity scenarios, not probability/confidence."
3f373689962db51dc8b2,4.0,3.0,4.0,0.35546875,,,,,4.0,3.0,4.0,0.2421875,4.0,3.0,4.0,0.70703125,0.66796875,"Retention is frequency under declared balanced sensitivity scenarios, not probability/confidence."
3f3d3ef6f9867e00d914,3.0,2.0,3.0,0.390625,,,,,2.0,1.0,3.0,0.29296875,2.0,2.0,3.0,0.50390625,0.40625,"Retention is frequency under declared balanced sensitivity scenarios, not probability/confidence."
3f3ff05a346cf9678763,4.0,3.0,4.0,0.30859375,3.0,2.0,3.0,0.5,3.0,2.0,4.0,0.33203125,3.0,2.0,3.0,0.51953125,0.43359375,"Retention is frequency under declared balanced sensitivity scenarios, not probability/confidence."
3f4e66ac3a70e0bbc707,4.0,3.0,4.0,0.375,4.0,3.0,4.0,0.23828125,4.0,3.0,4.0,0.2421875,3.0,2.0,3.0,0.75390625,0.27734375,"Retention is frequency under declared balanced sensitivity scenarios, not probability/confidence."
3f57ac96c049a9329114,2.0,1.0,2.0,0.5,,,,,3.0,2.0,3.0,0.22265625,1.0,1.0,2.0,0.35546875,0.25390625,"Retention is frequency under declared balanced sensitivity scenarios, not probability/confidence."
3f5a9aff1a00ec1abc82,,,,,,,,,,,,,,,,,1.0,"Retention is frequency under declared balanced sensitivity scenarios, not probability/confidence."
3f71deea07fef1a7c396,,,,,,,,,,,,,,,,,1.0,"Retention is frequency under declared balanced sensitivity scenarios, not probability/confidence."
3f75a3833da4034c74e0,,,,,,,,,,,,,,,,,1.0,"Retention is frequency under declared balanced sensitivity scenarios, not probability/confidence."
3f88e630eb82df5b1649,2.0,1.0,2.0,0.5,,,,,3.0,2.0,3.0,0.26171875,2.0,1.0,2.0,0.73046875,0.1640625,"Retention is frequency under declared balanced sensitivity scenarios, not probability/confidence."
3f8fc84c4e2837c56554,1.0,1.0,2.0,0.5,,,,,2.0,1.0,3.0,0.32421875,1.0,1.0,2.0,0.41015625,0.1640625,"Retention is frequency under declared balanced sensitivity scenarios, not probability/confidence."
3f90f1fcc68551a36af3,2.0,1.0,2.0,0.5,,,,,3.0,2.0,3.0,0.26171875,2.0,1.0,2.0,0.73046875,0.1640625,"Retention is frequency under declared balanced sensitivity scenarios, not probability/confidence."
3fae8191ce52b0079800,2.0,1.0,2.0,0.5,,,,,3.0,2.0,3.0,0.26171875,2.0,1.0,2.0,0.73046875,0.1640625,"Retention is frequency under declared balanced sensitivity scenarios, not probability/confidence."
3fbfba1cc66ceb968b84,4.0,3.0,4.0,0.30859375,1.0,1.0,2.0,0.5,3.0,2.0,4.0,0.33203125,3.0,2.0,3.0,0.51953125,0.75390625,"Retention is frequency under declared balanced sensitivity scenarios, not probability/confidence."
3fda4279c873e9cbd090,2.0,2.0,3.0,0.62890625,,,,,2.0,1.0,2.0,0.24609375,4.0,4.0,4.0,1.0,0.44921875,"Retention is frequency under declared balanced sensitivity scenarios, not probability/confidence."
3fe019752b7d24da6ae8,2.0,2.0,3.0,0.62109375,,,,,3.0,2.0,3.0,0.23046875,2.0,2.0,3.0,0.51953125,0.0390625,"Retention is frequency under declared balanced sensitivity scenarios, not probability/confidence."
3fe96e76ab30717a01c3,1.0,1.0,2.0,0.5,,,,,2.0,1.0,3.0,0.33984375,1.0,1.0,2.0,0.390625,0.17578125,"Retention is frequency under declared balanced sensitivity scenarios, not probability/confidence."
3feece3cd8bb203a379b,4.0,3.0,4.0,0.375,1.0,1.0,2.0,0.33203125,4.0,3.0,4.0,0.41015625,3.0,2.0,3.0,0.75390625,0.47265625,"Retention is frequency under declared balanced sensitivity scenarios, not probability/confidence."
4015d12f9f1d24a173a6,1.0,1.0,2.0,0.5,,,,,2.0,1.0,3.0,0.33984375,1.0,1.0,2.0,0.390625,0.17578125,"Retention is frequency under declared balanced sensitivity scenarios, not probability/confidence."
401c4be798955f62fc3b,2.0,2.0,3.0,0.62109375,,,,,3.0,2.0,3.0,0.23046875,2.0,2.0,3.0,0.51953125,0.01953125,"Retention is frequency under declared balanced sensitivity scenarios, not probability/confidence."
402f6a100d5cc17038ea,3.0,3.0,4.0,0.7734375,,,,,3.0,2.0,3.0,0.23828125,2.0,2.0,3.0,0.49609375,0.625,"Retention is frequency under declared balanced sensitivity scenarios, not probability/confidence."
403a42f6bc130ac95c6b,1.0,1.0,2.0,0.5,,,,,2.0,1.0,3.0,0.33984375,1.0,1.0,2.0,0.390625,0.17578125,"Retention is frequency under declared balanced sensitivity scenarios, not probability/confidence."
405e8e2699879bb12e84,,,,,,,,,,,,,,,,,1.0,"Retention is frequency under declared balanced sensitivity scenarios, not probability/confidence."
4088fdb839e588dd65df,2.0,1.0,2.0,0.5,,,,,3.0,2.0,3.0,0.26171875,2.0,1.0,2.0,0.73046875,0.046875,"Retention is frequency under declared balanced sensitivity scenarios, not probability/confidence."
409101164cb57e4e177a,,,,,,,,,,,,,,,,,1.0,"Retention is frequency under declared balanced sensitivity scenarios, not probability/confidence."
40b990b28223b9689e1a,2.0,2.0,3.0,0.62890625,,,,,2.0,1.0,2.0,0.24609375,4.0,4.0,4.0,1.0,0.44921875,"Retention is frequency under declared balanced sensitivity scenarios, not probability/confidence."
40bbdc6a87a26ef4c791,2.0,2.0,3.0,0.6328125,,,,,2.0,1.0,3.0,0.50390625,3.0,2.0,3.0,0.53125,0.01953125,"Retention is frequency under declared balanced sensitivity scenarios, not probability/confidence."
40d374fea527bc1d8972,3.0,2.0,3.0,0.390625,,,,,2.0,1.0,3.0,0.29296875,2.0,2.0,3.0,0.50390625,0.40625,"Retention is frequency under declared balanced sensitivity scenarios, not probability/confidence."
40d49ee47d61765bc875,4.0,3.0,4.0,0.30859375,3.0,2.0,3.0,0.5,3.0,2.0,4.0,0.33203125,3.0,2.0,3.0,0.51953125,0.66796875,"Retention is frequency under declared balanced sensitivity scenarios, not probability/confidence."
40d6aeddf8a5cff23b8e,4.0,3.0,4.0,0.30859375,1.0,1.0,2.0,0.5,3.0,2.0,4.0,0.33203125,3.0,2.0,3.0,0.51953125,0.75390625,"Retention is frequency under declared balanced sensitivity scenarios, not probability/confidence."
411a32da42fefe266d0c,,,,,,,,,,,,,,,,,1.0,"Retention is frequency under declared balanced sensitivity scenarios, not probability/confidence."
411d420a48cd29ac21a8,1.0,1.0,2.0,0.5,,,,,2.0,1.0,3.0,0.33984375,1.0,1.0,2.0,0.390625,0.17578125,"Retention is frequency under declared balanced sensitivity scenarios, not probability/confidence."
413d5962e34f7db94505,1.0,1.0,2.0,0.5,,,,,2.0,1.0,3.0,0.32421875,1.0,1.0,2.0,0.41015625,0.1640625,"Retention is frequency under declared balanced sensitivity scenarios, not probability/confidence."
4176a6ef4319e538b729,1.0,1.0,2.0,0.5,,,,,2.0,1.0,3.0,0.33984375,1.0,1.0,2.0,0.390625,0.17578125,"Retention is frequency under declared balanced sensitivity scenarios, not probability/confidence."
4199d3d529e7809e679f,2.0,2.0,3.0,0.62109375,,,,,3.0,2.0,3.0,0.23046875,2.0,2.0,3.0,0.51953125,0.01953125,"Retention is frequency under declared balanced sensitivity scenarios, not probability/confidence."
41a52aa76879be6d57d7,,,,,,,,,,,,,,,,,0.4921875,"Retention is frequency under declared balanced sensitivity scenarios, not probability/confidence."
41a5b395815377c76c88,2.0,2.0,3.0,0.62109375,,,,,3.0,2.0,3.0,0.23046875,2.0,2.0,3.0,0.51953125,0.01953125,"Retention is frequency under declared balanced sensitivity scenarios, not probability/confidence."
41ac6dfb5febec20aae9,,,,,,,,,,,,,,,,,1.0,"Retention is frequency under declared balanced sensitivity scenarios, not probability/confidence."
41b14c8f9efb0a85760f,3.0,2.0,3.0,0.390625,,,,,2.0,1.0,3.0,0.29296875,2.0,2.0,3.0,0.50390625,0.6484375,"Retention is frequency under declared balanced sensitivity scenarios, not probability/confidence."
41bc08fc1331fd432528,2.0,2.0,3.0,0.62890625,,,,,2.0,1.0,2.0,0.24609375,4.0,4.0,4.0,1.0,0.44921875,"Retention is frequency under declared balanced sensitivity scenarios, not probability/confidence."
41c3fc8f48f84bc17b47,2.0,2.0,3.0,0.62109375,,,,,3.0,2.0,3.0,0.23046875,2.0,2.0,3.0,0.51953125,0.01953125,"Retention is frequency under declared balanced sensitivity scenarios, not probability/confidence."
41e19076dbe8d3122f0a,2.0,2.0,3.0,0.6328125,,,,,2.0,1.0,3.0,0.50390625,3.0,2.0,3.0,0.53125,0.46875,"Retention is frequency under declared balanced sensitivity scenarios, not probability/confidence."
41e39e70f3d45138570f,1.0,1.0,2.0,0.5,,,,,2.0,1.0,3.0,0.33984375,1.0,1.0,2.0,0.390625,0.17578125,"Retention is frequency under declared balanced sensitivity scenarios, not probability/confidence."
41e8181f5743db7bf6d8,2.0,2.0,3.0,0.6328125,,,,,2.0,1.0,3.0,0.50390625,3.0,2.0,3.0,0.53125,0.46875,"Retention is frequency under declared balanced sensitivity scenarios, not probability/confidence."
41e995b716b18523d1cd,,,,,,,,,,,,,,,,,0.4921875,"Retention is frequency under declared balanced sensitivity scenarios, not probability/confidence."
4202ebc6913a2de2b1e6,,,,,,,,,,,,,,,,,1.0,"Retention is frequency under declared balanced sensitivity scenarios, not probability/confidence."
4218a2bcb33b7de1ee0d,1.0,1.0,2.0,0.5,,,,,2.0,1.0,3.0,0.33984375,1.0,1.0,2.0,0.390625,0.17578125,"Retention is frequency under declared balanced sensitivity scenarios, not probability/confidence."
421ae40e15655d5c9ed1,4.0,3.0,4.0,0.35546875,,,,,4.0,3.0,4.0,0.2421875,4.0,3.0,4.0,0.70703125,0.66796875,"Retention is frequency under declared balanced sensitivity scenarios, not probability/confidence."
4220c04988774d61b5c0,,,,,,,,,,,,,,,,,1.0,"Retention is frequency under declared balanced sensitivity scenarios, not probability/confidence."
422ae50f20ab97f831d0,3.0,2.0,3.0,0.390625,,,,,2.0,1.0,3.0,0.29296875,2.0,2.0,3.0,0.50390625,0.6484375,"Retention is frequency under declared balanced sensitivity scenarios, not probability/confidence."
423da7bb28b40bbcac36,2.0,2.0,3.0,0.62890625,,,,,2.0,1.0,2.0,0.24609375,4.0,4.0,4.0,1.0,0.44921875,"Retention is frequency under declared balanced sensitivity scenarios, not probability/confidence."
428095ba7ab8c6ca676f,4.0,3.0,4.0,0.30859375,3.0,2.0,3.0,0.5,3.0,2.0,4.0,0.33203125,3.0,2.0,3.0,0.51953125,0.66796875,"Retention is frequency under declared balanced sensitivity scenarios, not probability/confidence."
4293f091187fa30bbdad,2.0,2.0,3.0,0.62109375,,,,,3.0,2.0,3.0,0.23046875,2.0,2.0,3.0,0.51953125,0.0390625,"Retention is frequency under declared balanced sensitivity scenarios, not probability/confidence."
42a6245f1efc76baa67f,2.0,2.0,3.0,0.62890625,,,,,2.0,1.0,2.0,0.24609375,4.0,4.0,4.0,1.0,0.44140625,"Retention is frequency under declared balanced sensitivity scenarios, not probability/confidence."
42aeb40ce57b97a731c6,2.0,2.0,3.0,0.62109375,,,,,3.0,2.0,3.0,0.23046875,2.0,2.0,3.0,0.51953125,0.0390625,"Retention is frequency under declared balanced sensitivity scenarios, not probability/confidence."
42d62f02ff2ef4e5e255,2.0,2.0,3.0,0.6328125,1.0,1.0,2.0,0.5,2.0,1.0,3.0,0.50390625,3.0,2.0,3.0,0.53125,0.4765625,"Retention is frequency under declared balanced sensitivity scenarios, not probability/confidence."
42db5e608f8d4cb27669,4.0,3.0,4.0,0.296875,,,,,4.0,3.0,4.0,0.2421875,4.0,3.0,4.0,0.70703125,0.50390625,"Retention is frequency under declared balanced sensitivity scenarios, not probability/confidence."
42e56f4475388c9934d7,3.0,3.0,4.0,0.7734375,,,,,3.0,2.0,3.0,0.23828125,2.0,2.0,3.0,0.49609375,0.4296875,"Retention is frequency under declared balanced sensitivity scenarios, not probability/confidence."
4306ed1000e2978b44a8,2.0,2.0,3.0,0.62109375,,,,,3.0,2.0,3.0,0.23046875,2.0,2.0,3.0,0.51953125,0.0390625,"Retention is frequency under declared balanced sensitivity scenarios, not probability/confidence."
430d775142de4f8349fc,,,,,,,,,2.0,1.0,3.0,0.30859375,4.0,3.0,4.0,0.65234375,0.66796875,"Retention is frequency under declared balanced sensitivity scenarios, not probability/confidence."
432a166e8493b6fab23d,3.0,3.0,4.0,0.765625,,,,,3.0,2.0,3.0,0.26171875,2.0,2.0,3.0,0.49609375,0.65234375,"Retention is frequency under declared balanced sensitivity scenarios, not probability/confidence."
432c028b8e7970c1c20d,3.0,3.0,4.0,0.765625,,,,,3.0,2.0,3.0,0.26171875,2.0,2.0,3.0,0.49609375,0.65234375,"Retention is frequency under declared balanced sensitivity scenarios, not probability/confidence."
433acb0bf28407678c8a,3.0,2.0,3.0,0.390625,,,,,2.0,1.0,3.0,0.29296875,2.0,2.0,3.0,0.50390625,0.6484375,"Retention is frequency under declared balanced sensitivity scenarios, not probability/confidence."
43498fa096422f002dc9,1.0,1.0,2.0,0.5,,,,,2.0,1.0,3.0,0.32421875,1.0,1.0,2.0,0.41015625,0.1640625,"Retention is frequency under declared balanced sensitivity scenarios, not probability/confidence."
43544d7ab2eef7bd7f59,2.0,2.0,3.0,0.62890625,,,,,2.0,1.0,2.0,0.24609375,4.0,4.0,4.0,1.0,0.44140625,"Retention is frequency under declared balanced sensitivity scenarios, not probability/confidence."
436f91b556c5f9e5ebbe,1.0,1.0,2.0,0.5,,,,,2.0,1.0,3.0,0.33984375,1.0,1.0,2.0,0.390625,0.17578125,"Retention is frequency under declared balanced sensitivity scenarios, not probability/confidence."
4379cbf328a42fba604e,1.0,1.0,2.0,0.5,,,,,2.0,1.0,3.0,0.32421875,1.0,1.0,2.0,0.41015625,0.1640625,"Retention is frequency under declared balanced sensitivity scenarios, not probability/confidence."
43828d433ea4d70a5acc,,,,,,,,,,,,,,,,,0.4921875,"Retention is frequency under declared balanced sensitivity scenarios, not probability/confidence."
439742228f41850507d5,3.0,2.0,3.0,0.390625,,,,,2.0,1.0,3.0,0.29296875,2.0,2.0,3.0,0.50390625,0.6484375,"Retention is frequency under declared balanced sensitivity scenarios, not probability/confidence."
439af717e6c0bc10bab7,4.0,3.0,4.0,0.30859375,3.0,2.0,3.0,0.5,3.0,2.0,4.0,0.33203125,3.0,2.0,3.0,0.51953125,0.66796875,"Retention is frequency under declared balanced sensitivity scenarios, not probability/confidence."
439d547bdc9a9fa2e464,4.0,3.0,4.0,0.30859375,1.0,1.0,2.0,0.5,3.0,2.0,4.0,0.33203125,3.0,2.0,3.0,0.51953125,0.75390625,"Retention is frequency under declared balanced sensitivity scenarios, not probability/confidence."
43a200d816cd45515997,4.0,3.0,4.0,0.35546875,,,,,4.0,3.0,4.0,0.2421875,4.0,3.0,4.0,0.70703125,0.66796875,"Retention is frequency under declared balanced sensitivity scenarios, not probability/confidence."
43a769a1e37f0d421d9d,1.0,1.0,2.0,0.5,,,,,2.0,1.0,3.0,0.33984375,1.0,1.0,2.0,0.390625,0.17578125,"Retention is frequency under declared balanced sensitivity scenarios, not probability/confidence."
43b0ddae42d728ac3c29,4.0,3.0,4.0,0.375,4.0,3.0,4.0,0.24609375,4.0,3.0,4.0,0.2421875,3.0,2.0,3.0,0.75390625,0.2421875,"Retention is frequency under declared balanced sensitivity scenarios, not probability/confidence."
43b909512051e12dae8c,4.0,3.0,4.0,0.265625,,,,,4.0,3.0,4.0,0.2421875,4.0,3.0,4.0,0.70703125,0.23828125,"Retention is frequency under declared balanced sensitivity scenarios, not probability/confidence."
43c287ee5a1c06de55ac,,,,,,,,,,,,,,,,,1.0,"Retention is frequency under declared balanced sensitivity scenarios, not probability/confidence."
43e85777f5a640d90ed3,4.0,3.0,4.0,0.30859375,3.0,2.0,3.0,0.5,3.0,2.0,4.0,0.33203125,3.0,2.0,3.0,0.51953125,0.66796875,"Retention is frequency under declared balanced sensitivity scenarios, not probability/confidence."
43eabfd75876934b800e,3.0,2.0,3.0,0.390625,,,,,2.0,1.0,3.0,0.29296875,2.0,2.0,3.0,0.50390625,0.6484375,"Retention is frequency under declared balanced sensitivity scenarios, not probability/confidence."
43f360869233313f48c6,,,,,,,,,,,,,,,,,1.0,"Retention is frequency under declared balanced sensitivity scenarios, not probability/confidence."
441974c863033668ff7c,2.0,1.0,2.0,0.5,,,,,3.0,2.0,3.0,0.22265625,1.0,1.0,2.0,0.34375,0.265625,"Retention is frequency under declared balanced sensitivity scenarios, not probability/confidence."
4433fba5f3fcbd3579db,4.0,3.0,4.0,0.30859375,3.0,2.0,3.0,0.5,3.0,2.0,4.0,0.33203125,3.0,2.0,3.0,0.51953125,0.66796875,"Retention is frequency under declared balanced sensitivity scenarios, not probability/confidence."
4441ff7a086e55b4aec6,1.0,1.0,2.0,0.5,,,,,2.0,1.0,3.0,0.33984375,1.0,1.0,2.0,0.390625,0.17578125,"Retention is frequency under declared balanced sensitivity scenarios, not probability/confidence."
444217f5be1e0336498e,2.0,2.0,3.0,0.62109375,,,,,3.0,2.0,3.0,0.23046875,2.0,2.0,3.0,0.51953125,0.0390625,"Retention is frequency under declared balanced sensitivity scenarios, not probability/confidence."
444c58f5d07c94823fe0,1.0,1.0,2.0,0.5,,,,,2.0,1.0,3.0,0.33984375,1.0,1.0,2.0,0.390625,0.17578125,"Retention is frequency under declared balanced sensitivity scenarios, not probability/confidence."
446182515796b3d7a268,2.0,2.0,3.0,0.62890625,,,,,2.0,1.0,2.0,0.24609375,4.0,4.0,4.0,1.0,0.44921875,"Retention is frequency under declared balanced sensitivity scenarios, not probability/confidence."
44840a70c629e05744cb,4.0,3.0,4.0,0.375,4.0,3.0,4.0,0.23828125,4.0,3.0,4.0,0.2421875,3.0,2.0,3.0,0.75390625,0.16796875,"Retention is frequency under declared balanced sensitivity scenarios, not probability/confidence."
4485feb7cf2f9d451e7e,4.0,3.0,4.0,0.35546875,,,,,4.0,3.0,4.0,0.2421875,4.0,3.0,4.0,0.70703125,0.66796875,"Retention is frequency under declared balanced sensitivity scenarios, not probability/confidence."
4498b05aab35e1c52853,1.0,1.0,2.0,0.5,,,,,2.0,1.0,3.0,0.32421875,1.0,1.0,2.0,0.41015625,0.08203125,"Retention is frequency under declared balanced sensitivity scenarios, not probability/confidence."
44aeba4ed5415b9fdd5f,,,,,,,,,,,,,,,,,0.34765625,"Retention is frequency under declared balanced sensitivity scenarios, not probability/confidence."
44d10838f227c7230235,,,,,,,,,,,,,,,,,1.0,"Retention is frequency under declared balanced sensitivity scenarios, not probability/confidence."
44d5bee76486256dae6d,1.0,1.0,2.0,0.5,,,,,2.0,1.0,3.0,0.33984375,1.0,1.0,2.0,0.390625,0.17578125,"Retention is frequency under declared balanced sensitivity scenarios, not probability/confidence."
44de6113c57ba070f662,1.0,1.0,2.0,0.5,,,,,2.0,1.0,3.0,0.33984375,1.0,1.0,2.0,0.390625,0.17578125,"Retention is frequency under declared balanced sensitivity scenarios, not probability/confidence."
45080285c96a80e9f67b,,,,,,,,,,,,,,,,,1.0,"Retention is frequency under declared balanced sensitivity scenarios, not probability/confidence."
4516e0b15430d046a421,1.0,1.0,2.0,0.5,,,,,2.0,1.0,3.0,0.32421875,1.0,1.0,2.0,0.41015625,0.1640625,"Retention is frequency under declared balanced sensitivity scenarios, not probability/confidence."
45243f65b5fa0fed3a2b,2.0,1.0,2.0,0.5,,,,,3.0,2.0,3.0,0.26171875,2.0,1.0,2.0,0.73046875,0.046875,"Retention is frequency under declared balanced sensitivity scenarios, not probability/confidence."
452dd85736e68ad7784d,,,,,,,,,,,,,,,,,0.4921875,"Retention is frequency under declared balanced sensitivity scenarios, not probability/confidence."
4533c845d04aa8251d4d,4.0,3.0,4.0,0.375,4.0,3.0,4.0,0.23828125,4.0,3.0,4.0,0.2421875,3.0,2.0,3.0,0.75390625,0.13671875,"Retention is frequency under declared balanced sensitivity scenarios, not probability/confidence."
453547d10997db65a72e,,,,,,,,,,,,,,,,,1.0,"Retention is frequency under declared balanced sensitivity scenarios, not probability/confidence."
453fe4e7a388c6f5bd7e,,,,,,,,,,,,,,,,,1.0,"Retention is frequency under declared balanced sensitivity scenarios, not probability/confidence."
4598ab9dc9e1bf41ebc3,3.0,2.0,3.0,0.390625,,,,,2.0,1.0,3.0,0.29296875,2.0,2.0,3.0,0.50390625,0.6484375,"Retention is frequency under declared balanced sensitivity scenarios, not probability/confidence."
459e68b9b6bf4fb4684b,1.0,1.0,2.0,0.5,,,,,2.0,1.0,3.0,0.32421875,1.0,1.0,2.0,0.41015625,0.1640625,"Retention is frequency under declared balanced sensitivity scenarios, not probability/confidence."
459f65fe6e93ec707cd4,2.0,2.0,3.0,0.62890625,,,,,2.0,1.0,2.0,0.24609375,4.0,4.0,4.0,1.0,0.44921875,"Retention is frequency under declared balanced sensitivity scenarios, not probability/confidence."
45a71e087c0ad42bd045,1.0,1.0,2.0,0.5,,,,,2.0,1.0,3.0,0.32421875,1.0,1.0,2.0,0.41015625,0.1640625,"Retention is frequency under declared balanced sensitivity scenarios, not probability/confidence."
45c0824741025878e33a,1.0,1.0,2.0,0.5,,,,,2.0,1.0,3.0,0.32421875,1.0,1.0,2.0,0.41015625,0.1640625,"Retention is frequency under declared balanced sensitivity scenarios, not probability/confidence."
45c4bf0d394427323298,,,,,,,,,,,,,,,,,1.0,"Retention is frequency under declared balanced sensitivity scenarios, not probability/confidence."
45d62497e24b97b0bbc4,4.0,3.0,4.0,0.30859375,1.0,1.0,2.0,0.5,3.0,2.0,4.0,0.33203125,3.0,2.0,3.0,0.51953125,0.75390625,"Retention is frequency under declared balanced sensitivity scenarios, not probability/confidence."
4610ca4fbdcc4c57cb55,4.0,3.0,4.0,0.35546875,,,,,4.0,3.0,4.0,0.2421875,4.0,3.0,4.0,0.70703125,0.6640625,"Retention is frequency under declared balanced sensitivity scenarios, not probability/confidence."
46165dbf9c87378ab55e,,,,,,,,,2.0,1.0,3.0,0.30859375,4.0,3.0,4.0,0.65234375,0.66796875,"Retention is frequency under declared balanced sensitivity scenarios, not probability/confidence."
4621fe202f11f2b0b4d0,2.0,1.0,2.0,0.5,,,,,3.0,2.0,3.0,0.26171875,2.0,1.0,2.0,0.73046875,0.1640625,"Retention is frequency under declared balanced sensitivity scenarios, not probability/confidence."
4638798a39ae6e3f8726,4.0,3.0,4.0,0.30859375,3.0,2.0,3.0,0.5,3.0,2.0,4.0,0.33203125,3.0,2.0,3.0,0.51953125,0.66796875,"Retention is frequency under declared balanced sensitivity scenarios, not probability/confidence."
466a4446e39d3d373659,2.0,2.0,3.0,0.62109375,,,,,3.0,2.0,3.0,0.23046875,2.0,2.0,3.0,0.51953125,0.0390625,"Retention is frequency under declared balanced sensitivity scenarios, not probability/confidence."
467698190cfe9e15577d,,,,,,,,,,,,,,,,,1.0,"Retention is frequency under declared balanced sensitivity scenarios, not probability/confidence."
467b2316ff1d4a5f1deb,4.0,3.0,4.0,0.35546875,,,,,4.0,3.0,4.0,0.2421875,4.0,3.0,4.0,0.70703125,0.66796875,"Retention is frequency under declared balanced sensitivity scenarios, not probability/confidence."
4683d727a952151d3daa,,,,,,,,,2.0,1.0,3.0,0.30859375,4.0,3.0,4.0,0.65234375,0.6640625,"Retention is frequency under declared balanced sensitivity scenarios, not probability/confidence."
46847ee26f15f0cb49de,1.0,1.0,2.0,0.5,,,,,2.0,1.0,3.0,0.33984375,1.0,1.0,2.0,0.390625,0.17578125,"Retention is frequency under declared balanced sensitivity scenarios, not probability/confidence."
46962bc3c5a94415480d,,,,,,,,,2.0,1.0,3.0,0.30859375,4.0,3.0,4.0,0.65234375,0.66796875,"Retention is frequency under declared balanced sensitivity scenarios, not probability/confidence."
469892aaba0409a8d8d6,3.0,2.0,3.0,0.390625,,,,,2.0,1.0,3.0,0.29296875,2.0,2.0,3.0,0.50390625,0.6484375,"Retention is frequency under declared balanced sensitivity scenarios, not probability/confidence."
46c2b1b6572acb7b2513,3.0,3.0,4.0,0.765625,,,,,3.0,2.0,3.0,0.26171875,2.0,2.0,3.0,0.49609375,0.65234375,"Retention is frequency under declared balanced sensitivity scenarios, not probability/confidence."
46c57ffe9882befe9946,4.0,3.0,4.0,0.375,4.0,3.0,4.0,0.24609375,4.0,3.0,4.0,0.2421875,3.0,2.0,3.0,0.75390625,0.2421875,"Retention is frequency under declared balanced sensitivity scenarios, not probability/confidence."
46cc87ebdfd28a9531b3,4.0,3.0,4.0,0.30859375,1.0,1.0,2.0,0.5,3.0,2.0,4.0,0.33203125,3.0,2.0,3.0,0.51953125,0.75390625,"Retention is frequency under declared balanced sensitivity scenarios, not probability/confidence."
46df828b37b35144577c,4.0,3.0,4.0,0.375,4.0,3.0,4.0,0.23828125,4.0,3.0,4.0,0.2421875,3.0,2.0,3.0,0.75390625,0.27734375,"Retention is frequency under declared balanced sensitivity scenarios, not probability/confidence."
46e6c3f9280fe001ecb4,3.0,2.0,3.0,0.390625,,,,,2.0,1.0,3.0,0.29296875,2.0,2.0,3.0,0.50390625,0.40625,"Retention is frequency under declared balanced sensitivity scenarios, not probability/confidence."
46fad6b9bbbbadf22d56,2.0,2.0,3.0,0.62890625,,,,,2.0,1.0,2.0,0.24609375,4.0,4.0,4.0,1.0,0.44921875,"Retention is frequency under declared balanced sensitivity scenarios, not probability/confidence."
46ffb16148ca213ed5aa,2.0,1.0,2.0,0.5,,,,,3.0,2.0,3.0,0.26171875,2.0,1.0,2.0,0.73046875,0.1640625,"Retention is frequency under declared balanced sensitivity scenarios, not probability/confidence."
4701353301069662333d,3.0,2.0,3.0,0.390625,,,,,2.0,1.0,3.0,0.29296875,2.0,2.0,3.0,0.50390625,0.6484375,"Retention is frequency under declared balanced sensitivity scenarios, not probability/confidence."
47145fccf2c775976c22,,,,,,,,,,,,,,,,,1.0,"Retention is frequency under declared balanced sensitivity scenarios, not probability/confidence."
47341dccceb263e4c6b4,4.0,3.0,4.0,0.30859375,3.0,2.0,3.0,0.5,3.0,2.0,4.0,0.33203125,3.0,2.0,3.0,0.51953125,0.66796875,"Retention is frequency under declared balanced sensitivity scenarios, not probability/confidence."
47357ee5278c2a63e664,4.0,3.0,4.0,0.5,,,,,4.0,3.0,4.0,0.5,4.0,3.0,4.0,0.70703125,0.66796875,"Retention is frequency under declared balanced sensitivity scenarios, not probability/confidence."
47368a7c77edf30c1d15,2.0,2.0,3.0,0.6328125,3.0,2.0,3.0,0.23828125,2.0,1.0,3.0,0.50390625,3.0,2.0,3.0,0.53125,0.23046875,"Retention is frequency under declared balanced sensitivity scenarios, not probability/confidence."
4738791ae37e67ea9b33,1.0,1.0,2.0,0.5,,,,,2.0,1.0,3.0,0.32421875,1.0,1.0,2.0,0.41015625,0.08203125,"Retention is frequency under declared balanced sensitivity scenarios, not probability/confidence."
47394826122850f9ff29,2.0,2.0,3.0,0.62109375,,,,,3.0,2.0,3.0,0.23046875,2.0,2.0,3.0,0.51953125,0.01953125,"Retention is frequency under declared balanced sensitivity scenarios, not probability/confidence."
473fb132f7f4930758c4,4.0,3.0,4.0,0.375,4.0,3.0,4.0,0.24609375,4.0,3.0,4.0,0.2421875,3.0,2.0,3.0,0.75390625,0.17578125,"Retention is frequency under declared balanced sensitivity scenarios, not probability/confidence."
4776976f8ea014e9d402,,,,,,,,,,,,,,,,,1.0,"Retention is frequency under declared balanced sensitivity scenarios, not probability/confidence."
4790c4f69ab29beea759,2.0,2.0,3.0,0.62109375,,,,,3.0,2.0,3.0,0.23046875,2.0,2.0,3.0,0.51953125,0.0390625,"Retention is frequency under declared balanced sensitivity scenarios, not probability/confidence."
47b053740adf40facf9b,,,,,,,,,,,,,,,,,1.0,"Retention is frequency under declared balanced sensitivity scenarios, not probability/confidence."
47b69d80e8ea45b6d581,2.0,1.0,2.0,0.5,,,,,3.0,2.0,3.0,0.26171875,2.0,1.0,2.0,0.73046875,0.046875,"Retention is frequency under declared balanced sensitivity scenarios, not probability/confidence."
47bef9a45b9592f93358,,,,,,,,,,,,,,,,,1.0,"Retention is frequency under declared balanced sensitivity scenarios, not probability/confidence."
47da459bfbdcd78a3e01,4.0,3.0,4.0,0.30859375,1.0,1.0,2.0,0.5,3.0,2.0,4.0,0.33203125,3.0,2.0,3.0,0.51953125,0.75390625,"Retention is frequency under declared balanced sensitivity scenarios, not probability/confidence."
4816fffba47fe8ca17ad,4.0,3.0,4.0,0.375,4.0,3.0,4.0,0.24609375,4.0,3.0,4.0,0.2421875,3.0,2.0,3.0,0.75390625,0.2421875,"Retention is frequency under declared balanced sensitivity scenarios, not probability/confidence."
4841fb0b2650769ca264,,,,,,,,,,,,,,,,,1.0,"Retention is frequency under declared balanced sensitivity scenarios, not probability/confidence."
4844fa194e979cbc1c41,4.0,3.0,4.0,0.375,4.0,3.0,4.0,0.24609375,4.0,3.0,4.0,0.2421875,3.0,2.0,3.0,0.75390625,0.2421875,"Retention is frequency under declared balanced sensitivity scenarios, not probability/confidence."
484b51f846ccc95ed3fc,4.0,3.0,4.0,0.35546875,,,,,4.0,3.0,4.0,0.2421875,4.0,3.0,4.0,0.70703125,0.6640625,"Retention is frequency under declared balanced sensitivity scenarios, not probability/confidence."
48528edb587cfe73cf74,4.0,3.0,4.0,0.30859375,3.0,2.0,3.0,0.5,3.0,2.0,4.0,0.33203125,3.0,2.0,3.0,0.51953125,0.66796875,"Retention is frequency under declared balanced sensitivity scenarios, not probability/confidence."
485efae4e0b24b5db8d8,4.0,3.0,4.0,0.35546875,,,,,4.0,3.0,4.0,0.2421875,4.0,3.0,4.0,0.70703125,0.66796875,"Retention is frequency under declared balanced sensitivity scenarios, not probability/confidence."
4878e2c2452cb07e2759,3.0,3.0,4.0,0.7734375,,,,,3.0,2.0,3.0,0.23828125,2.0,2.0,3.0,0.49609375,0.625,"Retention is frequency under declared balanced sensitivity scenarios, not probability/confidence."
4896926a6b63d8e9bb6a,4.0,3.0,4.0,0.265625,,,,,4.0,3.0,4.0,0.2421875,4.0,3.0,4.0,0.70703125,0.23828125,"Retention is frequency under declared balanced sensitivity scenarios, not probability/confidence."
48a01c7aa337e8efffb9,3.0,2.0,3.0,0.390625,,,,,2.0,1.0,3.0,0.29296875,2.0,2.0,3.0,0.50390625,0.6484375,"Retention is frequency under declared balanced sensitivity scenarios, not probability/confidence."
48aa1482fa0df86b9949,2.0,2.0,3.0,0.62109375,,,,,3.0,2.0,3.0,0.23046875,2.0,2.0,3.0,0.51953125,0.01953125,"Retention is frequency under declared balanced sensitivity scenarios, not probability/confidence."
48b1ffeabda259ffacda,,,,,,,,,,,,,,,,,1.0,"Retention is frequency under declared balanced sensitivity scenarios, not probability/confidence."
48e515cf2637d429fb32,,,,,,,,,,,,,,,,,0.4921875,"Retention is frequency under declared balanced sensitivity scenarios, not probability/confidence."
48f0455e45bdaf755fe9,2.0,2.0,3.0,0.62890625,,,,,2.0,1.0,2.0,0.24609375,4.0,4.0,4.0,1.0,0.44921875,"Retention is frequency under declared balanced sensitivity scenarios, not probability/confidence."
4902e4621bff3ddd5a1a,,,,,,,,,,,,,,,,,0.4921875,"Retention is frequency under declared balanced sensitivity scenarios, not probability/confidence."
49281add9159b382510c,3.0,3.0,4.0,0.765625,,,,,3.0,2.0,3.0,0.26171875,2.0,2.0,3.0,0.49609375,0.4140625,"Retention is frequency under declared balanced sensitivity scenarios, not probability/confidence."
4982688cffd3f45316eb,,,,,,,,,,,,,,,,,1.0,"Retention is frequency under declared balanced sensitivity scenarios, not probability/confidence."
49ca2a4ab8af58d3234c,1.0,1.0,2.0,0.5,,,,,2.0,1.0,3.0,0.32421875,1.0,1.0,2.0,0.41015625,0.08203125,"Retention is frequency under declared balanced sensitivity scenarios, not probability/confidence."
49d350ee5a133ff8fa45,2.0,1.0,2.0,0.5,,,,,3.0,2.0,3.0,0.26171875,2.0,1.0,2.0,0.73046875,0.1640625,"Retention is frequency under declared balanced sensitivity scenarios, not probability/confidence."
49d4429f1b773d5afbc9,2.0,2.0,3.0,0.6328125,,,,,2.0,1.0,3.0,0.50390625,3.0,2.0,3.0,0.53125,0.01953125,"Retention is frequency under declared balanced sensitivity scenarios, not probability/confidence."
49d9236910258b13fd93,1.0,1.0,2.0,0.5,,,,,2.0,1.0,3.0,0.32421875,1.0,1.0,2.0,0.41015625,0.1640625,"Retention is frequency under declared balanced sensitivity scenarios, not probability/confidence."
49fb0a4065e9a57a7031,,,,,,,,,,,,,,,,,0.4921875,"Retention is frequency under declared balanced sensitivity scenarios, not probability/confidence."
4a043ba469457def70cb,,,,,,,,,,,,,,,,,0.4921875,"Retention is frequency under declared balanced sensitivity scenarios, not probability/confidence."
4a3250cd48fae72696ce,,,,,,,,,2.0,1.0,3.0,0.30859375,4.0,3.0,4.0,0.65234375,0.66796875,"Retention is frequency under declared balanced sensitivity scenarios, not probability/confidence."
4a499cda558f0bef37d7,,,,,,,,,,,,,,,,,0.4921875,"Retention is frequency under declared balanced sensitivity scenarios, not probability/confidence."
4a80653239b7d18cf2fc,1.0,1.0,2.0,0.5,,,,,2.0,1.0,3.0,0.33984375,1.0,1.0,2.0,0.390625,0.17578125,"Retention is frequency under declared balanced sensitivity scenarios, not probability/confidence."
4a80b012140deb558eca,2.0,1.0,2.0,0.5,,,,,3.0,2.0,3.0,0.22265625,1.0,1.0,2.0,0.43359375,0.3828125,"Retention is frequency under declared balanced sensitivity scenarios, not probability/confidence."
4a83050a3c24df0143a1,1.0,1.0,2.0,0.5,,,,,2.0,1.0,3.0,0.32421875,1.0,1.0,2.0,0.41015625,0.1640625,"Retention is frequency under declared balanced sensitivity scenarios, not probability/confidence."
4a8af89ff75c683e6725,4.0,3.0,4.0,0.296875,,,,,4.0,3.0,4.0,0.2421875,4.0,3.0,4.0,0.70703125,0.84765625,"Retention is frequency under declared balanced sensitivity scenarios, not probability/confidence."
4aa09d65f4e3c28c8f51,2.0,2.0,3.0,0.62109375,,,,,3.0,2.0,3.0,0.23046875,2.0,2.0,3.0,0.51953125,0.01953125,"Retention is frequency under declared balanced sensitivity scenarios, not probability/confidence."
4ad2ec4a4c9c488c6f4f,,,,,,,,,,,,,,,,,1.0,"Retention is frequency under declared balanced sensitivity scenarios, not probability/confidence."
4ae9902c75cd4995a047,2.0,1.0,2.0,0.5,,,,,3.0,2.0,3.0,0.22265625,1.0,1.0,2.0,0.35546875,0.35546875,"Retention is frequency under declared balanced sensitivity scenarios, not probability/confidence."
4aeda42c7d702cd85820,,,,,,,,,,,,,,,,,1.0,"Retention is frequency under declared balanced sensitivity scenarios, not probability/confidence."
4af03d047242e815d1d7,4.0,3.0,4.0,0.30859375,3.0,2.0,3.0,0.5,3.0,2.0,4.0,0.33203125,3.0,2.0,3.0,0.51953125,0.66796875,"Retention is frequency under declared balanced sensitivity scenarios, not probability/confidence."
4af56f3e14265665ad65,3.0,3.0,4.0,0.7734375,,,,,3.0,2.0,3.0,0.23828125,2.0,2.0,3.0,0.49609375,0.4296875,"Retention is frequency under declared balanced sensitivity scenarios, not probability/confidence."
4afafd9791757920d72c,1.0,1.0,2.0,0.5,,,,,2.0,1.0,3.0,0.33984375,1.0,1.0,2.0,0.390625,0.17578125,"Retention is frequency under declared balanced sensitivity scenarios, not probability/confidence."
4b27dcd605a5a75d700c,3.0,3.0,4.0,0.7734375,,,,,3.0,2.0,3.0,0.23828125,2.0,2.0,3.0,0.49609375,0.4296875,"Retention is frequency under declared balanced sensitivity scenarios, not probability/confidence."
4b309683f36a78eeaa1a,2.0,2.0,3.0,0.62109375,,,,,3.0,2.0,3.0,0.23046875,2.0,2.0,3.0,0.51953125,0.0390625,"Retention is frequency under declared balanced sensitivity scenarios, not probability/confidence."
4b41ead64eeb7acf1629,2.0,1.0,2.0,0.5,,,,,3.0,2.0,3.0,0.26171875,2.0,1.0,2.0,0.73046875,0.1640625,"Retention is frequency under declared balanced sensitivity scenarios, not probability/confidence."
4b4d2449e51a6a51b57a,2.0,2.0,3.0,0.62109375,,,,,3.0,2.0,3.0,0.23046875,2.0,2.0,3.0,0.51953125,0.01953125,"Retention is frequency under declared balanced sensitivity scenarios, not probability/confidence."
4b53f8f58fc952b8a593,,,,,,,,,,,,,,,,,0.4921875,"Retention is frequency under declared balanced sensitivity scenarios, not probability/confidence."
4b5a5193701779a033d5,,,,,,,,,,,,,,,,,0.4921875,"Retention is frequency under declared balanced sensitivity scenarios, not probability/confidence."
4b60ba53b29b108cf414,4.0,3.0,4.0,0.30859375,3.0,2.0,3.0,0.5,3.0,2.0,4.0,0.33203125,3.0,2.0,3.0,0.51953125,0.66796875,"Retention is frequency under declared balanced sensitivity scenarios, not probability/confidence."
4b8c4098bc72decdac46,,,,,,,,,,,,,,,,,0.4921875,"Retention is frequency under declared balanced sensitivity scenarios, not probability/confidence."
4b8dac9110578c74f1f5,,,,,,,,,2.0,1.0,3.0,0.30859375,4.0,3.0,4.0,0.65234375,0.66796875,"Retention is frequency under declared balanced sensitivity scenarios, not probability/confidence."
4bb0b8a4ec28bb657445,2.0,2.0,3.0,0.62109375,,,,,3.0,2.0,3.0,0.23046875,2.0,2.0,3.0,0.51953125,0.01953125,"Retention is frequency under declared balanced sensitivity scenarios, not probability/confidence."
4bb6807159279deb1fda,,,,,,,,,,,,,,,,,1.0,"Retention is frequency under declared balanced sensitivity scenarios, not probability/confidence."
4bc347a6c902658c3958,3.0,2.0,3.0,0.390625,,,,,2.0,1.0,3.0,0.29296875,2.0,2.0,3.0,0.50390625,0.40625,"Retention is frequency under declared balanced sensitivity scenarios, not probability/confidence."
4bc383066c161503f025,4.0,3.0,4.0,0.375,2.0,1.0,2.0,0.5,4.0,3.0,4.0,0.2421875,3.0,2.0,3.0,0.75390625,0.25,"Retention is frequency under declared balanced sensitivity scenarios, not probability/confidence."
4bcd5fc4d8a511c89cab,1.0,1.0,2.0,0.5,,,,,2.0,1.0,3.0,0.32421875,1.0,1.0,2.0,0.41015625,0.1640625,"Retention is frequency under declared balanced sensitivity scenarios, not probability/confidence."
4bcf81557524fa794e45,,,,,,,,,,,,,,,,,1.0,"Retention is frequency under declared balanced sensitivity scenarios, not probability/confidence."
4bd57654b91e82bcb465,,,,,,,,,2.0,1.0,3.0,0.30859375,4.0,3.0,4.0,0.65234375,0.66796875,"Retention is frequency under declared balanced sensitivity scenarios, not probability/confidence."
4be9b95ded4cf41a140e,1.0,1.0,2.0,0.5,,,,,2.0,1.0,3.0,0.33984375,1.0,1.0,2.0,0.390625,0.17578125,"Retention is frequency under declared balanced sensitivity scenarios, not probability/confidence."
4bea86a2fa61852ca5eb,3.0,3.0,4.0,0.765625,,,,,3.0,2.0,3.0,0.26171875,2.0,2.0,3.0,0.49609375,0.65234375,"Retention is frequency under declared balanced sensitivity scenarios, not probability/confidence."
4c05625e06c2c6af3704,4.0,3.0,4.0,0.5,,,,,4.0,3.0,4.0,0.5,4.0,3.0,4.0,0.70703125,0.66796875,"Retention is frequency under declared balanced sensitivity scenarios, not probability/confidence."
4c06cb32507709ba3f32,4.0,3.0,4.0,0.35546875,,,,,4.0,3.0,4.0,0.2421875,4.0,3.0,4.0,0.70703125,0.6640625,"Retention is frequency under declared balanced sensitivity scenarios, not probability/confidence."
4c12093ea86dd88f2571,1.0,1.0,2.0,0.5,,,,,2.0,1.0,3.0,0.33984375,1.0,1.0,2.0,0.390625,0.07421875,"Retention is frequency under declared balanced sensitivity scenarios, not probability/confidence."
4c1908afbfda76c70601,4.0,3.0,4.0,0.375,1.0,1.0,2.0,0.33203125,4.0,3.0,4.0,0.41015625,3.0,2.0,3.0,0.75390625,0.47265625,"Retention is frequency under declared balanced sensitivity scenarios, not probability/confidence."
4c3a2867e37a507f9041,4.0,3.0,4.0,0.265625,,,,,4.0,3.0,4.0,0.2421875,4.0,3.0,4.0,0.70703125,0.23828125,"Retention is frequency under declared balanced sensitivity scenarios, not probability/confidence."
4c46484f3c665c57c6a0,,,,,,,,,2.0,1.0,3.0,0.30859375,4.0,3.0,4.0,0.65234375,0.66796875,"Retention is frequency under declared balanced sensitivity scenarios, not probability/confidence."
4c597f4354ab90d0bb1a,4.0,3.0,4.0,0.35546875,,,,,4.0,3.0,4.0,0.2421875,4.0,3.0,4.0,0.70703125,0.66796875,"Retention is frequency under declared balanced sensitivity scenarios, not probability/confidence."
4c5d820c5dd3dde0e50f,4.0,3.0,4.0,0.35546875,,,,,4.0,3.0,4.0,0.2421875,4.0,3.0,4.0,0.70703125,0.66796875,"Retention is frequency under declared balanced sensitivity scenarios, not probability/confidence."
4c5ffb2927cb46e72315,1.0,1.0,2.0,0.5,,,,,2.0,1.0,3.0,0.33984375,1.0,1.0,2.0,0.390625,0.07421875,"Retention is frequency under declared balanced sensitivity scenarios, not probability/confidence."
4c85eed929e95b098b1f,,,,,,,,,2.0,1.0,3.0,0.30859375,4.0,3.0,4.0,0.65234375,0.66796875,"Retention is frequency under declared balanced sensitivity scenarios, not probability/confidence."
4c8a8d0766cda509f9aa,2.0,2.0,3.0,0.62109375,,,,,3.0,2.0,3.0,0.23046875,2.0,2.0,3.0,0.51953125,0.0390625,"Retention is frequency under declared balanced sensitivity scenarios, not probability/confidence."
4caf673ed794b41c1748,3.0,2.0,3.0,0.390625,,,,,2.0,1.0,3.0,0.29296875,2.0,2.0,3.0,0.50390625,0.6484375,"Retention is frequency under declared balanced sensitivity scenarios, not probability/confidence."
4d1318624019b2e4b3c2,2.0,1.0,2.0,0.5,,,,,3.0,2.0,3.0,0.22265625,1.0,1.0,2.0,0.34375,0.265625,"Retention is frequency under declared balanced sensitivity scenarios, not probability/confidence."
4d1c3d631ee013d8e251,4.0,3.0,4.0,0.35546875,,,,,4.0,3.0,4.0,0.2421875,4.0,3.0,4.0,0.70703125,0.66796875,"Retention is frequency under declared balanced sensitivity scenarios, not probability/confidence."
4d25dc743011f140567c,,,,,,,,,,,,,,,,,1.0,"Retention is frequency under declared balanced sensitivity scenarios, not probability/confidence."
4d4058405b6eb3645ffc,2.0,1.0,2.0,0.5,,,,,3.0,2.0,3.0,0.26171875,2.0,1.0,2.0,0.73046875,0.046875,"Retention is frequency under declared balanced sensitivity scenarios, not probability/confidence."
4d41c2c2d786261d17ac,3.0,3.0,4.0,0.765625,,,,,3.0,2.0,3.0,0.26171875,2.0,2.0,3.0,0.49609375,0.65234375,"Retention is frequency under declared balanced sensitivity scenarios, not probability/confidence."
4d5a7c80fab23c185c2c,3.0,2.0,3.0,0.390625,,,,,2.0,1.0,3.0,0.29296875,2.0,2.0,3.0,0.50390625,0.6484375,"Retention is frequency under declared balanced sensitivity scenarios, not probability/confidence."
4d5cef104bcf38687905,2.0,1.0,2.0,0.5,,,,,3.0,2.0,3.0,0.26171875,2.0,1.0,2.0,0.73046875,0.1640625,"Retention is frequency under declared balanced sensitivity scenarios, not probability/confidence."
4d5d5ce62706221f8cfe,4.0,3.0,4.0,0.30859375,1.0,1.0,2.0,0.5,3.0,2.0,4.0,0.33203125,3.0,2.0,3.0,0.51953125,0.75390625,"Retention is frequency under declared balanced sensitivity scenarios, not probability/confidence."
4d68e35a277a300857da,1.0,1.0,2.0,0.5,,,,,2.0,1.0,3.0,0.33984375,1.0,1.0,2.0,0.390625,0.17578125,"Retention is frequency under declared balanced sensitivity scenarios, not probability/confidence."
4d74d75f17e0fd6d7625,3.0,3.0,4.0,0.765625,,,,,3.0,2.0,3.0,0.26171875,2.0,2.0,3.0,0.49609375,0.65234375,"Retention is frequency under declared balanced sensitivity scenarios, not probability/confidence."
4d78f284744c723821b6,,,,,,,,,,,,,,,,,1.0,"Retention is frequency under declared balanced sensitivity scenarios, not probability/confidence."
4d7a2639c15ee7473eff,,,,,,,,,,,,,,,,,1.0,"Retention is frequency under declared balanced sensitivity scenarios, not probability/confidence."
4d87e5c5471e06d757d7,3.0,2.0,3.0,0.390625,,,,,2.0,1.0,3.0,0.29296875,2.0,2.0,3.0,0.50390625,0.6484375,"Retention is frequency under declared balanced sensitivity scenarios, not probability/confidence."
4d8b7a5b6e0f54bbae92,4.0,3.0,4.0,0.296875,,,,,4.0,3.0,4.0,0.2421875,4.0,3.0,4.0,0.70703125,0.50390625,"Retention is frequency under declared balanced sensitivity scenarios, not probability/confidence."
4d92b8d3c5b5a74253f6,,,,,,,,,,,,,,,,,0.4921875,"Retention is frequency under declared balanced sensitivity scenarios, not probability/confidence."
4d96050ae7d8748f24e3,3.0,2.0,3.0,0.390625,,,,,2.0,1.0,3.0,0.29296875,2.0,2.0,3.0,0.50390625,0.6484375,"Retention is frequency under declared balanced sensitivity scenarios, not probability/confidence."
4d9f79216a27a304cfa5,2.0,1.0,2.0,0.5,,,,,3.0,2.0,3.0,0.26171875,2.0,1.0,2.0,0.73046875,0.046875,"Retention is frequency under declared balanced sensitivity scenarios, not probability/confidence."
4dabdeef0e11727d0c69,,,,,,,,,,,,,,,,,1.0,"Retention is frequency under declared balanced sensitivity scenarios, not probability/confidence."
4daefcf7842aa5fedafd,,,,,,,,,2.0,1.0,3.0,0.30859375,4.0,3.0,4.0,0.65234375,0.66796875,"Retention is frequency under declared balanced sensitivity scenarios, not probability/confidence."
4dc2ac98af4fefe62260,4.0,3.0,4.0,0.265625,,,,,4.0,3.0,4.0,0.2421875,4.0,3.0,4.0,0.70703125,0.23828125,"Retention is frequency under declared balanced sensitivity scenarios, not probability/confidence."
4dcea8ae693f0c3bbfcf,3.0,2.0,3.0,0.390625,,,,,2.0,1.0,3.0,0.29296875,2.0,2.0,3.0,0.50390625,0.6484375,"Retention is frequency under declared balanced sensitivity scenarios, not probability/confidence."
4dd385b938505d7e3e20,2.0,1.0,2.0,0.5,,,,,3.0,2.0,3.0,0.26171875,2.0,1.0,2.0,0.73046875,0.1640625,"Retention is frequency under declared balanced sensitivity scenarios, not probability/confidence."
4dfa9ee648120a82433d,1.0,1.0,2.0,0.5,,,,,2.0,1.0,3.0,0.33984375,1.0,1.0,2.0,0.390625,0.17578125,"Retention is frequency under declared balanced sensitivity scenarios, not probability/confidence."
4e075908b9062ad0c559,,,,,,,,,,,,,,,,,1.0,"Retention is frequency under declared balanced sensitivity scenarios, not probability/confidence."
4e22626889201c5670fa,4.0,3.0,4.0,0.35546875,,,,,4.0,3.0,4.0,0.2421875,4.0,3.0,4.0,0.70703125,0.66796875,"Retention is frequency under declared balanced sensitivity scenarios, not probability/confidence."
4e25c642b41b51327b15,1.0,1.0,2.0,0.5,,,,,2.0,1.0,3.0,0.32421875,1.0,1.0,2.0,0.41015625,0.1640625,"Retention is frequency under declared balanced sensitivity scenarios, not probability/confidence."
4e293085cbe062f6e2a4,2.0,2.0,3.0,0.62109375,,,,,3.0,2.0,3.0,0.23046875,2.0,2.0,3.0,0.51953125,0.0390625,"Retention is frequency under declared balanced sensitivity scenarios, not probability/confidence."
4e3246096dee7f46b0fa,,,,,,,,,2.0,1.0,3.0,0.30859375,4.0,3.0,4.0,0.65234375,0.66796875,"Retention is frequency under declared balanced sensitivity scenarios, not probability/confidence."
4e35c6ac15f2bf2cf1b4,2.0,1.0,2.0,0.5,,,,,3.0,2.0,3.0,0.22265625,1.0,1.0,2.0,0.35546875,0.35546875,"Retention is frequency under declared balanced sensitivity scenarios, not probability/confidence."
4e3c4297c2dcc72a6973,2.0,2.0,3.0,0.6328125,,,,,2.0,1.0,3.0,0.50390625,3.0,2.0,3.0,0.53125,0.46875,"Retention is frequency under declared balanced sensitivity scenarios, not probability/confidence."
4e79c06ea100d40eb5e9,,,,,,,,,,,,,,,,,1.0,"Retention is frequency under declared balanced sensitivity scenarios, not probability/confidence."
4e7acb2f9b9efb5eee51,4.0,3.0,4.0,0.30859375,3.0,2.0,3.0,0.5,3.0,2.0,4.0,0.33203125,3.0,2.0,3.0,0.51953125,0.66796875,"Retention is frequency under declared balanced sensitivity scenarios, not probability/confidence."
4ea1b3f6e179d1c5891a,4.0,3.0,4.0,0.30859375,1.0,1.0,2.0,0.5,3.0,2.0,4.0,0.33203125,3.0,2.0,3.0,0.51953125,0.75390625,"Retention is frequency under declared balanced sensitivity scenarios, not probability/confidence."
4eb360b26f50806479dd,,,,,,,,,,,,,,,,,0.5,"Retention is frequency under declared balanced sensitivity scenarios, not probability/confidence."
4ec33086351adafcd063,2.0,2.0,3.0,0.62890625,,,,,2.0,1.0,2.0,0.24609375,4.0,4.0,4.0,1.0,0.44140625,"Retention is frequency under declared balanced sensitivity scenarios, not probability/confidence."
4ed70303f4ce2d5431b2,2.0,2.0,3.0,0.62890625,,,,,2.0,1.0,2.0,0.24609375,4.0,4.0,4.0,1.0,0.44921875,"Retention is frequency under declared balanced sensitivity scenarios, not probability/confidence."
4edefd915388fbb00b03,,,,,,,,,,,,,,,,,1.0,"Retention is frequency under declared balanced sensitivity scenarios, not probability/confidence."
4f1efdb89e63deecbed0,1.0,1.0,2.0,0.5,,,,,2.0,1.0,3.0,0.33984375,1.0,1.0,2.0,0.390625,0.17578125,"Retention is frequency under declared balanced sensitivity scenarios, not probability/confidence."
4f2b365a41c3a3ed1f03,,,,,,,,,,,,,,,,,1.0,"Retention is frequency under declared balanced sensitivity scenarios, not probability/confidence."
4f3247bd84d392d20d9a,4.0,3.0,4.0,0.296875,,,,,4.0,3.0,4.0,0.2421875,4.0,3.0,4.0,0.70703125,0.50390625,"Retention is frequency under declared balanced sensitivity scenarios, not probability/confidence."
4f32da219a73320b6f96,4.0,3.0,4.0,0.30859375,1.0,1.0,2.0,0.5,3.0,2.0,4.0,0.33203125,3.0,2.0,3.0,0.51953125,0.5078125,"Retention is frequency under declared balanced sensitivity scenarios, not probability/confidence."
4f437ef55f192728621e,2.0,2.0,3.0,0.62890625,,,,,2.0,1.0,2.0,0.24609375,4.0,4.0,4.0,1.0,0.44140625,"Retention is frequency under declared balanced sensitivity scenarios, not probability/confidence."
4f4fb52cdfd8f293d987,,,,,,,,,,,,,,,,,1.0,"Retention is frequency under declared balanced sensitivity scenarios, not probability/confidence."
4f66db00ff5c07315c7e,,,,,,,,,,,,,,,,,1.0,"Retention is frequency under declared balanced sensitivity scenarios, not probability/confidence."
4fa05e172a65e8465892,,,,,,,,,,,,,,,,,1.0,"Retention is frequency under declared balanced sensitivity scenarios, not probability/confidence."
4fa8f13c48b76d2a17e4,2.0,2.0,3.0,0.62109375,,,,,3.0,2.0,3.0,0.23046875,2.0,2.0,3.0,0.51953125,0.0390625,"Retention is frequency under declared balanced sensitivity scenarios, not probability/confidence."
4fddd31513cf072c4893,4.0,3.0,4.0,0.375,4.0,3.0,4.0,0.23828125,4.0,3.0,4.0,0.2421875,3.0,2.0,3.0,0.75390625,0.2109375,"Retention is frequency under declared balanced sensitivity scenarios, not probability/confidence."
4ff0eb5f6112789c17ec,2.0,1.0,2.0,0.5,,,,,3.0,2.0,3.0,0.26171875,2.0,1.0,2.0,0.73046875,0.046875,"Retention is frequency under declared balanced sensitivity scenarios, not probability/confidence."
4ffa02e601009e40a171,,,,,,,,,,,,,,,,,1.0,"Retention is frequency under declared balanced sensitivity scenarios, not probability/confidence."
500e6b7bab72b63ba010,4.0,3.0,4.0,0.25390625,,,,,4.0,3.0,4.0,0.2421875,4.0,3.0,4.0,0.70703125,0.3359375,"Retention is frequency under declared balanced sensitivity scenarios, not probability/confidence."
50205e5b36531770cdc5,,,,,,,,,,,,,,,,,1.0,"Retention is frequency under declared balanced sensitivity scenarios, not probability/confidence."
502806aa62b13e38f3bd,1.0,1.0,2.0,0.5,,,,,2.0,1.0,3.0,0.32421875,1.0,1.0,2.0,0.41015625,0.08203125,"Retention is frequency under declared balanced sensitivity scenarios, not probability/confidence."
50421cfab7f4792e51f4,3.0,3.0,4.0,0.7734375,,,,,3.0,2.0,3.0,0.23828125,2.0,2.0,3.0,0.49609375,0.4296875,"Retention is frequency under declared balanced sensitivity scenarios, not probability/confidence."
5057ac4c59034d74e45e,4.0,3.0,4.0,0.35546875,,,,,4.0,3.0,4.0,0.2421875,4.0,3.0,4.0,0.70703125,0.66796875,"Retention is frequency under declared balanced sensitivity scenarios, not probability/confidence."
505bc7fe39a987f6b7cd,4.0,3.0,4.0,0.30859375,1.0,1.0,2.0,0.5,3.0,2.0,4.0,0.33203125,3.0,2.0,3.0,0.51953125,0.75390625,"Retention is frequency under declared balanced sensitivity scenarios, not probability/confidence."
505fced03c59370b5276,4.0,3.0,4.0,0.375,4.0,3.0,4.0,0.24609375,4.0,3.0,4.0,0.2421875,3.0,2.0,3.0,0.75390625,0.2421875,"Retention is frequency under declared balanced sensitivity scenarios, not probability/confidence."
5071972bee526c610a2a,2.0,2.0,3.0,0.62109375,,,,,3.0,2.0,3.0,0.23046875,2.0,2.0,3.0,0.51953125,0.01953125,"Retention is frequency under declared balanced sensitivity scenarios, not probability/confidence."
50b01f10ab33a921164f,2.0,1.0,2.0,0.5,,,,,3.0,2.0,3.0,0.26171875,2.0,1.0,2.0,0.73046875,0.1640625,"Retention is frequency under declared balanced sensitivity scenarios, not probability/confidence."
50b3207652941e27e446,3.0,2.0,3.0,0.390625,,,,,2.0,1.0,3.0,0.29296875,2.0,2.0,3.0,0.50390625,0.6484375,"Retention is frequency under declared balanced sensitivity scenarios, not probability/confidence."
50c551f0af3e56f9a314,2.0,2.0,3.0,0.6328125,,,,,2.0,1.0,3.0,0.50390625,3.0,2.0,3.0,0.53125,0.01953125,"Retention is frequency under declared balanced sensitivity scenarios, not probability/confidence."
50c5c2921953c04cf740,4.0,3.0,4.0,0.35546875,,,,,4.0,3.0,4.0,0.2421875,4.0,3.0,4.0,0.70703125,0.66796875,"Retention is frequency under declared balanced sensitivity scenarios, not probability/confidence."
50d0480f39406563d9d0,,,,,,,,,,,,,,,,,1.0,"Retention is frequency under declared balanced sensitivity scenarios, not probability/confidence."
50f407a96e52544f66b4,3.0,2.0,3.0,0.390625,,,,,2.0,1.0,3.0,0.29296875,2.0,2.0,3.0,0.50390625,0.40625,"Retention is frequency under declared balanced sensitivity scenarios, not probability/confidence."
51090a16d39edc773ad4,1.0,1.0,2.0,0.5,,,,,2.0,1.0,3.0,0.33984375,1.0,1.0,2.0,0.390625,0.17578125,"Retention is frequency under declared balanced sensitivity scenarios, not probability/confidence."
511c112539cdb40b2c9c,1.0,1.0,2.0,0.5,,,,,2.0,1.0,3.0,0.32421875,1.0,1.0,2.0,0.41015625,0.1640625,"Retention is frequency under declared balanced sensitivity scenarios, not probability/confidence."
5122ee7658e50e26c470,3.0,3.0,4.0,0.7734375,,,,,3.0,2.0,3.0,0.23828125,2.0,2.0,3.0,0.49609375,0.4296875,"Retention is frequency under declared balanced sensitivity scenarios, not probability/confidence."
51286c502563bcb00ece,4.0,3.0,4.0,0.5,,,,,4.0,3.0,4.0,0.5,4.0,3.0,4.0,0.70703125,0.6640625,"Retention is frequency under declared balanced sensitivity scenarios, not probability/confidence."
5132074366cbfc5afaa6,1.0,1.0,2.0,0.5,,,,,2.0,1.0,3.0,0.33984375,1.0,1.0,2.0,0.390625,0.17578125,"Retention is frequency under declared balanced sensitivity scenarios, not probability/confidence."
514b9878b181f62bc448,4.0,3.0,4.0,0.35546875,,,,,4.0,3.0,4.0,0.2421875,4.0,3.0,4.0,0.70703125,0.66796875,"Retention is frequency under declared balanced sensitivity scenarios, not probability/confidence."
515529b35efb929938e2,,,,,,,,,,,,,,,,,1.0,"Retention is frequency under declared balanced sensitivity scenarios, not probability/confidence."
51c25e839d629b299246,3.0,2.0,3.0,0.390625,,,,,2.0,1.0,3.0,0.29296875,2.0,2.0,3.0,0.50390625,0.6484375,"Retention is frequency under declared balanced sensitivity scenarios, not probability/confidence."
51c2b598472515c62b33,3.0,3.0,4.0,0.765625,,,,,3.0,2.0,3.0,0.26171875,2.0,2.0,3.0,0.49609375,0.65234375,"Retention is frequency under declared balanced sensitivity scenarios, not probability/confidence."
51d1282f89f91e373c9e,,,,,,,,,,,,,,,,,1.0,"Retention is frequency under declared balanced sensitivity scenarios, not probability/confidence."
51eb924fb03d5cb559f5,,,,,,,,,2.0,1.0,3.0,0.30859375,4.0,3.0,4.0,0.65234375,0.6640625,"Retention is frequency under declared balanced sensitivity scenarios, not probability/confidence."
51ec69e0a928a67aae20,,,,,,,,,,,,,,,,,0.4921875,"Retention is frequency under declared balanced sensitivity scenarios, not probability/confidence."
5217d742a0574587ccb6,4.0,3.0,4.0,0.30859375,3.0,2.0,3.0,0.5,3.0,2.0,4.0,0.33203125,3.0,2.0,3.0,0.51953125,0.66796875,"Retention is frequency under declared balanced sensitivity scenarios, not probability/confidence."
522ea6926b49558eadee,2.0,1.0,2.0,0.5,,,,,3.0,2.0,3.0,0.22265625,1.0,1.0,2.0,0.43359375,0.3828125,"Retention is frequency under declared balanced sensitivity scenarios, not probability/confidence."
523255de3ed60f858e5b,,,,,,,,,,,,,,,,,0.4921875,"Retention is frequency under declared balanced sensitivity scenarios, not probability/confidence."
525136d69499b86f8f15,3.0,3.0,4.0,0.765625,,,,,3.0,2.0,3.0,0.26171875,2.0,2.0,3.0,0.49609375,0.65234375,"Retention is frequency under declared balanced sensitivity scenarios, not probability/confidence."
525d88b84b51de2ea839,2.0,2.0,3.0,0.62890625,,,,,2.0,1.0,2.0,0.24609375,4.0,4.0,4.0,1.0,0.44921875,"Retention is frequency under declared balanced sensitivity scenarios, not probability/confidence."
527c57d501c08781bd63,1.0,1.0,2.0,0.5,,,,,2.0,1.0,3.0,0.32421875,1.0,1.0,2.0,0.41015625,0.08203125,"Retention is frequency under declared balanced sensitivity scenarios, not probability/confidence."
527f8c552d80dc95ab9b,3.0,3.0,4.0,0.765625,,,,,3.0,2.0,3.0,0.26171875,2.0,2.0,3.0,0.49609375,0.4140625,"Retention is frequency under declared balanced sensitivity scenarios, not probability/confidence."
529941bcc6f71dbe48e3,3.0,2.0,3.0,0.390625,,,,,2.0,1.0,3.0,0.29296875,2.0,2.0,3.0,0.50390625,0.6484375,"Retention is frequency under declared balanced sensitivity scenarios, not probability/confidence."
529bf441eb68c225ab9b,,,,,,,,,,,,,,,,,1.0,"Retention is frequency under declared balanced sensitivity scenarios, not probability/confidence."
52e051ddaf7866df8559,4.0,3.0,4.0,0.30859375,3.0,2.0,3.0,0.5,3.0,2.0,4.0,0.33203125,3.0,2.0,3.0,0.51953125,0.66796875,"Retention is frequency under declared balanced sensitivity scenarios, not probability/confidence."
52f0893cfa33c89f1024,2.0,2.0,3.0,0.62109375,,,,,3.0,2.0,3.0,0.23046875,2.0,2.0,3.0,0.51953125,0.01953125,"Retention is frequency under declared balanced sensitivity scenarios, not probability/confidence."
52f5db74e2276f4dd359,4.0,3.0,4.0,0.30859375,1.0,1.0,2.0,0.5,3.0,2.0,4.0,0.33203125,3.0,2.0,3.0,0.51953125,0.75390625,"Retention is frequency under declared balanced sensitivity scenarios, not probability/confidence."
52f9ed4fd3dcde34aea8,3.0,3.0,4.0,0.765625,,,,,3.0,2.0,3.0,0.26171875,2.0,2.0,3.0,0.49609375,0.65234375,"Retention is frequency under declared balanced sensitivity scenarios, not probability/confidence."
5300778a90cda469b7df,,,,,,,,,,,,,,,,,1.0,"Retention is frequency under declared balanced sensitivity scenarios, not probability/confidence."
5319bf2f3b6e7ce08fc2,,,,,,,,,,,,,,,,,0.4921875,"Retention is frequency under declared balanced sensitivity scenarios, not probability/confidence."
532378a99e476be96e64,,,,,,,,,,,,,,,,,0.4921875,"Retention is frequency under declared balanced sensitivity scenarios, not probability/confidence."
53257e55a67d74bce9f4,4.0,3.0,4.0,0.30859375,1.0,1.0,2.0,0.5,3.0,2.0,4.0,0.33203125,3.0,2.0,3.0,0.51953125,0.75390625,"Retention is frequency under declared balanced sensitivity scenarios, not probability/confidence."
53269bbf1db4a0361489,4.0,3.0,4.0,0.30859375,3.0,2.0,3.0,0.5,3.0,2.0,4.0,0.33203125,3.0,2.0,3.0,0.51953125,0.66796875,"Retention is frequency under declared balanced sensitivity scenarios, not probability/confidence."
532d1374f8499f21a255,1.0,1.0,2.0,0.5,,,,,2.0,1.0,3.0,0.33984375,1.0,1.0,2.0,0.390625,0.17578125,"Retention is frequency under declared balanced sensitivity scenarios, not probability/confidence."
532ece7f34c79717c9cd,,,,,,,,,,,,,,,,,1.0,"Retention is frequency under declared balanced sensitivity scenarios, not probability/confidence."
53367ac46719251838bf,4.0,3.0,4.0,0.30859375,3.0,2.0,3.0,0.5,3.0,2.0,4.0,0.33203125,3.0,2.0,3.0,0.51953125,0.66796875,"Retention is frequency under declared balanced sensitivity scenarios, not probability/confidence."
5344aa9def3528d489bf,2.0,2.0,3.0,0.62890625,,,,,2.0,1.0,2.0,0.24609375,4.0,4.0,4.0,1.0,0.44921875,"Retention is frequency under declared balanced sensitivity scenarios, not probability/confidence."
53591bc195994172a61c,1.0,1.0,2.0,0.5,,,,,2.0,1.0,3.0,0.33984375,1.0,1.0,2.0,0.390625,0.07421875,"Retention is frequency under declared balanced sensitivity scenarios, not probability/confidence."
535d9a4104ecabd9bfb9,2.0,2.0,3.0,0.6328125,,,,,2.0,1.0,3.0,0.50390625,3.0,2.0,3.0,0.53125,0.01953125,"Retention is frequency under declared balanced sensitivity scenarios, not probability/confidence."
5369b375119ba0aa9b1a,3.0,3.0,4.0,0.765625,,,,,3.0,2.0,3.0,0.26171875,2.0,2.0,3.0,0.49609375,0.65234375,"Retention is frequency under declared balanced sensitivity scenarios, not probability/confidence."
536a3e03ca7282776d2b,,,,,,,,,2.0,1.0,3.0,0.30859375,4.0,3.0,4.0,0.65234375,0.66796875,"Retention is frequency under declared balanced sensitivity scenarios, not probability/confidence."
537687b63c55cac9ca34,2.0,2.0,3.0,0.62890625,,,,,2.0,1.0,2.0,0.24609375,4.0,4.0,4.0,1.0,0.44921875,"Retention is frequency under declared balanced sensitivity scenarios, not probability/confidence."
538485964596de2c4c46,2.0,2.0,3.0,0.62109375,,,,,3.0,2.0,3.0,0.23046875,2.0,2.0,3.0,0.51953125,0.0390625,"Retention is frequency under declared balanced sensitivity scenarios, not probability/confidence."
539a21dbc3fcadb107b3,1.0,1.0,2.0,0.5,,,,,2.0,1.0,3.0,0.32421875,1.0,1.0,2.0,0.41015625,0.1640625,"Retention is frequency under declared balanced sensitivity scenarios, not probability/confidence."
53a7c75d75a86904aa04,3.0,2.0,3.0,0.390625,,,,,2.0,1.0,3.0,0.29296875,2.0,2.0,3.0,0.50390625,0.6484375,"Retention is frequency under declared balanced sensitivity scenarios, not probability/confidence."
53ade9dfe0ffee253eb5,1.0,1.0,2.0,0.5,,,,,2.0,1.0,3.0,0.32421875,1.0,1.0,2.0,0.41015625,0.1640625,"Retention is frequency under declared balanced sensitivity scenarios, not probability/confidence."
53b80f6d9ea0b29519fc,4.0,3.0,4.0,0.35546875,,,,,4.0,3.0,4.0,0.2421875,4.0,3.0,4.0,0.70703125,0.66796875,"Retention is frequency under declared balanced sensitivity scenarios, not probability/confidence."
53c1e181c7b965eaf208,2.0,2.0,3.0,0.62109375,,,,,3.0,2.0,3.0,0.23046875,2.0,2.0,3.0,0.51953125,0.01953125,"Retention is frequency under declared balanced sensitivity scenarios, not probability/confidence."
53c462ed8022bbc14510,1.0,1.0,2.0,0.5,,,,,2.0,1.0,3.0,0.33984375,1.0,1.0,2.0,0.390625,0.07421875,"Retention is frequency under declared balanced sensitivity scenarios, not probability/confidence."
53c5c4ed42677c95eb8b,,,,,,,,,2.0,1.0,3.0,0.30859375,4.0,3.0,4.0,0.65234375,0.66796875,"Retention is frequency under declared balanced sensitivity scenarios, not probability/confidence."
53cfcf08b0a30eac3c92,2.0,1.0,2.0,0.5,,,,,3.0,2.0,3.0,0.26171875,2.0,1.0,2.0,0.73046875,0.046875,"Retention is frequency under declared balanced sensitivity scenarios, not probability/confidence."
53fd314a95ab10c9a56b,1.0,1.0,2.0,0.5,,,,,2.0,1.0,3.0,0.33984375,1.0,1.0,2.0,0.390625,0.17578125,"Retention is frequency under declared balanced sensitivity scenarios, not probability/confidence."
540cb0c0f9e2e156e6d5,2.0,1.0,2.0,0.5,,,,,3.0,2.0,3.0,0.22265625,1.0,1.0,2.0,0.43359375,0.25390625,"Retention is frequency under declared balanced sensitivity scenarios, not probability/confidence."
541daa3a911087cca464,2.0,2.0,3.0,0.62890625,,,,,2.0,1.0,2.0,0.24609375,4.0,4.0,4.0,1.0,0.44921875,"Retention is frequency under declared balanced sensitivity scenarios, not probability/confidence."
542bca7958b19eb85ce2,3.0,2.0,3.0,0.390625,,,,,2.0,1.0,3.0,0.29296875,2.0,2.0,3.0,0.50390625,0.6484375,"Retention is frequency under declared balanced sensitivity scenarios, not probability/confidence."
543db163fd092b8e6f37,3.0,2.0,3.0,0.390625,,,,,2.0,1.0,3.0,0.29296875,2.0,2.0,3.0,0.50390625,0.6484375,"Retention is frequency under declared balanced sensitivity scenarios, not probability/confidence."
54655bdc1396ef2de022,3.0,2.0,3.0,0.390625,,,,,2.0,1.0,3.0,0.29296875,2.0,2.0,3.0,0.50390625,0.6484375,"Retention is frequency under declared balanced sensitivity scenarios, not probability/confidence."
547add97ce52a282dfc4,1.0,1.0,2.0,0.5,,,,,2.0,1.0,3.0,0.33984375,1.0,1.0,2.0,0.390625,0.17578125,"Retention is frequency under declared balanced sensitivity scenarios, not probability/confidence."
547b46d242572706c700,4.0,3.0,4.0,0.375,4.0,3.0,4.0,0.23828125,4.0,3.0,4.0,0.2421875,3.0,2.0,3.0,0.75390625,0.2109375,"Retention is frequency under declared balanced sensitivity scenarios, not probability/confidence."
547b61c6c830670a4bb5,1.0,1.0,2.0,0.5,,,,,2.0,1.0,3.0,0.33984375,1.0,1.0,2.0,0.390625,0.17578125,"Retention is frequency under declared balanced sensitivity scenarios, not probability/confidence."
54886eda40afb4f0120e,4.0,3.0,4.0,0.30859375,1.0,1.0,2.0,0.5,3.0,2.0,4.0,0.33203125,3.0,2.0,3.0,0.51953125,0.5078125,"Retention is frequency under declared balanced sensitivity scenarios, not probability/confidence."
54892265d4bbd9261a21,4.0,3.0,4.0,0.35546875,,,,,4.0,3.0,4.0,0.2421875,4.0,3.0,4.0,0.70703125,0.66796875,"Retention is frequency under declared balanced sensitivity scenarios, not probability/confidence."
548c5a0322ed6f9c809e,1.0,1.0,2.0,0.5,,,,,2.0,1.0,3.0,0.33984375,1.0,1.0,2.0,0.390625,0.17578125,"Retention is frequency under declared balanced sensitivity scenarios, not probability/confidence."
549c47b8c9acb8358369,1.0,1.0,2.0,0.5,,,,,2.0,1.0,3.0,0.32421875,1.0,1.0,2.0,0.41015625,0.1640625,"Retention is frequency under declared balanced sensitivity scenarios, not probability/confidence."
54aad03ea2f3d419af4d,1.0,1.0,2.0,0.5,,,,,2.0,1.0,3.0,0.33984375,1.0,1.0,2.0,0.390625,0.17578125,"Retention is frequency under declared balanced sensitivity scenarios, not probability/confidence."
54ba8f42e829b6014856,2.0,2.0,3.0,0.6328125,,,,,2.0,1.0,3.0,0.50390625,3.0,2.0,3.0,0.53125,0.01953125,"Retention is frequency under declared balanced sensitivity scenarios, not probability/confidence."
54bdfd0fd2c434b18f09,4.0,3.0,4.0,0.375,4.0,3.0,4.0,0.23828125,4.0,3.0,4.0,0.2421875,3.0,2.0,3.0,0.75390625,0.2109375,"Retention is frequency under declared balanced sensitivity scenarios, not probability/confidence."
54bfb0dcd1ddc05fb1e0,4.0,3.0,4.0,0.30859375,3.0,2.0,3.0,0.5,3.0,2.0,4.0,0.33203125,3.0,2.0,3.0,0.51953125,0.66796875,"Retention is frequency under declared balanced sensitivity scenarios, not probability/confidence."
54c85c6b1f2601df49ab,,,,,,,,,2.0,1.0,3.0,0.30859375,4.0,3.0,4.0,0.65234375,0.66796875,"Retention is frequency under declared balanced sensitivity scenarios, not probability/confidence."
55144d8cfa56fb96ea9e,1.0,1.0,2.0,0.5,,,,,2.0,1.0,3.0,0.33984375,1.0,1.0,2.0,0.390625,0.17578125,"Retention is frequency under declared balanced sensitivity scenarios, not probability/confidence."
5541e08497848d1cdd31,,,,,,,,,,,,,,,,,1.0,"Retention is frequency under declared balanced sensitivity scenarios, not probability/confidence."
554d178767a09fccf8ca,3.0,3.0,4.0,0.765625,,,,,3.0,2.0,3.0,0.26171875,2.0,2.0,3.0,0.49609375,0.4140625,"Retention is frequency under declared balanced sensitivity scenarios, not probability/confidence."
555aad64f53b83ed4e21,2.0,2.0,3.0,0.62109375,,,,,3.0,2.0,3.0,0.23046875,2.0,2.0,3.0,0.51953125,0.0390625,"Retention is frequency under declared balanced sensitivity scenarios, not probability/confidence."
555fd76ca8276b629342,4.0,3.0,4.0,0.30859375,3.0,2.0,3.0,0.5,3.0,2.0,4.0,0.33203125,3.0,2.0,3.0,0.51953125,0.66796875,"Retention is frequency under declared balanced sensitivity scenarios, not probability/confidence."
5560418a61a23fd6b9c8,1.0,1.0,2.0,0.5,,,,,2.0,1.0,3.0,0.33984375,1.0,1.0,2.0,0.390625,0.17578125,"Retention is frequency under declared balanced sensitivity scenarios, not probability/confidence."
55778e3ca3e26ede8b56,3.0,2.0,3.0,0.390625,,,,,2.0,1.0,3.0,0.29296875,2.0,2.0,3.0,0.50390625,0.6484375,"Retention is frequency under declared balanced sensitivity scenarios, not probability/confidence."
558d7da8f2edb59e2822,3.0,3.0,4.0,0.7734375,,,,,3.0,2.0,3.0,0.23828125,2.0,2.0,3.0,0.49609375,0.4296875,"Retention is frequency under declared balanced sensitivity scenarios, not probability/confidence."
5590661a3b2bd194c251,1.0,1.0,2.0,0.5,,,,,2.0,1.0,3.0,0.33984375,1.0,1.0,2.0,0.390625,0.17578125,"Retention is frequency under declared balanced sensitivity scenarios, not probability/confidence."
55b462bb1491b4626361,2.0,2.0,3.0,0.6328125,,,,,2.0,1.0,3.0,0.50390625,3.0,2.0,3.0,0.53125,0.01953125,"Retention is frequency under declared balanced sensitivity scenarios, not probability/confidence."
55d6c01a23fe93a8aa05,4.0,3.0,4.0,0.30859375,3.0,2.0,3.0,0.5,3.0,2.0,4.0,0.33203125,3.0,2.0,3.0,0.51953125,0.66796875,"Retention is frequency under declared balanced sensitivity scenarios, not probability/confidence."
55fd04524c538c9816d9,4.0,3.0,4.0,0.35546875,,,,,4.0,3.0,4.0,0.2421875,4.0,3.0,4.0,0.70703125,0.6640625,"Retention is frequency under declared balanced sensitivity scenarios, not probability/confidence."
5617f63e97f17892dd51,3.0,3.0,4.0,0.765625,,,,,3.0,2.0,3.0,0.26171875,2.0,2.0,3.0,0.49609375,0.65234375,"Retention is frequency under declared balanced sensitivity scenarios, not probability/confidence."
56191bf9354018e87eaa,4.0,3.0,4.0,0.375,4.0,3.0,4.0,0.23828125,4.0,3.0,4.0,0.2421875,3.0,2.0,3.0,0.75390625,0.27734375,"Retention is frequency under declared balanced sensitivity scenarios, not probability/confidence."
5621b57dff351cde925f,3.0,3.0,4.0,0.765625,,,,,3.0,2.0,3.0,0.26171875,2.0,2.0,3.0,0.49609375,0.65234375,"Retention is frequency under declared balanced sensitivity scenarios, not probability/confidence."
5623e9f822893c866f1b,1.0,1.0,2.0,0.5,,,,,2.0,1.0,3.0,0.33984375,1.0,1.0,2.0,0.390625,0.17578125,"Retention is frequency under declared balanced sensitivity scenarios, not probability/confidence."
562bc56b871dfd3581d7,4.0,3.0,4.0,0.30859375,3.0,2.0,3.0,0.5,3.0,2.0,4.0,0.33203125,3.0,2.0,3.0,0.51953125,0.66796875,"Retention is frequency under declared balanced sensitivity scenarios, not probability/confidence."
566d5763f39be33a59b2,3.0,3.0,4.0,0.7734375,,,,,3.0,2.0,3.0,0.23828125,2.0,2.0,3.0,0.49609375,0.4296875,"Retention is frequency under declared balanced sensitivity scenarios, not probability/confidence."
5672374f91382106c765,1.0,1.0,2.0,0.5,,,,,2.0,1.0,3.0,0.32421875,1.0,1.0,2.0,0.41015625,0.08203125,"Retention is frequency under declared balanced sensitivity scenarios, not probability/confidence."
56755fffa2ca2d3a3fb9,1.0,1.0,2.0,0.5,,,,,2.0,1.0,3.0,0.33984375,1.0,1.0,2.0,0.390625,0.17578125,"Retention is frequency under declared balanced sensitivity scenarios, not probability/confidence."
56756f0cd1819ac2e5ab,,,,,,,,,2.0,1.0,3.0,0.30859375,4.0,3.0,4.0,0.65234375,0.66796875,"Retention is frequency under declared balanced sensitivity scenarios, not probability/confidence."
567f89dc099059314e30,2.0,2.0,3.0,0.62109375,,,,,3.0,2.0,3.0,0.23046875,2.0,2.0,3.0,0.51953125,0.01953125,"Retention is frequency under declared balanced sensitivity scenarios, not probability/confidence."
568aeea5d73c506eff5a,2.0,2.0,3.0,0.62890625,,,,,2.0,1.0,2.0,0.24609375,4.0,4.0,4.0,1.0,0.44921875,"Retention is frequency under declared balanced sensitivity scenarios, not probability/confidence."
5693f22456170cdf2f9b,4.0,3.0,4.0,0.30859375,3.0,2.0,3.0,0.5,3.0,2.0,4.0,0.33203125,3.0,2.0,3.0,0.51953125,0.66796875,"Retention is frequency under declared balanced sensitivity scenarios, not probability/confidence."
56965d057bc45462ce8c,3.0,3.0,4.0,0.7734375,,,,,3.0,2.0,3.0,0.23828125,2.0,2.0,3.0,0.49609375,0.4296875,"Retention is frequency under declared balanced sensitivity scenarios, not probability/confidence."
56bcfa3a71d0d8e87149,4.0,3.0,4.0,0.296875,,,,,4.0,3.0,4.0,0.2421875,4.0,3.0,4.0,0.70703125,0.50390625,"Retention is frequency under declared balanced sensitivity scenarios, not probability/confidence."
56bcfa70cfd789fde817,4.0,3.0,4.0,0.35546875,,,,,4.0,3.0,4.0,0.2421875,4.0,3.0,4.0,0.70703125,0.66796875,"Retention is frequency under declared balanced sensitivity scenarios, not probability/confidence."
56ff59a15e5ea8047c76,,,,,,,,,,,,,,,,,0.4921875,"Retention is frequency under declared balanced sensitivity scenarios, not probability/confidence."
571e8c8a39ca49f729c5,4.0,3.0,4.0,0.375,1.0,1.0,2.0,0.33203125,4.0,3.0,4.0,0.41015625,3.0,2.0,3.0,0.75390625,0.47265625,"Retention is frequency under declared balanced sensitivity scenarios, not probability/confidence."
57275d27acf8f3457bfe,4.0,3.0,4.0,0.375,4.0,3.0,4.0,0.23828125,4.0,3.0,4.0,0.2421875,3.0,2.0,3.0,0.75390625,0.27734375,"Retention is frequency under declared balanced sensitivity scenarios, not probability/confidence."
5730baa7c10e748d7d29,4.0,3.0,4.0,0.375,1.0,1.0,2.0,0.33203125,4.0,3.0,4.0,0.41015625,3.0,2.0,3.0,0.75390625,0.47265625,"Retention is frequency under declared balanced sensitivity scenarios, not probability/confidence."
573f42a2d088b2d48e68,4.0,3.0,4.0,0.30859375,3.0,2.0,3.0,0.5,3.0,2.0,4.0,0.33203125,3.0,2.0,3.0,0.51953125,0.66796875,"Retention is frequency under declared balanced sensitivity scenarios, not probability/confidence."
577076d4b863e2952000,2.0,2.0,3.0,0.62109375,,,,,3.0,2.0,3.0,0.23046875,2.0,2.0,3.0,0.51953125,0.01953125,"Retention is frequency under declared balanced sensitivity scenarios, not probability/confidence."
5794eace6abf748b672a,3.0,3.0,4.0,0.765625,,,,,3.0,2.0,3.0,0.26171875,2.0,2.0,3.0,0.49609375,0.65234375,"Retention is frequency under declared balanced sensitivity scenarios, not probability/confidence."
579ee7fc3c8b122bda07,4.0,3.0,4.0,0.30859375,3.0,2.0,3.0,0.5,3.0,2.0,4.0,0.33203125,3.0,2.0,3.0,0.51953125,0.66796875,"Retention is frequency under declared balanced sensitivity scenarios, not probability/confidence."
57bf276c53754db79403,2.0,2.0,3.0,0.62109375,,,,,3.0,2.0,3.0,0.23046875,2.0,2.0,3.0,0.51953125,0.01953125,"Retention is frequency under declared balanced sensitivity scenarios, not probability/confidence."
57c7893c39bb8e4de274,,,,,,,,,,,,,,,,,1.0,"Retention is frequency under declared balanced sensitivity scenarios, not probability/confidence."
57cd3c1c425d0deed71a,2.0,2.0,3.0,0.62890625,,,,,2.0,1.0,2.0,0.24609375,4.0,4.0,4.0,1.0,0.44921875,"Retention is frequency under declared balanced sensitivity scenarios, not probability/confidence."
57d498da0b58ab0e1fb9,2.0,1.0,2.0,0.5,,,,,3.0,2.0,3.0,0.26171875,2.0,1.0,2.0,0.73046875,0.046875,"Retention is frequency under declared balanced sensitivity scenarios, not probability/confidence."
57ef689b5d8a3e962f13,,,,,,,,,,,,,,,,,1.0,"Retention is frequency under declared balanced sensitivity scenarios, not probability/confidence."
580be664948e6c7e676d,3.0,3.0,4.0,0.765625,,,,,3.0,2.0,3.0,0.26171875,2.0,2.0,3.0,0.49609375,0.4140625,"Retention is frequency under declared balanced sensitivity scenarios, not probability/confidence."
5814a5038d4a042c7513,4.0,3.0,4.0,0.265625,,,,,4.0,3.0,4.0,0.2421875,4.0,3.0,4.0,0.70703125,0.23828125,"Retention is frequency under declared balanced sensitivity scenarios, not probability/confidence."
581953a034b9bb8e6c83,1.0,1.0,2.0,0.5,,,,,2.0,1.0,3.0,0.32421875,1.0,1.0,2.0,0.41015625,0.1640625,"Retention is frequency under declared balanced sensitivity scenarios, not probability/confidence."
5829e20e671b53061cab,4.0,3.0,4.0,0.30859375,1.0,1.0,2.0,0.5,3.0,2.0,4.0,0.33203125,3.0,2.0,3.0,0.51953125,0.75390625,"Retention is frequency under declared balanced sensitivity scenarios, not probability/confidence."
582c8893195a4b259115,,,,,,,,,,,,,,,,,1.0,"Retention is frequency under declared balanced sensitivity scenarios, not probability/confidence."
583b6855450edbb62dba,4.0,3.0,4.0,0.375,1.0,1.0,2.0,0.33203125,4.0,3.0,4.0,0.41015625,3.0,2.0,3.0,0.75390625,0.47265625,"Retention is frequency under declared balanced sensitivity scenarios, not probability/confidence."
58600d2e5c102c3c5d83,3.0,3.0,4.0,0.7734375,,,,,3.0,2.0,3.0,0.23828125,2.0,2.0,3.0,0.49609375,0.4296875,"Retention is frequency under declared balanced sensitivity scenarios, not probability/confidence."
586190820f75faa13f8b,4.0,3.0,4.0,0.35546875,,,,,4.0,3.0,4.0,0.2421875,4.0,3.0,4.0,0.70703125,0.6640625,"Retention is frequency under declared balanced sensitivity scenarios, not probability/confidence."
5865d7cc290d654ae253,4.0,3.0,4.0,0.375,4.0,3.0,4.0,0.23828125,4.0,3.0,4.0,0.2421875,3.0,2.0,3.0,0.75390625,0.27734375,"Retention is frequency under declared balanced sensitivity scenarios, not probability/confidence."
586663dce088ac6e4573,3.0,2.0,3.0,0.390625,,,,,2.0,1.0,3.0,0.29296875,2.0,2.0,3.0,0.50390625,0.40625,"Retention is frequency under declared balanced sensitivity scenarios, not probability/confidence."
586d8c54acd6259dff97,,,,,,,,,,,,,,,,,0.4921875,"Retention is frequency under declared balanced sensitivity scenarios, not probability/confidence."
5871e86b136fa9a9264f,,,,,,,,,,,,,,,,,1.0,"Retention is frequency under declared balanced sensitivity scenarios, not probability/confidence."
587e3019117b21bfb73f,4.0,3.0,4.0,0.375,4.0,3.0,4.0,0.24609375,4.0,3.0,4.0,0.2421875,3.0,2.0,3.0,0.75390625,0.2734375,"Retention is frequency under declared balanced sensitivity scenarios, not probability/confidence."
5894b2e691d687c11f67,,,,,,,,,2.0,1.0,3.0,0.30859375,4.0,3.0,4.0,0.65234375,0.66796875,"Retention is frequency under declared balanced sensitivity scenarios, not probability/confidence."
58a3308aee58788d5d6e,,,,,,,,,,,,,,,,,1.0,"Retention is frequency under declared balanced sensitivity scenarios, not probability/confidence."
58a64621f93df0e4855a,2.0,1.0,2.0,0.5,,,,,3.0,2.0,3.0,0.22265625,1.0,1.0,2.0,0.43359375,0.3828125,"Retention is frequency under declared balanced sensitivity scenarios, not probability/confidence."
58c8862a2f07c58df8c2,1.0,1.0,2.0,0.5,,,,,2.0,1.0,3.0,0.33984375,1.0,1.0,2.0,0.390625,0.17578125,"Retention is frequency under declared balanced sensitivity scenarios, not probability/confidence."
58def942da68685315ec,3.0,3.0,4.0,0.765625,,,,,3.0,2.0,3.0,0.26171875,2.0,2.0,3.0,0.49609375,0.65234375,"Retention is frequency under declared balanced sensitivity scenarios, not probability/confidence."
58fc6eb2502639f1f2ae,4.0,3.0,4.0,0.375,4.0,3.0,4.0,0.24609375,4.0,3.0,4.0,0.2421875,3.0,2.0,3.0,0.75390625,0.2421875,"Retention is frequency under declared balanced sensitivity scenarios, not probability/confidence."
594f0fe321fcb57501b5,,,,,,,,,,,,,,,,,0.4921875,"Retention is frequency under declared balanced sensitivity scenarios, not probability/confidence."
59602a2c9e7d8a067e89,2.0,2.0,3.0,0.62109375,,,,,3.0,2.0,3.0,0.23046875,2.0,2.0,3.0,0.51953125,0.01953125,"Retention is frequency under declared balanced sensitivity scenarios, not probability/confidence."
596351817ff1ee91948d,4.0,3.0,4.0,0.375,1.0,1.0,2.0,0.2578125,4.0,3.0,4.0,0.52734375,3.0,2.0,3.0,0.75390625,0.47265625,"Retention is frequency under declared balanced sensitivity scenarios, not probability/confidence."
596d3ab152c8b4047d56,3.0,3.0,4.0,0.765625,,,,,3.0,2.0,3.0,0.26171875,2.0,2.0,3.0,0.49609375,0.65234375,"Retention is frequency under declared balanced sensitivity scenarios, not probability/confidence."
59770b36de868a80d566,4.0,3.0,4.0,0.375,1.0,1.0,2.0,0.33203125,4.0,3.0,4.0,0.41015625,3.0,2.0,3.0,0.75390625,0.47265625,"Retention is frequency under declared balanced sensitivity scenarios, not probability/confidence."
597d6eebc6c4a36afb72,4.0,3.0,4.0,0.30859375,1.0,1.0,2.0,0.5,3.0,2.0,4.0,0.33203125,3.0,2.0,3.0,0.51953125,0.75390625,"Retention is frequency under declared balanced sensitivity scenarios, not probability/confidence."
5982198afc6d1085a5de,4.0,3.0,4.0,0.35546875,,,,,4.0,3.0,4.0,0.2421875,4.0,3.0,4.0,0.70703125,0.6640625,"Retention is frequency under declared balanced sensitivity scenarios, not probability/confidence."
5986aaf25336f83396cb,2.0,2.0,3.0,0.62109375,,,,,3.0,2.0,3.0,0.23046875,2.0,2.0,3.0,0.51953125,0.0390625,"Retention is frequency under declared balanced sensitivity scenarios, not probability/confidence."
59969b99235e8c791b3b,4.0,3.0,4.0,0.35546875,,,,,4.0,3.0,4.0,0.2421875,4.0,3.0,4.0,0.70703125,0.66796875,"Retention is frequency under declared balanced sensitivity scenarios, not probability/confidence."
59c31111f6d128e111d0,4.0,3.0,4.0,0.35546875,,,,,4.0,3.0,4.0,0.2421875,4.0,3.0,4.0,0.70703125,0.6640625,"Retention is frequency under declared balanced sensitivity scenarios, not probability/confidence."
59d57ff3067de78e73b8,4.0,3.0,4.0,0.35546875,,,,,4.0,3.0,4.0,0.2421875,4.0,3.0,4.0,0.70703125,0.6640625,"Retention is frequency under declared balanced sensitivity scenarios, not probability/confidence."
59e97ad3b8618c0f01ee,,,,,,,,,,,,,,,,,0.4921875,"Retention is frequency under declared balanced sensitivity scenarios, not probability/confidence."
59ecd8f2ee98131c6ef4,2.0,1.0,2.0,0.5,,,,,3.0,2.0,3.0,0.22265625,1.0,1.0,2.0,0.35546875,0.25390625,"Retention is frequency under declared balanced sensitivity scenarios, not probability/confidence."
59ed75c4ce6f0484b322,4.0,3.0,4.0,0.30859375,1.0,1.0,2.0,0.5,3.0,2.0,4.0,0.33203125,3.0,2.0,3.0,0.51953125,0.5078125,"Retention is frequency under declared balanced sensitivity scenarios, not probability/confidence."
59f45ae32b4192ab4b09,,,,,,,,,2.0,1.0,3.0,0.30859375,4.0,3.0,4.0,0.65234375,0.66796875,"Retention is frequency under declared balanced sensitivity scenarios, not probability/confidence."
59f508c1a6973697f490,4.0,3.0,4.0,0.375,4.0,3.0,4.0,0.24609375,4.0,3.0,4.0,0.2421875,3.0,2.0,3.0,0.75390625,0.2421875,"Retention is frequency under declared balanced sensitivity scenarios, not probability/confidence."
5a08ac614a684f79c086,,,,,,,,,,,,,,,,,1.0,"Retention is frequency under declared balanced sensitivity scenarios, not probability/confidence."
5a0baf7c14ba446a2fd4,,,,,,,,,,,,,,,,,1.0,"Retention is frequency under declared balanced sensitivity scenarios, not probability/confidence."
5a1c8db63bf89b90663f,2.0,2.0,3.0,0.62109375,,,,,3.0,2.0,3.0,0.23046875,2.0,2.0,3.0,0.51953125,0.0390625,"Retention is frequency under declared balanced sensitivity scenarios, not probability/confidence."
5a3f08a25860d71d27bd,4.0,3.0,4.0,0.30859375,3.0,2.0,3.0,0.5,3.0,2.0,4.0,0.33203125,3.0,2.0,3.0,0.51953125,0.66796875,"Retention is frequency under declared balanced sensitivity scenarios, not probability/confidence."
5a51d4559fc6bef2932e,,,,,,,,,,,,,,,,,1.0,"Retention is frequency under declared balanced sensitivity scenarios, not probability/confidence."
5a5e15ad04899791e111,,,,,,,,,,,,,,,,,1.0,"Retention is frequency under declared balanced sensitivity scenarios, not probability/confidence."
5a924fa5e6615d1e158c,4.0,3.0,4.0,0.375,1.0,1.0,2.0,0.33203125,4.0,3.0,4.0,0.41015625,3.0,2.0,3.0,0.75390625,0.47265625,"Retention is frequency under declared balanced sensitivity scenarios, not probability/confidence."
5ac8ee44bc8c6b8fed08,4.0,3.0,4.0,0.30859375,3.0,2.0,3.0,0.5,3.0,2.0,4.0,0.33203125,3.0,2.0,3.0,0.51953125,0.66796875,"Retention is frequency under declared balanced sensitivity scenarios, not probability/confidence."
5ad3d03579ba3d91b883,4.0,3.0,4.0,0.35546875,,,,,4.0,3.0,4.0,0.2421875,4.0,3.0,4.0,0.70703125,0.66796875,"Retention is frequency under declared balanced sensitivity scenarios, not probability/confidence."
5af16b10f84c8e8397eb,3.0,3.0,4.0,0.7734375,,,,,3.0,2.0,3.0,0.23828125,2.0,2.0,3.0,0.49609375,0.625,"Retention is frequency under declared balanced sensitivity scenarios, not probability/confidence."
5b2febfe224f0f6a548e,,,,,,,,,2.0,1.0,3.0,0.30859375,4.0,3.0,4.0,0.65234375,0.6640625,"Retention is frequency under declared balanced sensitivity scenarios, not probability/confidence."
5b31b436ffa59b5df60f,2.0,2.0,3.0,0.62890625,,,,,2.0,1.0,2.0,0.24609375,4.0,4.0,4.0,1.0,0.44921875,"Retention is frequency under declared balanced sensitivity scenarios, not probability/confidence."
5b448b82008d8e6ea241,4.0,3.0,4.0,0.35546875,,,,,4.0,3.0,4.0,0.2421875,4.0,3.0,4.0,0.70703125,0.66796875,"Retention is frequency under declared balanced sensitivity scenarios, not probability/confidence."
5b586fc7a35be1e6f50a,2.0,1.0,2.0,0.5,,,,,3.0,2.0,3.0,0.22265625,1.0,1.0,2.0,0.43359375,0.25390625,"Retention is frequency under declared balanced sensitivity scenarios, not probability/confidence."
5b6a72f81f1e3a15d91c,2.0,1.0,2.0,0.5,,,,,3.0,2.0,3.0,0.26171875,2.0,1.0,2.0,0.73046875,0.046875,"Retention is frequency under declared balanced sensitivity scenarios, not probability/confidence."
5b74ff15057c23358702,,,,,,,,,,,,,,,,,1.0,"Retention is frequency under declared balanced sensitivity scenarios, not probability/confidence."
5b7639db15b0b5b38a34,4.0,3.0,4.0,0.30859375,3.0,2.0,3.0,0.5,3.0,2.0,4.0,0.33203125,3.0,2.0,3.0,0.51953125,0.66796875,"Retention is frequency under declared balanced sensitivity scenarios, not probability/confidence."
5b770ea4b46374730015,,,,,,,,,,,,,,,,,1.0,"Retention is frequency under declared balanced sensitivity scenarios, not probability/confidence."
5b7aff7c12d604c7d808,3.0,3.0,4.0,0.7734375,,,,,3.0,2.0,3.0,0.23828125,2.0,2.0,3.0,0.49609375,0.625,"Retention is frequency under declared balanced sensitivity scenarios, not probability/confidence."
5b7b7b86b792ced38ba8,2.0,2.0,3.0,0.6328125,,,,,2.0,1.0,3.0,0.50390625,3.0,2.0,3.0,0.53125,0.01953125,"Retention is frequency under declared balanced sensitivity scenarios, not probability/confidence."
5b8ab9c82ae99c4dd834,2.0,2.0,3.0,0.62109375,,,,,3.0,2.0,3.0,0.23046875,2.0,2.0,3.0,0.51953125,0.0390625,"Retention is frequency under declared balanced sensitivity scenarios, not probability/confidence."
5b93523e61b42d401609,2.0,2.0,3.0,0.62890625,,,,,2.0,1.0,2.0,0.24609375,4.0,4.0,4.0,1.0,0.44921875,"Retention is frequency under declared balanced sensitivity scenarios, not probability/confidence."
5ba395bac68cb0603025,2.0,2.0,3.0,0.62890625,,,,,2.0,1.0,2.0,0.24609375,4.0,4.0,4.0,1.0,0.44921875,"Retention is frequency under declared balanced sensitivity scenarios, not probability/confidence."
5bb7f99fed424cbeb9ae,,,,,,,,,2.0,1.0,3.0,0.30859375,4.0,3.0,4.0,0.65234375,0.6640625,"Retention is frequency under declared balanced sensitivity scenarios, not probability/confidence."
5bf6a288e42dc84e5563,4.0,3.0,4.0,0.296875,,,,,4.0,3.0,4.0,0.2421875,4.0,3.0,4.0,0.70703125,0.84765625,"Retention is frequency under declared balanced sensitivity scenarios, not probability/confidence."
5bfa290e6295bd1a48da,2.0,2.0,3.0,0.6328125,,,,,2.0,1.0,3.0,0.50390625,3.0,2.0,3.0,0.53125,0.46875,"Retention is frequency under declared balanced sensitivity scenarios, not probability/confidence."
5bfbdfae43a5351284f2,2.0,2.0,3.0,0.6328125,,,,,2.0,1.0,3.0,0.50390625,3.0,2.0,3.0,0.53125,0.01953125,"Retention is frequency under declared balanced sensitivity scenarios, not probability/confidence."
5c2bda2d77e4e8600055,3.0,2.0,3.0,0.390625,,,,,2.0,1.0,3.0,0.29296875,2.0,2.0,3.0,0.50390625,0.6484375,"Retention is frequency under declared balanced sensitivity scenarios, not probability/confidence."
5c3201b44c4667151094,2.0,2.0,3.0,0.62109375,,,,,3.0,2.0,3.0,0.23046875,2.0,2.0,3.0,0.51953125,0.01953125,"Retention is frequency under declared balanced sensitivity scenarios, not probability/confidence."
5c344c0ae59a4bc9d9b1,3.0,3.0,4.0,0.765625,,,,,3.0,2.0,3.0,0.26171875,2.0,2.0,3.0,0.49609375,0.65234375,"Retention is frequency under declared balanced sensitivity scenarios, not probability/confidence."
5c62ab42e0664ebc4af5,1.0,1.0,2.0,0.5,,,,,2.0,1.0,3.0,0.33984375,1.0,1.0,2.0,0.390625,0.17578125,"Retention is frequency under declared balanced sensitivity scenarios, not probability/confidence."
5c6b496cb82fe8dba3e3,4.0,3.0,4.0,0.35546875,,,,,4.0,3.0,4.0,0.2421875,4.0,3.0,4.0,0.70703125,0.66796875,"Retention is frequency under declared balanced sensitivity scenarios, not probability/confidence."
5c7b534cac1b04af5c18,2.0,1.0,2.0,0.5,,,,,3.0,2.0,3.0,0.26171875,2.0,1.0,2.0,0.73046875,0.046875,"Retention is frequency under declared balanced sensitivity scenarios, not probability/confidence."
5c942d0dae2924b868a4,4.0,3.0,4.0,0.30859375,1.0,1.0,2.0,0.5,3.0,2.0,4.0,0.33203125,3.0,2.0,3.0,0.51953125,0.75390625,"Retention is frequency under declared balanced sensitivity scenarios, not probability/confidence."
5ca54f76332961413fd0,4.0,3.0,4.0,0.375,4.0,3.0,4.0,0.24609375,4.0,3.0,4.0,0.2421875,3.0,2.0,3.0,0.75390625,0.2421875,"Retention is frequency under declared balanced sensitivity scenarios, not probability/confidence."
5caa7f65909beb4d086c,4.0,3.0,4.0,0.35546875,,,,,4.0,3.0,4.0,0.2421875,4.0,3.0,4.0,0.70703125,0.66796875,"Retention is frequency under declared balanced sensitivity scenarios, not probability/confidence."
5cb335183f407b86d28c,1.0,1.0,2.0,0.5,,,,,2.0,1.0,3.0,0.32421875,1.0,1.0,2.0,0.41015625,0.1640625,"Retention is frequency under declared balanced sensitivity scenarios, not probability/confidence."
5ccb89089d6bc39217fe,,,,,,,,,,,,,,,,,0.5,"Retention is frequency under declared balanced sensitivity scenarios, not probability/confidence."
5cd93052ad5ebf1e6669,2.0,2.0,3.0,0.62109375,,,,,3.0,2.0,3.0,0.23046875,2.0,2.0,3.0,0.51953125,0.01953125,"Retention is frequency under declared balanced sensitivity scenarios, not probability/confidence."
5cf3c6fbfa4ccfe37ea1,1.0,1.0,2.0,0.5,,,,,2.0,1.0,3.0,0.33984375,1.0,1.0,2.0,0.390625,0.17578125,"Retention is frequency under declared balanced sensitivity scenarios, not probability/confidence."
5d03cc573004c952ed34,2.0,1.0,2.0,0.5,,,,,3.0,2.0,3.0,0.26171875,2.0,1.0,2.0,0.73046875,0.1640625,"Retention is frequency under declared balanced sensitivity scenarios, not probability/confidence."
5d1887266438c70e9491,1.0,1.0,2.0,0.5,,,,,2.0,1.0,3.0,0.33984375,1.0,1.0,2.0,0.390625,0.17578125,"Retention is frequency under declared balanced sensitivity scenarios, not probability/confidence."
5d1c87cd605e3a1102a2,2.0,2.0,3.0,0.6328125,1.0,1.0,2.0,0.5,2.0,1.0,3.0,0.50390625,3.0,2.0,3.0,0.53125,0.4765625,"Retention is frequency under declared balanced sensitivity scenarios, not probability/confidence."
5d2073c9ad7952dc30f2,2.0,2.0,3.0,0.6328125,,,,,2.0,1.0,3.0,0.50390625,3.0,2.0,3.0,0.53125,0.01953125,"Retention is frequency under declared balanced sensitivity scenarios, not probability/confidence."
5d2eb6fb49666562fd45,,,,,,,,,,,,,,,,,1.0,"Retention is frequency under declared balanced sensitivity scenarios, not probability/confidence."
5d5af3ee50a791481b09,1.0,1.0,2.0,0.5,,,,,2.0,1.0,3.0,0.33984375,1.0,1.0,2.0,0.390625,0.17578125,"Retention is frequency under declared balanced sensitivity scenarios, not probability/confidence."
5d5c98fcabe085abb665,4.0,3.0,4.0,0.30859375,1.0,1.0,2.0,0.5,3.0,2.0,4.0,0.33203125,3.0,2.0,3.0,0.51953125,0.75390625,"Retention is frequency under declared balanced sensitivity scenarios, not probability/confidence."
5d950a965b6d1200597b,,,,,,,,,2.0,1.0,3.0,0.30859375,4.0,3.0,4.0,0.65234375,0.66796875,"Retention is frequency under declared balanced sensitivity scenarios, not probability/confidence."
5d9a6841f026e071b5f2,,,,,,,,,,,,,,,,,1.0,"Retention is frequency under declared balanced sensitivity scenarios, not probability/confidence."
5da1e0818a5110ac3db4,2.0,1.0,2.0,0.5,,,,,3.0,2.0,3.0,0.22265625,1.0,1.0,2.0,0.43359375,0.3828125,"Retention is frequency under declared balanced sensitivity scenarios, not probability/confidence."
5da49b97dea754088643,,,,,,,,,2.0,1.0,3.0,0.30859375,4.0,3.0,4.0,0.65234375,0.66796875,"Retention is frequency under declared balanced sensitivity scenarios, not probability/confidence."
5da536b69413b2c37820,4.0,3.0,4.0,0.296875,,,,,4.0,3.0,4.0,0.2421875,4.0,3.0,4.0,0.70703125,0.50390625,"Retention is frequency under declared balanced sensitivity scenarios, not probability/confidence."
5db53473b864f2538230,4.0,3.0,4.0,0.30859375,3.0,2.0,3.0,0.5,3.0,2.0,4.0,0.33203125,3.0,2.0,3.0,0.51953125,0.66796875,"Retention is frequency under declared balanced sensitivity scenarios, not probability/confidence."
5db6c46c6bde5c163a10,3.0,2.0,3.0,0.390625,,,,,2.0,1.0,3.0,0.29296875,2.0,2.0,3.0,0.50390625,0.6484375,"Retention is frequency under declared balanced sensitivity scenarios, not probability/confidence."
5db7e770c2f83a293d39,2.0,2.0,3.0,0.62890625,,,,,2.0,1.0,2.0,0.24609375,4.0,4.0,4.0,1.0,0.44921875,"Retention is frequency under declared balanced sensitivity scenarios, not probability/confidence."
5dc5ff37c60531f5c324,1.0,1.0,2.0,0.5,,,,,2.0,1.0,3.0,0.32421875,1.0,1.0,2.0,0.41015625,0.1640625,"Retention is frequency under declared balanced sensitivity scenarios, not probability/confidence."
5dc87d5bec77a21afac2,2.0,2.0,3.0,0.6328125,,,,,2.0,1.0,3.0,0.50390625,3.0,2.0,3.0,0.53125,0.01953125,"Retention is frequency under declared balanced sensitivity scenarios, not probability/confidence."
5dcbc1d065ca06802926,2.0,2.0,3.0,0.6328125,1.0,1.0,2.0,0.5,2.0,1.0,3.0,0.50390625,3.0,2.0,3.0,0.53125,0.4765625,"Retention is frequency under declared balanced sensitivity scenarios, not probability/confidence."
5df15dc0cd00978a2f89,2.0,2.0,3.0,0.62109375,,,,,3.0,2.0,3.0,0.23046875,2.0,2.0,3.0,0.51953125,0.01953125,"Retention is frequency under declared balanced sensitivity scenarios, not probability/confidence."
5df9b7b0bcf72436809f,2.0,1.0,2.0,0.5,,,,,3.0,2.0,3.0,0.26171875,2.0,1.0,2.0,0.73046875,0.1640625,"Retention is frequency under declared balanced sensitivity scenarios, not probability/confidence."
5dfc8efd7fe50c85e1c4,4.0,3.0,4.0,0.375,1.0,1.0,2.0,0.33203125,4.0,3.0,4.0,0.41015625,3.0,2.0,3.0,0.75390625,0.47265625,"Retention is frequency under declared balanced sensitivity scenarios, not probability/confidence."
5e09986de1bd9faf6674,1.0,1.0,2.0,0.5,,,,,2.0,1.0,3.0,0.32421875,1.0,1.0,2.0,0.41015625,0.08203125,"Retention is frequency under declared balanced sensitivity scenarios, not probability/confidence."
5e0c458722d40b489ee9,,,,,,,,,,,,,,,,,1.0,"Retention is frequency under declared balanced sensitivity scenarios, not probability/confidence."
5e0cb5c6d1847949cafc,1.0,1.0,2.0,0.5,,,,,2.0,1.0,3.0,0.32421875,1.0,1.0,2.0,0.41015625,0.1640625,"Retention is frequency under declared balanced sensitivity scenarios, not probability/confidence."
5e1304245f9f224720ce,1.0,1.0,2.0,0.5,,,,,2.0,1.0,3.0,0.33984375,1.0,1.0,2.0,0.390625,0.17578125,"Retention is frequency under declared balanced sensitivity scenarios, not probability/confidence."
5e1da1868ba2bb659ea7,,,,,,,,,2.0,1.0,3.0,0.30859375,4.0,3.0,4.0,0.65234375,0.66796875,"Retention is frequency under declared balanced sensitivity scenarios, not probability/confidence."
5e4b4ce36c4e39035f5d,1.0,1.0,2.0,0.5,,,,,2.0,1.0,3.0,0.32421875,1.0,1.0,2.0,0.41015625,0.1640625,"Retention is frequency under declared balanced sensitivity scenarios, not probability/confidence."
5e4bdb44aab4dca00cec,3.0,3.0,4.0,0.7734375,,,,,3.0,2.0,3.0,0.23828125,2.0,2.0,3.0,0.49609375,0.4296875,"Retention is frequency under declared balanced sensitivity scenarios, not probability/confidence."
5e62177c923190ccce7e,4.0,3.0,4.0,0.35546875,,,,,4.0,3.0,4.0,0.2421875,4.0,3.0,4.0,0.70703125,0.66796875,"Retention is frequency under declared balanced sensitivity scenarios, not probability/confidence."
5e658cda669801bf82a2,1.0,1.0,2.0,0.5,,,,,2.0,1.0,3.0,0.33984375,1.0,1.0,2.0,0.390625,0.17578125,"Retention is frequency under declared balanced sensitivity scenarios, not probability/confidence."
5e6cfc51e86681139c71,,,,,,,,,,,,,,,,,0.5,"Retention is frequency under declared balanced sensitivity scenarios, not probability/confidence."
5e747823d9c7673e899f,2.0,1.0,2.0,0.5,,,,,3.0,2.0,3.0,0.22265625,1.0,1.0,2.0,0.43359375,0.25390625,"Retention is frequency under declared balanced sensitivity scenarios, not probability/confidence."
5e9e0511bb3e3a2590d8,,,,,,,,,,,,,,,,,0.4921875,"Retention is frequency under declared balanced sensitivity scenarios, not probability/confidence."
5eaea8e70388af3e23a8,3.0,3.0,4.0,0.765625,,,,,3.0,2.0,3.0,0.26171875,2.0,2.0,3.0,0.49609375,0.65234375,"Retention is frequency under declared balanced sensitivity scenarios, not probability/confidence."
5ee72fa31658164a4f7b,1.0,1.0,2.0,0.5,,,,,2.0,1.0,3.0,0.33984375,1.0,1.0,2.0,0.390625,0.17578125,"Retention is frequency under declared balanced sensitivity scenarios, not probability/confidence."
5eee509357e8f659083c,3.0,2.0,3.0,0.390625,,,,,2.0,1.0,3.0,0.29296875,2.0,2.0,3.0,0.50390625,0.6484375,"Retention is frequency under declared balanced sensitivity scenarios, not probability/confidence."
5efcf05c1d50f242cd6f,3.0,3.0,4.0,0.765625,,,,,3.0,2.0,3.0,0.26171875,2.0,2.0,3.0,0.49609375,0.4140625,"Retention is frequency under declared balanced sensitivity scenarios, not probability/confidence."
5f02e8d44b30d29a9be6,2.0,2.0,3.0,0.62890625,,,,,2.0,1.0,2.0,0.24609375,4.0,4.0,4.0,1.0,0.44921875,"Retention is frequency under declared balanced sensitivity scenarios, not probability/confidence."
5f1808324f01155a1c90,,,,,,,,,,,,,,,,,1.0,"Retention is frequency under declared balanced sensitivity scenarios, not probability/confidence."
5f2c0608c2b3d7511c2d,4.0,3.0,4.0,0.375,4.0,3.0,4.0,0.24609375,4.0,3.0,4.0,0.2421875,3.0,2.0,3.0,0.75390625,0.1953125,"Retention is frequency under declared balanced sensitivity scenarios, not probability/confidence."
5f52a2e0eae3d43547e1,2.0,2.0,3.0,0.6328125,,,,,2.0,1.0,3.0,0.50390625,3.0,2.0,3.0,0.53125,0.01953125,"Retention is frequency under declared balanced sensitivity scenarios, not probability/confidence."
5f543d2e244ef16b8c7e,3.0,3.0,4.0,0.765625,,,,,3.0,2.0,3.0,0.26171875,2.0,2.0,3.0,0.49609375,0.65234375,"Retention is frequency under declared balanced sensitivity scenarios, not probability/confidence."
5f8bf759e9b5d61c7d42,2.0,2.0,3.0,0.62890625,,,,,2.0,1.0,2.0,0.24609375,4.0,4.0,4.0,1.0,0.44921875,"Retention is frequency under declared balanced sensitivity scenarios, not probability/confidence."
5f8f212e7bb1666e4dc1,4.0,3.0,4.0,0.35546875,,,,,4.0,3.0,4.0,0.2421875,4.0,3.0,4.0,0.70703125,0.66796875,"Retention is frequency under declared balanced sensitivity scenarios, not probability/confidence."
5fb40531bf424f0d6cca,2.0,1.0,2.0,0.5,,,,,3.0,2.0,3.0,0.26171875,2.0,1.0,2.0,0.73046875,0.046875,"Retention is frequency under declared balanced sensitivity scenarios, not probability/confidence."
5fbd8ffbbf36390c022a,1.0,1.0,2.0,0.5,,,,,2.0,1.0,3.0,0.33984375,1.0,1.0,2.0,0.390625,0.07421875,"Retention is frequency under declared balanced sensitivity scenarios, not probability/confidence."
5fc9faf729056e70c5ea,,,,,,,,,,,,,,,,,1.0,"Retention is frequency under declared balanced sensitivity scenarios, not probability/confidence."
5fd3d358f2073de7d5e2,2.0,2.0,3.0,0.62890625,,,,,2.0,1.0,2.0,0.24609375,4.0,4.0,4.0,1.0,0.44921875,"Retention is frequency under declared balanced sensitivity scenarios, not probability/confidence."
5fe1c9ea4ef8a88d05ce,4.0,3.0,4.0,0.35546875,,,,,4.0,3.0,4.0,0.2421875,4.0,3.0,4.0,0.70703125,0.66796875,"Retention is frequency under declared balanced sensitivity scenarios, not probability/confidence."
5ff85b34096e9c6c5ace,3.0,3.0,4.0,0.765625,,,,,3.0,2.0,3.0,0.26171875,2.0,2.0,3.0,0.49609375,0.65234375,"Retention is frequency under declared balanced sensitivity scenarios, not probability/confidence."
601a1cfbf7d8d938c8b0,2.0,1.0,2.0,0.5,,,,,3.0,2.0,3.0,0.26171875,2.0,1.0,2.0,0.73046875,0.1640625,"Retention is frequency under declared balanced sensitivity scenarios, not probability/confidence."
607913eeac3231f2bfe9,2.0,2.0,3.0,0.6328125,,,,,2.0,1.0,3.0,0.50390625,3.0,2.0,3.0,0.53125,0.46875,"Retention is frequency under declared balanced sensitivity scenarios, not probability/confidence."
608101a8959bfe91a507,3.0,2.0,3.0,0.390625,,,,,2.0,1.0,3.0,0.29296875,2.0,2.0,3.0,0.50390625,0.6484375,"Retention is frequency under declared balanced sensitivity scenarios, not probability/confidence."
60905d7d62f8290a95f6,2.0,1.0,2.0,0.5,,,,,3.0,2.0,3.0,0.22265625,1.0,1.0,2.0,0.43359375,0.25390625,"Retention is frequency under declared balanced sensitivity scenarios, not probability/confidence."
60ae5e8826dc8216f134,3.0,2.0,3.0,0.390625,,,,,2.0,1.0,3.0,0.29296875,2.0,2.0,3.0,0.50390625,0.6484375,"Retention is frequency under declared balanced sensitivity scenarios, not probability/confidence."
60c20006e8bbceb7e9ae,,,,,,,,,,,,,,,,,1.0,"Retention is frequency under declared balanced sensitivity scenarios, not probability/confidence."
61019bcfaab154c2e7e9,4.0,3.0,4.0,0.30859375,3.0,2.0,3.0,0.5,3.0,2.0,4.0,0.33203125,3.0,2.0,3.0,0.51953125,0.66796875,"Retention is frequency under declared balanced sensitivity scenarios, not probability/confidence."
6101dfb20277f0f377e2,2.0,2.0,3.0,0.6328125,,,,,2.0,1.0,3.0,0.50390625,3.0,2.0,3.0,0.53125,0.01953125,"Retention is frequency under declared balanced sensitivity scenarios, not probability/confidence."
610b99192f793a0431a2,,,,,,,,,,,,,,,,,1.0,"Retention is frequency under declared balanced sensitivity scenarios, not probability/confidence."
6114c31cd1fa05da83f8,3.0,3.0,4.0,0.765625,,,,,3.0,2.0,3.0,0.26171875,2.0,2.0,3.0,0.49609375,0.65234375,"Retention is frequency under declared balanced sensitivity scenarios, not probability/confidence."
6123d7271c68449a2904,1.0,1.0,2.0,0.5,,,,,2.0,1.0,3.0,0.32421875,1.0,1.0,2.0,0.41015625,0.1640625,"Retention is frequency under declared balanced sensitivity scenarios, not probability/confidence."
612619a3ff112f7aea4a,4.0,3.0,4.0,0.30859375,3.0,2.0,3.0,0.5,3.0,2.0,4.0,0.33203125,3.0,2.0,3.0,0.51953125,0.43359375,"Retention is frequency under declared balanced sensitivity scenarios, not probability/confidence."
6142d95e95616002ae4e,,,,,,,,,,,,,,,,,1.0,"Retention is frequency under declared balanced sensitivity scenarios, not probability/confidence."
61430f838dfe79a4f1f5,1.0,1.0,2.0,0.5,,,,,2.0,1.0,3.0,0.33984375,1.0,1.0,2.0,0.390625,0.17578125,"Retention is frequency under declared balanced sensitivity scenarios, not probability/confidence."
6147b332ecdaa821fc66,3.0,3.0,4.0,0.765625,,,,,3.0,2.0,3.0,0.26171875,2.0,2.0,3.0,0.49609375,0.65234375,"Retention is frequency under declared balanced sensitivity scenarios, not probability/confidence."
614c8f8d8916679a418e,4.0,3.0,4.0,0.375,1.0,1.0,2.0,0.33203125,4.0,3.0,4.0,0.41015625,3.0,2.0,3.0,0.75390625,0.47265625,"Retention is frequency under declared balanced sensitivity scenarios, not probability/confidence."
616e6126b196e78afc2a,1.0,1.0,2.0,0.5,,,,,2.0,1.0,3.0,0.33984375,1.0,1.0,2.0,0.390625,0.07421875,"Retention is frequency under declared balanced sensitivity scenarios, not probability/confidence."
616eaa18bbacbb061c62,,,,,,,,,2.0,1.0,3.0,0.30859375,4.0,3.0,4.0,0.65234375,0.66796875,"Retention is frequency under declared balanced sensitivity scenarios, not probability/confidence."
6180a7906ba745a2ac5d,3.0,3.0,4.0,0.7734375,,,,,3.0,2.0,3.0,0.23828125,2.0,2.0,3.0,0.49609375,0.4296875,"Retention is frequency under declared balanced sensitivity scenarios, not probability/confidence."
619f98ce887ba87d2a01,4.0,3.0,4.0,0.375,4.0,3.0,4.0,0.24609375,4.0,3.0,4.0,0.2421875,3.0,2.0,3.0,0.75390625,0.2734375,"Retention is frequency under declared balanced sensitivity scenarios, not probability/confidence."
61a79a507b47a4105ea5,,,,,,,,,,,,,,,,,0.4921875,"Retention is frequency under declared balanced sensitivity scenarios, not probability/confidence."
61a8e405dbf16a138ab1,,,,,,,,,,,,,,,,,1.0,"Retention is frequency under declared balanced sensitivity scenarios, not probability/confidence."
61e93e3ff59091d652e9,3.0,3.0,4.0,0.765625,,,,,3.0,2.0,3.0,0.26171875,2.0,2.0,3.0,0.49609375,0.65234375,"Retention is frequency under declared balanced sensitivity scenarios, not probability/confidence."
61eaa8b59a9088235009,,,,,,,,,2.0,1.0,3.0,0.30859375,4.0,3.0,4.0,0.65234375,0.66796875,"Retention is frequency under declared balanced sensitivity scenarios, not probability/confidence."
61f2d3ab8d44b1f8fc62,4.0,3.0,4.0,0.30859375,3.0,2.0,3.0,0.5,3.0,2.0,4.0,0.33203125,3.0,2.0,3.0,0.51953125,0.66796875,"Retention is frequency under declared balanced sensitivity scenarios, not probability/confidence."
6200246ac836cab725e4,2.0,2.0,3.0,0.62109375,,,,,3.0,2.0,3.0,0.23046875,2.0,2.0,3.0,0.51953125,0.01953125,"Retention is frequency under declared balanced sensitivity scenarios, not probability/confidence."
6219f9f52593eb06202f,,,,,,,,,,,,,,,,,0.5,"Retention is frequency under declared balanced sensitivity scenarios, not probability/confidence."
6232d669f290628b4055,3.0,2.0,3.0,0.390625,,,,,2.0,1.0,3.0,0.29296875,2.0,2.0,3.0,0.50390625,0.6484375,"Retention is frequency under declared balanced sensitivity scenarios, not probability/confidence."
6237670f655f529b98d7,,,,,,,,,,,,,,,,,0.4921875,"Retention is frequency under declared balanced sensitivity scenarios, not probability/confidence."
6270900c1e0b5fca9dec,,,,,,,,,,,,,,,,,1.0,"Retention is frequency under declared balanced sensitivity scenarios, not probability/confidence."
6271f496966ef3b4a26e,4.0,3.0,4.0,0.35546875,,,,,4.0,3.0,4.0,0.2421875,4.0,3.0,4.0,0.70703125,0.66796875,"Retention is frequency under declared balanced sensitivity scenarios, not probability/confidence."
628ce6c7b3db1d46c5ea,,,,,,,,,,,,,,,,,1.0,"Retention is frequency under declared balanced sensitivity scenarios, not probability/confidence."
6298646c3d77487c5bcd,,,,,,,,,,,,,,,,,1.0,"Retention is frequency under declared balanced sensitivity scenarios, not probability/confidence."
6299a750fa5934d74cb9,4.0,3.0,4.0,0.5,,,,,4.0,3.0,4.0,0.5,4.0,3.0,4.0,0.70703125,0.6640625,"Retention is frequency under declared balanced sensitivity scenarios, not probability/confidence."
629d1a59f67b1c8f0d36,2.0,2.0,3.0,0.6328125,,,,,2.0,1.0,3.0,0.50390625,3.0,2.0,3.0,0.53125,0.01953125,"Retention is frequency under declared balanced sensitivity scenarios, not probability/confidence."
62bf888fe5fd9d61b087,3.0,2.0,3.0,0.390625,,,,,2.0,1.0,3.0,0.29296875,2.0,2.0,3.0,0.50390625,0.6484375,"Retention is frequency under declared balanced sensitivity scenarios, not probability/confidence."
62e20923c8f5250674b4,,,,,,,,,2.0,1.0,3.0,0.30859375,4.0,3.0,4.0,0.65234375,0.66796875,"Retention is frequency under declared balanced sensitivity scenarios, not probability/confidence."
62ef8390a29d246908be,2.0,2.0,3.0,0.6328125,,,,,2.0,1.0,3.0,0.50390625,3.0,2.0,3.0,0.53125,0.01953125,"Retention is frequency under declared balanced sensitivity scenarios, not probability/confidence."
62f32ceb902ff7049ef6,4.0,3.0,4.0,0.375,4.0,3.0,4.0,0.24609375,4.0,3.0,4.0,0.2421875,3.0,2.0,3.0,0.75390625,0.1953125,"Retention is frequency under declared balanced sensitivity scenarios, not probability/confidence."
632833524e4e182949ab,,,,,,,,,,,,,,,,,0.34765625,"Retention is frequency under declared balanced sensitivity scenarios, not probability/confidence."
6336c08780cca57bff6f,,,,,,,,,,,,,,,,,1.0,"Retention is frequency under declared balanced sensitivity scenarios, not probability/confidence."
634486687b1ec2cee50f,3.0,3.0,4.0,0.765625,,,,,3.0,2.0,3.0,0.26171875,2.0,2.0,3.0,0.49609375,0.65234375,"Retention is frequency under declared balanced sensitivity scenarios, not probability/confidence."
6349453a5ac8bd323417,3.0,3.0,4.0,0.7734375,,,,,3.0,2.0,3.0,0.23828125,2.0,2.0,3.0,0.49609375,0.4296875,"Retention is frequency under declared balanced sensitivity scenarios, not probability/confidence."
6350eac3492ddbc59e93,2.0,2.0,3.0,0.6328125,1.0,1.0,2.0,0.5,2.0,1.0,3.0,0.50390625,3.0,2.0,3.0,0.53125,0.4765625,"Retention is frequency under declared balanced sensitivity scenarios, not probability/confidence."
6352346f609f9d7fdf3f,4.0,3.0,4.0,0.30859375,3.0,2.0,3.0,0.5,3.0,2.0,4.0,0.33203125,3.0,2.0,3.0,0.51953125,0.43359375,"Retention is frequency under declared balanced sensitivity scenarios, not probability/confidence."
6378395e9828ce5dcce2,4.0,3.0,4.0,0.30859375,3.0,2.0,3.0,0.5,3.0,2.0,4.0,0.33203125,3.0,2.0,3.0,0.51953125,0.66796875,"Retention is frequency under declared balanced sensitivity scenarios, not probability/confidence."
638f6538e1f28df08bc6,4.0,3.0,4.0,0.35546875,,,,,4.0,3.0,4.0,0.2421875,4.0,3.0,4.0,0.70703125,1.0,"Retention is frequency under declared balanced sensitivity scenarios, not probability/confidence."
63ab5fa2b236dfdff7a3,2.0,2.0,3.0,0.62109375,,,,,3.0,2.0,3.0,0.23046875,2.0,2.0,3.0,0.51953125,0.0390625,"Retention is frequency under declared balanced sensitivity scenarios, not probability/confidence."
63b91a49b2567e70531f,2.0,2.0,3.0,0.62109375,,,,,3.0,2.0,3.0,0.23046875,2.0,2.0,3.0,0.51953125,0.0390625,"Retention is frequency under declared balanced sensitivity scenarios, not probability/confidence."
63bd76d1f41115fd854e,1.0,1.0,2.0,0.5,,,,,2.0,1.0,3.0,0.33984375,1.0,1.0,2.0,0.390625,0.17578125,"Retention is frequency under declared balanced sensitivity scenarios, not probability/confidence."
63ca2775304e63f159ea,4.0,3.0,4.0,0.30859375,1.0,1.0,2.0,0.5,3.0,2.0,4.0,0.33203125,3.0,2.0,3.0,0.51953125,0.75390625,"Retention is frequency under declared balanced sensitivity scenarios, not probability/confidence."
63d0b8e544f3506f9026,2.0,2.0,3.0,0.62890625,,,,,2.0,1.0,2.0,0.24609375,4.0,4.0,4.0,1.0,0.44140625,"Retention is frequency under declared balanced sensitivity scenarios, not probability/confidence."
63e5417fa6566c72f5b6,,,,,,,,,,,,,,,,,1.0,"Retention is frequency under declared balanced sensitivity scenarios, not probability/confidence."
63eb919aa608973eba5a,1.0,1.0,2.0,0.5,,,,,2.0,1.0,3.0,0.32421875,1.0,1.0,2.0,0.41015625,0.1640625,"Retention is frequency under declared balanced sensitivity scenarios, not probability/confidence."
64037b6333b3bf3f24bc,,,,,,,,,2.0,1.0,3.0,0.30859375,4.0,3.0,4.0,0.65234375,0.66796875,"Retention is frequency under declared balanced sensitivity scenarios, not probability/confidence."
6408abc360a8ff1c88de,,,,,,,,,,,,,,,,,0.4921875,"Retention is frequency under declared balanced sensitivity scenarios, not probability/confidence."
642f0d322e05a529fe25,3.0,3.0,4.0,0.7734375,,,,,3.0,2.0,3.0,0.23828125,2.0,2.0,3.0,0.49609375,0.4296875,"Retention is frequency under declared balanced sensitivity scenarios, not probability/confidence."
6437446c60ae6d96bfde,4.0,3.0,4.0,0.35546875,,,,,4.0,3.0,4.0,0.2421875,4.0,3.0,4.0,0.70703125,0.66796875,"Retention is frequency under declared balanced sensitivity scenarios, not probability/confidence."
643a45e618f6639df350,3.0,3.0,4.0,0.7734375,,,,,3.0,2.0,3.0,0.23828125,2.0,2.0,3.0,0.49609375,0.4296875,"Retention is frequency under declared balanced sensitivity scenarios, not probability/confidence."
644385121d830dc8cf26,3.0,2.0,3.0,0.390625,,,,,2.0,1.0,3.0,0.29296875,2.0,2.0,3.0,0.50390625,0.6484375,"Retention is frequency under declared balanced sensitivity scenarios, not probability/confidence."
646b780d97698cad7031,3.0,2.0,3.0,0.390625,,,,,2.0,1.0,3.0,0.29296875,2.0,2.0,3.0,0.50390625,0.6484375,"Retention is frequency under declared balanced sensitivity scenarios, not probability/confidence."
646c09e81336a1f81a9e,4.0,3.0,4.0,0.375,4.0,3.0,4.0,0.24609375,4.0,3.0,4.0,0.2421875,3.0,2.0,3.0,0.75390625,0.2421875,"Retention is frequency under declared balanced sensitivity scenarios, not probability/confidence."
6471a819fe911080177f,,,,,,,,,,,,,,,,,0.53125,"Retention is frequency under declared balanced sensitivity scenarios, not probability/confidence."
64885979826383a878fa,4.0,3.0,4.0,0.296875,,,,,4.0,3.0,4.0,0.2421875,4.0,3.0,4.0,0.70703125,0.50390625,"Retention is frequency under declared balanced sensitivity scenarios, not probability/confidence."
648cb4ae30898ce29894,,,,,,,,,,,,,,,,,1.0,"Retention is frequency under declared balanced sensitivity scenarios, not probability/confidence."
64a5b32c111c78ec0025,4.0,3.0,4.0,0.375,4.0,3.0,4.0,0.23828125,4.0,3.0,4.0,0.2421875,3.0,2.0,3.0,0.75390625,0.2109375,"Retention is frequency under declared balanced sensitivity scenarios, not probability/confidence."
64aaf71ca5c7f2784d97,,,,,,,,,,,,,,,,,1.0,"Retention is frequency under declared balanced sensitivity scenarios, not probability/confidence."
64ada6221278317c6923,2.0,1.0,2.0,0.5,,,,,3.0,2.0,3.0,0.22265625,1.0,1.0,2.0,0.35546875,0.35546875,"Retention is frequency under declared balanced sensitivity scenarios, not probability/confidence."
64b5547f6c049ec56936,4.0,3.0,4.0,0.375,4.0,3.0,4.0,0.24609375,4.0,3.0,4.0,0.2421875,3.0,2.0,3.0,0.75390625,0.2734375,"Retention is frequency under declared balanced sensitivity scenarios, not probability/confidence."
64da11f5259e2081d306,,,,,,,,,2.0,1.0,3.0,0.30859375,4.0,3.0,4.0,0.65234375,0.66796875,"Retention is frequency under declared balanced sensitivity scenarios, not probability/confidence."
64e7fd1c34a5bc99cac4,,,,,,,,,,,,,,,,,0.4921875,"Retention is frequency under declared balanced sensitivity scenarios, not probability/confidence."
64edc0cff547773e58c2,,,,,,,,,,,,,,,,,1.0,"Retention is frequency under declared balanced sensitivity scenarios, not probability/confidence."
64f22158c4d46ef939ba,2.0,2.0,3.0,0.6328125,,,,,2.0,1.0,3.0,0.50390625,3.0,2.0,3.0,0.53125,0.01953125,"Retention is frequency under declared balanced sensitivity scenarios, not probability/confidence."
64f71c72b7ba2d780558,2.0,2.0,3.0,0.62109375,,,,,3.0,2.0,3.0,0.23046875,2.0,2.0,3.0,0.51953125,0.01953125,"Retention is frequency under declared balanced sensitivity scenarios, not probability/confidence."
6518f5f964a4522b54f5,4.0,3.0,4.0,0.30859375,3.0,2.0,3.0,0.5,3.0,2.0,4.0,0.33203125,3.0,2.0,3.0,0.51953125,0.66796875,"Retention is frequency under declared balanced sensitivity scenarios, not probability/confidence."
652192873422f52fd8d4,3.0,3.0,4.0,0.765625,,,,,3.0,2.0,3.0,0.26171875,2.0,2.0,3.0,0.49609375,0.65234375,"Retention is frequency under declared balanced sensitivity scenarios, not probability/confidence."
652552de4eed86745c35,4.0,3.0,4.0,0.30859375,3.0,2.0,3.0,0.5,3.0,2.0,4.0,0.33203125,3.0,2.0,3.0,0.51953125,0.66796875,"Retention is frequency under declared balanced sensitivity scenarios, not probability/confidence."
6529e0f46a7452ff5de2,1.0,1.0,2.0,0.5,,,,,2.0,1.0,3.0,0.32421875,1.0,1.0,2.0,0.41015625,0.1640625,"Retention is frequency under declared balanced sensitivity scenarios, not probability/confidence."
6529f259df7a8836238a,4.0,3.0,4.0,0.35546875,,,,,4.0,3.0,4.0,0.2421875,4.0,3.0,4.0,0.70703125,0.66796875,"Retention is frequency under declared balanced sensitivity scenarios, not probability/confidence."
654062a7ed6146d449a2,4.0,3.0,4.0,0.30859375,3.0,2.0,3.0,0.5,3.0,2.0,4.0,0.33203125,3.0,2.0,3.0,0.51953125,0.66796875,"Retention is frequency under declared balanced sensitivity scenarios, not probability/confidence."
655c7daae7cfaea0554c,1.0,1.0,2.0,0.5,,,,,2.0,1.0,3.0,0.32421875,1.0,1.0,2.0,0.41015625,0.1640625,"Retention is frequency under declared balanced sensitivity scenarios, not probability/confidence."
655f9eb0904b56bcf091,1.0,1.0,2.0,0.5,,,,,2.0,1.0,3.0,0.32421875,1.0,1.0,2.0,0.41015625,0.1640625,"Retention is frequency under declared balanced sensitivity scenarios, not probability/confidence."
6577370f3a960983c4bb,4.0,3.0,4.0,0.375,1.0,1.0,2.0,0.2578125,4.0,3.0,4.0,0.52734375,3.0,2.0,3.0,0.75390625,0.47265625,"Retention is frequency under declared balanced sensitivity scenarios, not probability/confidence."
657b5337c9eb3f23cb59,4.0,3.0,4.0,0.265625,,,,,4.0,3.0,4.0,0.2421875,4.0,3.0,4.0,0.70703125,0.23828125,"Retention is frequency under declared balanced sensitivity scenarios, not probability/confidence."
657cd6a3a2efb596ffb3,4.0,3.0,4.0,0.30859375,3.0,2.0,3.0,0.5,3.0,2.0,4.0,0.33203125,3.0,2.0,3.0,0.51953125,0.66796875,"Retention is frequency under declared balanced sensitivity scenarios, not probability/confidence."
65970946ccfd1f9a093c,2.0,2.0,3.0,0.62109375,,,,,3.0,2.0,3.0,0.23046875,2.0,2.0,3.0,0.51953125,0.01953125,"Retention is frequency under declared balanced sensitivity scenarios, not probability/confidence."
65b194c3bf4713c625c5,4.0,3.0,4.0,0.296875,,,,,4.0,3.0,4.0,0.2421875,4.0,3.0,4.0,0.70703125,0.50390625,"Retention is frequency under declared balanced sensitivity scenarios, not probability/confidence."
65b2852eb420df3576f4,2.0,2.0,3.0,0.62109375,,,,,3.0,2.0,3.0,0.23046875,2.0,2.0,3.0,0.51953125,0.0390625,"Retention is frequency under declared balanced sensitivity scenarios, not probability/confidence."
65b93cfb8b3488c08c9a,1.0,1.0,2.0,0.5,,,,,2.0,1.0,3.0,0.32421875,1.0,1.0,2.0,0.41015625,0.1640625,"Retention is frequency under declared balanced sensitivity scenarios, not probability/confidence."
65d1d395f8066aa00426,4.0,3.0,4.0,0.375,4.0,3.0,4.0,0.23828125,4.0,3.0,4.0,0.2421875,3.0,2.0,3.0,0.75390625,0.25,"Retention is frequency under declared balanced sensitivity scenarios, not probability/confidence."
65d23f496aca9192d723,4.0,3.0,4.0,0.30859375,1.0,1.0,2.0,0.5,3.0,2.0,4.0,0.33203125,3.0,2.0,3.0,0.51953125,0.75390625,"Retention is frequency under declared balanced sensitivity scenarios, not probability/confidence."
65d83a68e7a0abb6f1d2,,,,,,,,,,,,,,,,,1.0,"Retention is frequency under declared balanced sensitivity scenarios, not probability/confidence."
65e49865f8002462e088,,,,,,,,,,,,,,,,,1.0,"Retention is frequency under declared balanced sensitivity scenarios, not probability/confidence."
65e88cebb4bd51cf9e4f,3.0,3.0,4.0,0.7734375,,,,,3.0,2.0,3.0,0.23828125,2.0,2.0,3.0,0.49609375,0.625,"Retention is frequency under declared balanced sensitivity scenarios, not probability/confidence."
65eea8b88b069d379d8a,2.0,2.0,3.0,0.62890625,,,,,2.0,1.0,2.0,0.24609375,4.0,4.0,4.0,1.0,0.44921875,"Retention is frequency under declared balanced sensitivity scenarios, not probability/confidence."
65f2a7f59ae1caf845ab,2.0,2.0,3.0,0.62890625,,,,,2.0,1.0,2.0,0.24609375,4.0,4.0,4.0,1.0,0.44921875,"Retention is frequency under declared balanced sensitivity scenarios, not probability/confidence."
65f9777abbb3ed5b2cbe,4.0,3.0,4.0,0.30859375,3.0,2.0,3.0,0.5,3.0,2.0,4.0,0.33203125,3.0,2.0,3.0,0.51953125,0.66796875,"Retention is frequency under declared balanced sensitivity scenarios, not probability/confidence."
66026f6e9a422376cabc,1.0,1.0,2.0,0.5,,,,,2.0,1.0,3.0,0.32421875,1.0,1.0,2.0,0.41015625,0.1640625,"Retention is frequency under declared balanced sensitivity scenarios, not probability/confidence."
6609a54816d20a533af6,2.0,1.0,2.0,0.5,,,,,3.0,2.0,3.0,0.22265625,1.0,1.0,2.0,0.43359375,0.3828125,"Retention is frequency under declared balanced sensitivity scenarios, not probability/confidence."
66143a4d06f7e1bad304,,,,,,,,,,,,,,,,,1.0,"Retention is frequency under declared balanced sensitivity scenarios, not probability/confidence."
662488000e5ab8877e17,2.0,2.0,3.0,0.6328125,,,,,2.0,1.0,3.0,0.50390625,3.0,2.0,3.0,0.53125,0.01953125,"Retention is frequency under declared balanced sensitivity scenarios, not probability/confidence."
6625400ac943eec40759,2.0,2.0,3.0,0.62890625,,,,,2.0,1.0,2.0,0.24609375,4.0,4.0,4.0,1.0,0.44921875,"Retention is frequency under declared balanced sensitivity scenarios, not probability/confidence."
66589ec1283beaca9d41,4.0,3.0,4.0,0.265625,,,,,4.0,3.0,4.0,0.2421875,4.0,3.0,4.0,0.70703125,0.23828125,"Retention is frequency under declared balanced sensitivity scenarios, not probability/confidence."
666005c792e02a8142e8,4.0,3.0,4.0,0.296875,,,,,4.0,3.0,4.0,0.2421875,4.0,3.0,4.0,0.70703125,0.50390625,"Retention is frequency under declared balanced sensitivity scenarios, not probability/confidence."
66674dd181f46945e538,3.0,3.0,4.0,0.765625,,,,,3.0,2.0,3.0,0.26171875,2.0,2.0,3.0,0.49609375,0.65234375,"Retention is frequency under declared balanced sensitivity scenarios, not probability/confidence."
668ef5530c3f3e5bc2aa,1.0,1.0,2.0,0.5,,,,,2.0,1.0,3.0,0.33984375,1.0,1.0,2.0,0.390625,0.17578125,"Retention is frequency under declared balanced sensitivity scenarios, not probability/confidence."
668fda1ad691f2115d68,3.0,3.0,4.0,0.765625,,,,,3.0,2.0,3.0,0.26171875,2.0,2.0,3.0,0.49609375,0.65234375,"Retention is frequency under declared balanced sensitivity scenarios, not probability/confidence."
669964ccbeed05de1178,,,,,,,,,,,,,,,,,1.0,"Retention is frequency under declared balanced sensitivity scenarios, not probability/confidence."
66b415177fa9ab5c5a59,3.0,3.0,4.0,0.765625,,,,,3.0,2.0,3.0,0.26171875,2.0,2.0,3.0,0.49609375,0.65234375,"Retention is frequency under declared balanced sensitivity scenarios, not probability/confidence."
66edc942155f7686117b,,,,,,,,,2.0,1.0,3.0,0.30859375,4.0,3.0,4.0,0.65234375,0.66796875,"Retention is frequency under declared balanced sensitivity scenarios, not probability/confidence."
672765b77f6194d859fc,1.0,1.0,2.0,0.5,,,,,2.0,1.0,3.0,0.32421875,1.0,1.0,2.0,0.41015625,0.1640625,"Retention is frequency under declared balanced sensitivity scenarios, not probability/confidence."
672e5c14de2178c308b3,2.0,2.0,3.0,0.62890625,,,,,2.0,1.0,2.0,0.24609375,4.0,4.0,4.0,1.0,0.44921875,"Retention is frequency under declared balanced sensitivity scenarios, not probability/confidence."
673a0d92fb93086a225f,1.0,1.0,2.0,0.5,,,,,2.0,1.0,3.0,0.32421875,1.0,1.0,2.0,0.41015625,0.1640625,"Retention is frequency under declared balanced sensitivity scenarios, not probability/confidence."
673b764583c1199461cc,3.0,2.0,3.0,0.390625,,,,,2.0,1.0,3.0,0.29296875,2.0,2.0,3.0,0.50390625,0.6484375,"Retention is frequency under declared balanced sensitivity scenarios, not probability/confidence."
6745c5ef8d2b44724966,2.0,2.0,3.0,0.6328125,,,,,2.0,1.0,3.0,0.50390625,3.0,2.0,3.0,0.53125,0.46875,"Retention is frequency under declared balanced sensitivity scenarios, not probability/confidence."
6748328283d41f418a76,3.0,2.0,3.0,0.390625,,,,,2.0,1.0,3.0,0.29296875,2.0,2.0,3.0,0.50390625,0.6484375,"Retention is frequency under declared balanced sensitivity scenarios, not probability/confidence."
67757bec2386ea34fd54,,,,,,,,,2.0,1.0,3.0,0.30859375,4.0,3.0,4.0,0.65234375,0.66796875,"Retention is frequency under declared balanced sensitivity scenarios, not probability/confidence."
679299c2db5eae845d5e,3.0,2.0,3.0,0.390625,,,,,2.0,1.0,3.0,0.29296875,2.0,2.0,3.0,0.50390625,0.6484375,"Retention is frequency under declared balanced sensitivity scenarios, not probability/confidence."
679d96d37630fcbc6f03,3.0,2.0,3.0,0.390625,,,,,2.0,1.0,3.0,0.29296875,2.0,2.0,3.0,0.50390625,0.6484375,"Retention is frequency under declared balanced sensitivity scenarios, not probability/confidence."
67a0405bce7d8f3a9caa,1.0,1.0,2.0,0.5,,,,,2.0,1.0,3.0,0.33984375,1.0,1.0,2.0,0.390625,0.07421875,"Retention is frequency under declared balanced sensitivity scenarios, not probability/confidence."
67a57d94d3333ef066ef,3.0,3.0,4.0,0.765625,,,,,3.0,2.0,3.0,0.26171875,2.0,2.0,3.0,0.49609375,0.65234375,"Retention is frequency under declared balanced sensitivity scenarios, not probability/confidence."
67a6d440a4493abd0d87,1.0,1.0,2.0,0.5,,,,,2.0,1.0,3.0,0.33984375,1.0,1.0,2.0,0.390625,0.17578125,"Retention is frequency under declared balanced sensitivity scenarios, not probability/confidence."
67b2320d0f5b25cfac71,,,,,,,,,2.0,1.0,3.0,0.30859375,4.0,3.0,4.0,0.65234375,0.66796875,"Retention is frequency under declared balanced sensitivity scenarios, not probability/confidence."
67b6fb9904aac6ffecf0,2.0,2.0,3.0,0.6328125,,,,,2.0,1.0,3.0,0.50390625,3.0,2.0,3.0,0.53125,0.01953125,"Retention is frequency under declared balanced sensitivity scenarios, not probability/confidence."
67bda465e952fac3e606,2.0,1.0,2.0,0.5,,,,,3.0,2.0,3.0,0.22265625,1.0,1.0,2.0,0.35546875,0.35546875,"Retention is frequency under declared balanced sensitivity scenarios, not probability/confidence."
67cd78fe0f6c9361bcf4,,,,,,,,,,,,,,,,,1.0,"Retention is frequency under declared balanced sensitivity scenarios, not probability/confidence."
67e1de1b992cb0ae22b3,2.0,2.0,3.0,0.62109375,,,,,3.0,2.0,3.0,0.23046875,2.0,2.0,3.0,0.51953125,0.0390625,"Retention is frequency under declared balanced sensitivity scenarios, not probability/confidence."
67e5c0fe380dc0a9bdd5,1.0,1.0,2.0,0.5,,,,,2.0,1.0,3.0,0.32421875,1.0,1.0,2.0,0.41015625,0.1640625,"Retention is frequency under declared balanced sensitivity scenarios, not probability/confidence."
67e6e1f04ffbfd02ae5d,3.0,2.0,3.0,0.390625,,,,,2.0,1.0,3.0,0.29296875,2.0,2.0,3.0,0.50390625,0.40625,"Retention is frequency under declared balanced sensitivity scenarios, not probability/confidence."
67f87790f2e6339e7313,,,,,,,,,2.0,1.0,3.0,0.30859375,4.0,3.0,4.0,0.65234375,0.66796875,"Retention is frequency under declared balanced sensitivity scenarios, not probability/confidence."
67fd62cbcd8a51e11724,4.0,3.0,4.0,0.375,4.0,3.0,4.0,0.24609375,4.0,3.0,4.0,0.2421875,3.0,2.0,3.0,0.75390625,0.1953125,"Retention is frequency under declared balanced sensitivity scenarios, not probability/confidence."
67fe3af16cb05a55dfbd,3.0,3.0,4.0,0.7734375,,,,,3.0,2.0,3.0,0.23828125,2.0,2.0,3.0,0.49609375,0.625,"Retention is frequency under declared balanced sensitivity scenarios, not probability/confidence."
680a7252be9c05a742bf,4.0,3.0,4.0,0.375,4.0,3.0,4.0,0.24609375,4.0,3.0,4.0,0.2421875,3.0,2.0,3.0,0.75390625,0.2421875,"Retention is frequency under declared balanced sensitivity scenarios, not probability/confidence."
682808693369cba32b71,2.0,2.0,3.0,0.62109375,,,,,3.0,2.0,3.0,0.23046875,2.0,2.0,3.0,0.51953125,0.01953125,"Retention is frequency under declared balanced sensitivity scenarios, not probability/confidence."
6836e64d0d32118f85e6,1.0,1.0,2.0,0.5,,,,,2.0,1.0,3.0,0.32421875,1.0,1.0,2.0,0.41015625,0.1640625,"Retention is frequency under declared balanced sensitivity scenarios, not probability/confidence."
685931c8dc7a2cf68f92,3.0,2.0,3.0,0.390625,,,,,2.0,1.0,3.0,0.29296875,2.0,2.0,3.0,0.50390625,0.6484375,"Retention is frequency under declared balanced sensitivity scenarios, not probability/confidence."
6863b5529d64d60101d9,1.0,1.0,2.0,0.5,,,,,2.0,1.0,3.0,0.32421875,1.0,1.0,2.0,0.41015625,0.1640625,"Retention is frequency under declared balanced sensitivity scenarios, not probability/confidence."
68662a576c0e61b6c00c,2.0,2.0,3.0,0.62109375,,,,,3.0,2.0,3.0,0.23046875,2.0,2.0,3.0,0.51953125,0.0390625,"Retention is frequency under declared balanced sensitivity scenarios, not probability/confidence."
6872807f96196b3a9beb,4.0,3.0,4.0,0.296875,,,,,4.0,3.0,4.0,0.2421875,4.0,3.0,4.0,0.70703125,0.50390625,"Retention is frequency under declared balanced sensitivity scenarios, not probability/confidence."
6883f80475a0d1f2479d,3.0,3.0,4.0,0.765625,,,,,3.0,2.0,3.0,0.26171875,2.0,2.0,3.0,0.49609375,0.65234375,"Retention is frequency under declared balanced sensitivity scenarios, not probability/confidence."
68938a57e7b52aeac603,2.0,2.0,3.0,0.6328125,1.0,1.0,2.0,0.5,2.0,1.0,3.0,0.50390625,3.0,2.0,3.0,0.53125,0.4765625,"Retention is frequency under declared balanced sensitivity scenarios, not probability/confidence."
68bbc955689dcf19ecc0,2.0,1.0,2.0,0.5,,,,,3.0,2.0,3.0,0.26171875,2.0,1.0,2.0,0.73046875,0.046875,"Retention is frequency under declared balanced sensitivity scenarios, not probability/confidence."
68c75696ca769849045b,4.0,3.0,4.0,0.35546875,,,,,4.0,3.0,4.0,0.2421875,4.0,3.0,4.0,0.70703125,0.6640625,"Retention is frequency under declared balanced sensitivity scenarios, not probability/confidence."
68d0f446cd438c98b14c,4.0,3.0,4.0,0.30859375,3.0,2.0,3.0,0.5,3.0,2.0,4.0,0.33203125,3.0,2.0,3.0,0.51953125,0.66796875,"Retention is frequency under declared balanced sensitivity scenarios, not probability/confidence."
68d6b6b6e01a9044874e,1.0,1.0,2.0,0.5,,,,,2.0,1.0,3.0,0.32421875,1.0,1.0,2.0,0.41015625,0.1640625,"Retention is frequency under declared balanced sensitivity scenarios, not probability/confidence."
68df16f495902c441af2,4.0,3.0,4.0,0.30859375,1.0,1.0,2.0,0.5,3.0,2.0,4.0,0.33203125,3.0,2.0,3.0,0.51953125,0.75390625,"Retention is frequency under declared balanced sensitivity scenarios, not probability/confidence."
68e0c63ed60408d0b062,2.0,1.0,2.0,0.5,,,,,3.0,2.0,3.0,0.26171875,2.0,1.0,2.0,0.73046875,0.1640625,"Retention is frequency under declared balanced sensitivity scenarios, not probability/confidence."
6928227c60685a29d87f,2.0,2.0,3.0,0.6328125,,,,,2.0,1.0,3.0,0.50390625,3.0,2.0,3.0,0.53125,0.01953125,"Retention is frequency under declared balanced sensitivity scenarios, not probability/confidence."
69323a116867b2ea6616,,,,,,,,,,,,,,,,,1.0,"Retention is frequency under declared balanced sensitivity scenarios, not probability/confidence."
694eb6c5bdedafc9e37c,1.0,1.0,2.0,0.5,,,,,2.0,1.0,3.0,0.32421875,1.0,1.0,2.0,0.41015625,0.1640625,"Retention is frequency under declared balanced sensitivity scenarios, not probability/confidence."
695423c2785a4b0f19f8,2.0,2.0,3.0,0.62109375,,,,,3.0,2.0,3.0,0.23046875,2.0,2.0,3.0,0.51953125,0.01953125,"Retention is frequency under declared balanced sensitivity scenarios, not probability/confidence."
696c5dadb50d51a3a99d,2.0,2.0,3.0,0.62109375,,,,,3.0,2.0,3.0,0.23046875,2.0,2.0,3.0,0.51953125,0.01953125,"Retention is frequency under declared balanced sensitivity scenarios, not probability/confidence."
69768ff1da460a5ebdf2,1.0,1.0,2.0,0.5,,,,,2.0,1.0,3.0,0.32421875,1.0,1.0,2.0,0.41015625,0.1640625,"Retention is frequency under declared balanced sensitivity scenarios, not probability/confidence."
697f05d878f575052fd9,,,,,,,,,,,,,,,,,1.0,"Retention is frequency under declared balanced sensitivity scenarios, not probability/confidence."
699275fa0752a8bbda22,4.0,3.0,4.0,0.35546875,,,,,4.0,3.0,4.0,0.2421875,4.0,3.0,4.0,0.70703125,0.66796875,"Retention is frequency under declared balanced sensitivity scenarios, not probability/confidence."
699b905408f62241b865,4.0,3.0,4.0,0.35546875,,,,,4.0,3.0,4.0,0.2421875,4.0,3.0,4.0,0.70703125,0.66796875,"Retention is frequency under declared balanced sensitivity scenarios, not probability/confidence."
699f3a7339653b3facb0,,,,,,,,,,,,,,,,,1.0,"Retention is frequency under declared balanced sensitivity scenarios, not probability/confidence."
69a9d10416b526c5da19,,,,,,,,,2.0,1.0,3.0,0.30859375,4.0,3.0,4.0,0.65234375,0.66796875,"Retention is frequency under declared balanced sensitivity scenarios, not probability/confidence."
69af18aab6e8ae4d0f33,,,,,,,,,,,,,,,,,1.0,"Retention is frequency under declared balanced sensitivity scenarios, not probability/confidence."
69b36a34fa7b5fb39f97,4.0,3.0,4.0,0.375,4.0,3.0,4.0,0.24609375,4.0,3.0,4.0,0.2421875,3.0,2.0,3.0,0.75390625,0.2421875,"Retention is frequency under declared balanced sensitivity scenarios, not probability/confidence."
69c757481cf599184f3f,,,,,,,,,,,,,,,,,0.34765625,"Retention is frequency under declared balanced sensitivity scenarios, not probability/confidence."
69d1ba6b67c222ce1aa9,3.0,3.0,4.0,0.765625,,,,,3.0,2.0,3.0,0.26171875,2.0,2.0,3.0,0.49609375,0.65234375,"Retention is frequency under declared balanced sensitivity scenarios, not probability/confidence."
69dcdaa10bae61de25d6,,,,,,,,,2.0,1.0,3.0,0.30859375,4.0,3.0,4.0,0.65234375,0.66796875,"Retention is frequency under declared balanced sensitivity scenarios, not probability/confidence."
6a03c0615c4b80df48cf,4.0,3.0,4.0,0.30859375,1.0,1.0,2.0,0.5,3.0,2.0,4.0,0.33203125,3.0,2.0,3.0,0.51953125,0.75390625,"Retention is frequency under declared balanced sensitivity scenarios, not probability/confidence."
6a1844933776c695d933,1.0,1.0,2.0,0.5,,,,,2.0,1.0,3.0,0.32421875,1.0,1.0,2.0,0.41015625,0.1640625,"Retention is frequency under declared balanced sensitivity scenarios, not probability/confidence."
6a1f46258fe7e031acc2,3.0,2.0,3.0,0.390625,,,,,2.0,1.0,3.0,0.29296875,2.0,2.0,3.0,0.50390625,0.6484375,"Retention is frequency under declared balanced sensitivity scenarios, not probability/confidence."
6a1fe6998669f327577a,2.0,1.0,2.0,0.5,,,,,3.0,2.0,3.0,0.26171875,2.0,1.0,2.0,0.73046875,0.1640625,"Retention is frequency under declared balanced sensitivity scenarios, not probability/confidence."
6a2818c77b6242ba9a55,1.0,1.0,2.0,0.5,,,,,2.0,1.0,3.0,0.33984375,1.0,1.0,2.0,0.390625,0.17578125,"Retention is frequency under declared balanced sensitivity scenarios, not probability/confidence."
6a297cfdd24cf4b2bba0,4.0,3.0,4.0,0.35546875,,,,,4.0,3.0,4.0,0.2421875,4.0,3.0,4.0,0.70703125,0.66796875,"Retention is frequency under declared balanced sensitivity scenarios, not probability/confidence."
6a43a7ca9dd1844e0d80,4.0,3.0,4.0,0.30859375,3.0,2.0,3.0,0.5,3.0,2.0,4.0,0.33203125,3.0,2.0,3.0,0.51953125,0.66796875,"Retention is frequency under declared balanced sensitivity scenarios, not probability/confidence."
6a480874b4ea888c9cae,4.0,3.0,4.0,0.30859375,3.0,2.0,3.0,0.5,3.0,2.0,4.0,0.33203125,3.0,2.0,3.0,0.51953125,0.43359375,"Retention is frequency under declared balanced sensitivity scenarios, not probability/confidence."
6a5729d4664088cb9c01,2.0,2.0,3.0,0.6328125,,,,,2.0,1.0,3.0,0.50390625,3.0,2.0,3.0,0.53125,0.46875,"Retention is frequency under declared balanced sensitivity scenarios, not probability/confidence."
6a590aed12dd493c1573,4.0,3.0,4.0,0.35546875,,,,,4.0,3.0,4.0,0.2421875,4.0,3.0,4.0,0.70703125,0.66796875,"Retention is frequency under declared balanced sensitivity scenarios, not probability/confidence."
6a64c83d7cbb99c962ef,4.0,3.0,4.0,0.30859375,3.0,2.0,3.0,0.5,3.0,2.0,4.0,0.33203125,3.0,2.0,3.0,0.51953125,0.66796875,"Retention is frequency under declared balanced sensitivity scenarios, not probability/confidence."
6aa34f395eb05ca0a6fa,,,,,,,,,,,,,,,,,0.4921875,"Retention is frequency under declared balanced sensitivity scenarios, not probability/confidence."
6ad75f9feb66dfd50b8d,2.0,2.0,3.0,0.6328125,,,,,2.0,1.0,3.0,0.50390625,3.0,2.0,3.0,0.53125,0.01953125,"Retention is frequency under declared balanced sensitivity scenarios, not probability/confidence."
6adbf001a6bd8da0b20a,,,,,,,,,,,,,,,,,0.4921875,"Retention is frequency under declared balanced sensitivity scenarios, not probability/confidence."
6ae97d26127a20daa8a4,,,,,,,,,,,,,,,,,1.0,"Retention is frequency under declared balanced sensitivity scenarios, not probability/confidence."
6aefbee8d568ad53f4d2,4.0,3.0,4.0,0.265625,,,,,4.0,3.0,4.0,0.2421875,4.0,3.0,4.0,0.70703125,0.23828125,"Retention is frequency under declared balanced sensitivity scenarios, not probability/confidence."
6b0d9d5fabb8ad15df07,,,,,,,,,,,,,,,,,1.0,"Retention is frequency under declared balanced sensitivity scenarios, not probability/confidence."
6b370837173742407311,4.0,3.0,4.0,0.30859375,3.0,2.0,3.0,0.5,3.0,2.0,4.0,0.33203125,3.0,2.0,3.0,0.51953125,0.66796875,"Retention is frequency under declared balanced sensitivity scenarios, not probability/confidence."
6b4da719212300937957,1.0,1.0,2.0,0.5,,,,,2.0,1.0,3.0,0.32421875,1.0,1.0,2.0,0.41015625,0.1640625,"Retention is frequency under declared balanced sensitivity scenarios, not probability/confidence."
6b6b0179e3c0e54ca2a5,4.0,3.0,4.0,0.375,1.0,1.0,2.0,0.33203125,4.0,3.0,4.0,0.41015625,3.0,2.0,3.0,0.75390625,0.47265625,"Retention is frequency under declared balanced sensitivity scenarios, not probability/confidence."
6b79351cc98b74528ac0,4.0,3.0,4.0,0.375,4.0,3.0,4.0,0.24609375,4.0,3.0,4.0,0.2421875,3.0,2.0,3.0,0.75390625,0.17578125,"Retention is frequency under declared balanced sensitivity scenarios, not probability/confidence."
6b84129bd1fab56e49c4,2.0,2.0,3.0,0.62109375,,,,,3.0,2.0,3.0,0.23046875,2.0,2.0,3.0,0.51953125,0.01953125,"Retention is frequency under declared balanced sensitivity scenarios, not probability/confidence."
6ba4975213d45ec10bcf,4.0,3.0,4.0,0.296875,,,,,4.0,3.0,4.0,0.2421875,4.0,3.0,4.0,0.70703125,0.50390625,"Retention is frequency under declared balanced sensitivity scenarios, not probability/confidence."
6bb190b9976d42dc544d,,,,,,,,,,,,,,,,,0.53125,"Retention is frequency under declared balanced sensitivity scenarios, not probability/confidence."
6bc3c5e1a24f26fd5aeb,3.0,3.0,4.0,0.765625,,,,,3.0,2.0,3.0,0.26171875,2.0,2.0,3.0,0.49609375,0.65234375,"Retention is frequency under declared balanced sensitivity scenarios, not probability/confidence."
6bd302d1e2b2b6f26b2d,4.0,3.0,4.0,0.375,4.0,3.0,4.0,0.24609375,4.0,3.0,4.0,0.2421875,3.0,2.0,3.0,0.75390625,0.34375,"Retention is frequency under declared balanced sensitivity scenarios, not probability/confidence."
6bed86aa01a8aef1089e,,,,,,,,,,,,,,,,,0.4921875,"Retention is frequency under declared balanced sensitivity scenarios, not probability/confidence."
6c01848ec954f4afc10f,,,,,,,,,,,,,,,,,1.0,"Retention is frequency under declared balanced sensitivity scenarios, not probability/confidence."
6c1379063b7c5b2af563,4.0,3.0,4.0,0.37109375,,,,,4.0,3.0,4.0,0.5,4.0,3.0,4.0,0.70703125,0.50390625,"Retention is frequency under declared balanced sensitivity scenarios, not probability/confidence."
6c151528942fce8f4805,2.0,2.0,3.0,0.6328125,,,,,2.0,1.0,3.0,0.50390625,3.0,2.0,3.0,0.53125,0.46875,"Retention is frequency under declared balanced sensitivity scenarios, not probability/confidence."
6c3e741a74ff5124b4cb,,,,,,,,,,,,,,,,,1.0,"Retention is frequency under declared balanced sensitivity scenarios, not probability/confidence."
6c47a65d9f5e17b90f18,,,,,,,,,,,,,,,,,1.0,"Retention is frequency under declared balanced sensitivity scenarios, not probability/confidence."
6c4c8601734d78e9c998,,,,,,,,,,,,,,,,,1.0,"Retention is frequency under declared balanced sensitivity scenarios, not probability/confidence."
6c4fd36c839f2d8ba310,,,,,,,,,,,,,,,,,1.0,"Retention is frequency under declared balanced sensitivity scenarios, not probability/confidence."
6c59b294fe993edc4b9b,2.0,2.0,3.0,0.6328125,,,,,2.0,1.0,3.0,0.50390625,3.0,2.0,3.0,0.53125,0.01953125,"Retention is frequency under declared balanced sensitivity scenarios, not probability/confidence."
6c8a36eb312d4e0b1d89,1.0,1.0,2.0,0.5,,,,,2.0,1.0,3.0,0.33984375,1.0,1.0,2.0,0.390625,0.17578125,"Retention is frequency under declared balanced sensitivity scenarios, not probability/confidence."
6c8bcf6eef72b19fa663,,,,,,,,,,,,,,,,,1.0,"Retention is frequency under declared balanced sensitivity scenarios, not probability/confidence."
6c90ba5ae8f0fcbd9533,3.0,3.0,4.0,0.765625,,,,,3.0,2.0,3.0,0.26171875,2.0,2.0,3.0,0.49609375,0.65234375,"Retention is frequency under declared balanced sensitivity scenarios, not probability/confidence."
6c955269dde80d8d65dd,2.0,2.0,3.0,0.6328125,,,,,2.0,1.0,3.0,0.50390625,3.0,2.0,3.0,0.53125,0.01953125,"Retention is frequency under declared balanced sensitivity scenarios, not probability/confidence."
6c9a3f6f6abdbb07f16d,4.0,3.0,4.0,0.35546875,,,,,4.0,3.0,4.0,0.2421875,4.0,3.0,4.0,0.70703125,0.66796875,"Retention is frequency under declared balanced sensitivity scenarios, not probability/confidence."
6cab93209e935f42fa53,4.0,3.0,4.0,0.375,4.0,3.0,4.0,0.23828125,4.0,3.0,4.0,0.2421875,3.0,2.0,3.0,0.75390625,0.2109375,"Retention is frequency under declared balanced sensitivity scenarios, not probability/confidence."
6cb9dc9b59156b824226,,,,,,,,,,,,,,,,,0.4921875,"Retention is frequency under declared balanced sensitivity scenarios, not probability/confidence."
6cd4939497ec06a0b791,2.0,2.0,3.0,0.6328125,3.0,2.0,3.0,0.23828125,2.0,1.0,3.0,0.50390625,3.0,2.0,3.0,0.53125,0.23046875,"Retention is frequency under declared balanced sensitivity scenarios, not probability/confidence."
6cdffb56abd14b895cde,3.0,3.0,4.0,0.765625,,,,,3.0,2.0,3.0,0.26171875,2.0,2.0,3.0,0.49609375,0.65234375,"Retention is frequency under declared balanced sensitivity scenarios, not probability/confidence."
6ce12fa62f66447a6029,3.0,3.0,4.0,0.765625,,,,,3.0,2.0,3.0,0.26171875,2.0,2.0,3.0,0.49609375,0.65234375,"Retention is frequency under declared balanced sensitivity scenarios, not probability/confidence."
6d0e5463d8acc49d5622,2.0,2.0,3.0,0.6328125,,,,,2.0,1.0,3.0,0.50390625,3.0,2.0,3.0,0.53125,0.01953125,"Retention is frequency under declared balanced sensitivity scenarios, not probability/confidence."
6d1b6ee1abcec8f7daba,,,,,,,,,,,,,,,,,1.0,"Retention is frequency under declared balanced sensitivity scenarios, not probability/confidence."
6d1e198fd7afec0c04a9,1.0,1.0,2.0,0.5,,,,,2.0,1.0,3.0,0.32421875,1.0,1.0,2.0,0.41015625,0.08203125,"Retention is frequency under declared balanced sensitivity scenarios, not probability/confidence."
6d2b0e310c41272256ee,3.0,2.0,3.0,0.390625,,,,,2.0,1.0,3.0,0.29296875,2.0,2.0,3.0,0.50390625,0.40625,"Retention is frequency under declared balanced sensitivity scenarios, not probability/confidence."
6d2bdc0a7fa04c3708d0,1.0,1.0,2.0,0.5,,,,,2.0,1.0,3.0,0.33984375,1.0,1.0,2.0,0.390625,0.17578125,"Retention is frequency under declared balanced sensitivity scenarios, not probability/confidence."
6d3a089827a222baed4b,,,,,,,,,,,,,,,,,0.5,"Retention is frequency under declared balanced sensitivity scenarios, not probability/confidence."
6d42ed22c353d40cc6bf,1.0,1.0,2.0,0.5,,,,,2.0,1.0,3.0,0.33984375,1.0,1.0,2.0,0.390625,0.17578125,"Retention is frequency under declared balanced sensitivity scenarios, not probability/confidence."
6d4363a956b4fa36a7cb,2.0,2.0,3.0,0.62890625,,,,,2.0,1.0,2.0,0.24609375,4.0,4.0,4.0,1.0,0.44140625,"Retention is frequency under declared balanced sensitivity scenarios, not probability/confidence."
6d7bbbcbfa6cd67f3210,2.0,1.0,2.0,0.5,,,,,3.0,2.0,3.0,0.26171875,2.0,1.0,2.0,0.73046875,0.046875,"Retention is frequency under declared balanced sensitivity scenarios, not probability/confidence."
6d9180d08202879a3af1,3.0,3.0,4.0,0.7734375,,,,,3.0,2.0,3.0,0.23828125,2.0,2.0,3.0,0.49609375,0.625,"Retention is frequency under declared balanced sensitivity scenarios, not probability/confidence."
6d9496bb8b7a1d040bfb,4.0,3.0,4.0,0.30859375,3.0,2.0,3.0,0.5,3.0,2.0,4.0,0.33203125,3.0,2.0,3.0,0.51953125,0.66796875,"Retention is frequency under declared balanced sensitivity scenarios, not probability/confidence."
6d96eb7e37ee7c2ef42a,3.0,2.0,3.0,0.390625,,,,,2.0,1.0,3.0,0.29296875,2.0,2.0,3.0,0.50390625,0.6484375,"Retention is frequency under declared balanced sensitivity scenarios, not probability/confidence."
6d9f1bd91200e23848e2,3.0,2.0,3.0,0.390625,,,,,2.0,1.0,3.0,0.29296875,2.0,2.0,3.0,0.50390625,0.6484375,"Retention is frequency under declared balanced sensitivity scenarios, not probability/confidence."
6dc49ac61e000d4ec336,4.0,3.0,4.0,0.25390625,,,,,4.0,3.0,4.0,0.2421875,4.0,3.0,4.0,0.70703125,0.3359375,"Retention is frequency under declared balanced sensitivity scenarios, not probability/confidence."
6dc6c1f51e1a497b7aaf,4.0,3.0,4.0,0.35546875,,,,,4.0,3.0,4.0,0.2421875,4.0,3.0,4.0,0.70703125,0.66796875,"Retention is frequency under declared balanced sensitivity scenarios, not probability/confidence."
6dcf657a857bb8d4238d,,,,,,,,,2.0,1.0,3.0,0.30859375,4.0,3.0,4.0,0.65234375,0.66796875,"Retention is frequency under declared balanced sensitivity scenarios, not probability/confidence."
6ddd77bb0ccd81a0f01d,1.0,1.0,2.0,0.5,,,,,2.0,1.0,3.0,0.32421875,1.0,1.0,2.0,0.41015625,0.1640625,"Retention is frequency under declared balanced sensitivity scenarios, not probability/confidence."
6de741161d7a44745bf1,4.0,3.0,4.0,0.35546875,,,,,4.0,3.0,4.0,0.2421875,4.0,3.0,4.0,0.70703125,0.6640625,"Retention is frequency under declared balanced sensitivity scenarios, not probability/confidence."
6e01adfa3a2f5bb4215b,4.0,3.0,4.0,0.30859375,3.0,2.0,3.0,0.5,3.0,2.0,4.0,0.33203125,3.0,2.0,3.0,0.51953125,0.66796875,"Retention is frequency under declared balanced sensitivity scenarios, not probability/confidence."
6e0e72899fd46dbe4e92,4.0,3.0,4.0,0.30859375,3.0,2.0,3.0,0.5,3.0,2.0,4.0,0.33203125,3.0,2.0,3.0,0.51953125,0.66796875,"Retention is frequency under declared balanced sensitivity scenarios, not probability/confidence."
6e165fcd892702ab0be8,,,,,,,,,,,,,,,,,0.4921875,"Retention is frequency under declared balanced sensitivity scenarios, not probability/confidence."
6e17f660eea6aac068c1,3.0,3.0,4.0,0.7734375,,,,,3.0,2.0,3.0,0.23828125,2.0,2.0,3.0,0.49609375,0.625,"Retention is frequency under declared balanced sensitivity scenarios, not probability/confidence."
6e24308a1090c8841705,,,,,,,,,2.0,1.0,3.0,0.30859375,4.0,3.0,4.0,0.65234375,0.66796875,"Retention is frequency under declared balanced sensitivity scenarios, not probability/confidence."
6e3858b10818808fa4e2,4.0,3.0,4.0,0.30859375,3.0,2.0,3.0,0.5,3.0,2.0,4.0,0.33203125,3.0,2.0,3.0,0.51953125,0.66796875,"Retention is frequency under declared balanced sensitivity scenarios, not probability/confidence."
6e434a4551719e0225d3,4.0,3.0,4.0,0.375,4.0,3.0,4.0,0.24609375,4.0,3.0,4.0,0.2421875,3.0,2.0,3.0,0.75390625,0.2421875,"Retention is frequency under declared balanced sensitivity scenarios, not probability/confidence."
6e5422f2b0b9b922963b,,,,,,,,,,,,,,,,,0.34765625,"Retention is frequency under declared balanced sensitivity scenarios, not probability/confidence."
6e620762dbe9711c15c8,4.0,3.0,4.0,0.35546875,,,,,4.0,3.0,4.0,0.2421875,4.0,3.0,4.0,0.70703125,0.6640625,"Retention is frequency under declared balanced sensitivity scenarios, not probability/confidence."
6e67141c7cc16d13ef14,,,,,,,,,,,,,,,,,1.0,"Retention is frequency under declared balanced sensitivity scenarios, not probability/confidence."
6e771f2db9fa550da14e,1.0,1.0,2.0,0.5,,,,,2.0,1.0,3.0,0.33984375,1.0,1.0,2.0,0.390625,0.07421875,"Retention is frequency under declared balanced sensitivity scenarios, not probability/confidence."
6e79cc6cd21c951b2b63,4.0,3.0,4.0,0.5,,,,,4.0,3.0,4.0,0.5,4.0,3.0,4.0,0.70703125,0.6640625,"Retention is frequency under declared balanced sensitivity scenarios, not probability/confidence."
6e7c8c40472ca843a658,4.0,3.0,4.0,0.30859375,1.0,1.0,2.0,0.5,3.0,2.0,4.0,0.33203125,3.0,2.0,3.0,0.51953125,0.75390625,"Retention is frequency under declared balanced sensitivity scenarios, not probability/confidence."
6e873edfcf3f091ee17c,2.0,2.0,3.0,0.62109375,,,,,3.0,2.0,3.0,0.23046875,2.0,2.0,3.0,0.51953125,0.0390625,"Retention is frequency under declared balanced sensitivity scenarios, not probability/confidence."
6ea705641ec620f6abc5,3.0,3.0,4.0,0.765625,,,,,3.0,2.0,3.0,0.26171875,2.0,2.0,3.0,0.49609375,0.65234375,"Retention is frequency under declared balanced sensitivity scenarios, not probability/confidence."
6eaa5e3d657650ad8090,3.0,3.0,4.0,0.7734375,,,,,3.0,2.0,3.0,0.23828125,2.0,2.0,3.0,0.49609375,0.4296875,"Retention is frequency under declared balanced sensitivity scenarios, not probability/confidence."
6eb133dc2d468ac7d576,1.0,1.0,2.0,0.5,,,,,2.0,1.0,3.0,0.33984375,1.0,1.0,2.0,0.390625,0.17578125,"Retention is frequency under declared balanced sensitivity scenarios, not probability/confidence."
6ee0ab6801f1ba83e5ff,2.0,2.0,3.0,0.62890625,,,,,2.0,1.0,2.0,0.24609375,4.0,4.0,4.0,1.0,0.44140625,"Retention is frequency under declared balanced sensitivity scenarios, not probability/confidence."
6ee3a07cdda37613fb6c,4.0,3.0,4.0,0.30859375,3.0,2.0,3.0,0.5,3.0,2.0,4.0,0.33203125,3.0,2.0,3.0,0.51953125,0.66796875,"Retention is frequency under declared balanced sensitivity scenarios, not probability/confidence."
6ee6788ed37f6d9f32ea,,,,,,,,,,,,,,,,,0.34765625,"Retention is frequency under declared balanced sensitivity scenarios, not probability/confidence."
6eebe4de235a37625691,3.0,3.0,4.0,0.7734375,,,,,3.0,2.0,3.0,0.23828125,2.0,2.0,3.0,0.49609375,0.4296875,"Retention is frequency under declared balanced sensitivity scenarios, not probability/confidence."
6eeeda89b3f3bb31cfca,,,,,,,,,,,,,,,,,1.0,"Retention is frequency under declared balanced sensitivity scenarios, not probability/confidence."
6ef6b90e0893bbf7c431,2.0,2.0,3.0,0.62109375,,,,,3.0,2.0,3.0,0.23046875,2.0,2.0,3.0,0.51953125,0.01953125,"Retention is frequency under declared balanced sensitivity scenarios, not probability/confidence."
6eff0518e4bcdc2e29f6,1.0,1.0,2.0,0.5,,,,,2.0,1.0,3.0,0.33984375,1.0,1.0,2.0,0.390625,0.07421875,"Retention is frequency under declared balanced sensitivity scenarios, not probability/confidence."
6f04d282820b1d9f2df8,1.0,1.0,2.0,0.5,,,,,2.0,1.0,3.0,0.32421875,1.0,1.0,2.0,0.41015625,0.1640625,"Retention is frequency under declared balanced sensitivity scenarios, not probability/confidence."
6f0851f02f339fdfb9a4,4.0,3.0,4.0,0.375,4.0,3.0,4.0,0.24609375,4.0,3.0,4.0,0.2421875,3.0,2.0,3.0,0.75390625,0.1953125,"Retention is frequency under declared balanced sensitivity scenarios, not probability/confidence."
6f0a5b71c8735ff91dc1,1.0,1.0,2.0,0.5,,,,,2.0,1.0,3.0,0.32421875,1.0,1.0,2.0,0.41015625,0.08203125,"Retention is frequency under declared balanced sensitivity scenarios, not probability/confidence."
6f20e3c2e17d27360536,1.0,1.0,2.0,0.5,,,,,2.0,1.0,3.0,0.32421875,1.0,1.0,2.0,0.41015625,0.1640625,"Retention is frequency under declared balanced sensitivity scenarios, not probability/confidence."
6f3733bbe88eac3bd863,,,,,,,,,,,,,,,,,1.0,"Retention is frequency under declared balanced sensitivity scenarios, not probability/confidence."
6f4e47bd4fe9df79d687,4.0,3.0,4.0,0.35546875,,,,,4.0,3.0,4.0,0.2421875,4.0,3.0,4.0,0.70703125,0.66796875,"Retention is frequency under declared balanced sensitivity scenarios, not probability/confidence."
6f5d7c36231ce938e9cc,4.0,3.0,4.0,0.375,4.0,3.0,4.0,0.24609375,4.0,3.0,4.0,0.2421875,3.0,2.0,3.0,0.75390625,0.2421875,"Retention is frequency under declared balanced sensitivity scenarios, not probability/confidence."
6f6edcb2790874ea5c46,1.0,1.0,2.0,0.5,,,,,2.0,1.0,3.0,0.32421875,1.0,1.0,2.0,0.41015625,0.08203125,"Retention is frequency under declared balanced sensitivity scenarios, not probability/confidence."
6f706572ef316979e713,2.0,2.0,3.0,0.62890625,,,,,2.0,1.0,2.0,0.24609375,4.0,4.0,4.0,1.0,0.44140625,"Retention is frequency under declared balanced sensitivity scenarios, not probability/confidence."
6f76df8f4104c063e611,,,,,,,,,2.0,1.0,3.0,0.30859375,4.0,3.0,4.0,0.65234375,0.66796875,"Retention is frequency under declared balanced sensitivity scenarios, not probability/confidence."
6f913ad826dfa693dce5,4.0,3.0,4.0,0.30859375,3.0,2.0,3.0,0.5,3.0,2.0,4.0,0.33203125,3.0,2.0,3.0,0.51953125,0.66796875,"Retention is frequency under declared balanced sensitivity scenarios, not probability/confidence."
6fa096f9fec677dcf57f,1.0,1.0,2.0,0.5,,,,,2.0,1.0,3.0,0.32421875,1.0,1.0,2.0,0.41015625,0.08203125,"Retention is frequency under declared balanced sensitivity scenarios, not probability/confidence."
6fc634f7ca9de7e17f8e,,,,,,,,,2.0,1.0,3.0,0.30859375,4.0,3.0,4.0,0.65234375,0.66796875,"Retention is frequency under declared balanced sensitivity scenarios, not probability/confidence."
6fd5a2f9b5a20ba0878a,1.0,1.0,2.0,0.5,,,,,2.0,1.0,3.0,0.33984375,1.0,1.0,2.0,0.390625,0.17578125,"Retention is frequency under declared balanced sensitivity scenarios, not probability/confidence."
6ff662038615ea7d1de0,2.0,1.0,2.0,0.5,,,,,3.0,2.0,3.0,0.26171875,2.0,1.0,2.0,0.73046875,0.1640625,"Retention is frequency under declared balanced sensitivity scenarios, not probability/confidence."
701e998326f12f2c577c,4.0,3.0,4.0,0.375,4.0,3.0,4.0,0.24609375,4.0,3.0,4.0,0.2421875,3.0,2.0,3.0,0.75390625,0.34375,"Retention is frequency under declared balanced sensitivity scenarios, not probability/confidence."
701fdc145e85ebf548e9,4.0,3.0,4.0,0.30859375,3.0,2.0,3.0,0.5,3.0,2.0,4.0,0.33203125,3.0,2.0,3.0,0.51953125,0.43359375,"Retention is frequency under declared balanced sensitivity scenarios, not probability/confidence."
703684b35117f6e0ad71,,,,,,,,,,,,,,,,,0.4921875,"Retention is frequency under declared balanced sensitivity scenarios, not probability/confidence."
7061aaef3902dad3e2fc,4.0,3.0,4.0,0.30859375,3.0,2.0,3.0,0.5,3.0,2.0,4.0,0.33203125,3.0,2.0,3.0,0.51953125,0.66796875,"Retention is frequency under declared balanced sensitivity scenarios, not probability/confidence."
7065705e38d83716a5aa,1.0,1.0,2.0,0.5,,,,,2.0,1.0,3.0,0.32421875,1.0,1.0,2.0,0.41015625,0.08203125,"Retention is frequency under declared balanced sensitivity scenarios, not probability/confidence."
7074cf25cc2e46c235e6,1.0,1.0,2.0,0.5,,,,,2.0,1.0,3.0,0.33984375,1.0,1.0,2.0,0.390625,0.17578125,"Retention is frequency under declared balanced sensitivity scenarios, not probability/confidence."
707cdd376268d6f53e24,3.0,2.0,3.0,0.390625,,,,,2.0,1.0,3.0,0.29296875,2.0,2.0,3.0,0.50390625,0.6484375,"Retention is frequency under declared balanced sensitivity scenarios, not probability/confidence."
70a76ad51d3d23c8c227,4.0,3.0,4.0,0.375,4.0,3.0,4.0,0.23828125,4.0,3.0,4.0,0.2421875,3.0,2.0,3.0,0.75390625,0.27734375,"Retention is frequency under declared balanced sensitivity scenarios, not probability/confidence."
70c212862c3473925b7b,2.0,2.0,3.0,0.62890625,,,,,2.0,1.0,2.0,0.24609375,4.0,4.0,4.0,1.0,0.44140625,"Retention is frequency under declared balanced sensitivity scenarios, not probability/confidence."
70d96cd596ad8c3e2071,3.0,3.0,4.0,0.765625,,,,,3.0,2.0,3.0,0.26171875,2.0,2.0,3.0,0.49609375,0.65234375,"Retention is frequency under declared balanced sensitivity scenarios, not probability/confidence."
70ef9d6a09a514cf878b,,,,,,,,,2.0,1.0,3.0,0.30859375,4.0,3.0,4.0,0.65234375,0.66796875,"Retention is frequency under declared balanced sensitivity scenarios, not probability/confidence."
70f10208ef8332d4c2a9,,,,,,,,,,,,,,,,,1.0,"Retention is frequency under declared balanced sensitivity scenarios, not probability/confidence."
70f42dee9f66eddbe0b3,3.0,3.0,4.0,0.765625,,,,,3.0,2.0,3.0,0.26171875,2.0,2.0,3.0,0.49609375,0.65234375,"Retention is frequency under declared balanced sensitivity scenarios, not probability/confidence."
70fcfda8a35690126ff7,,,,,,,,,,,,,,,,,1.0,"Retention is frequency under declared balanced sensitivity scenarios, not probability/confidence."
70ff0e19b0f74fade6c3,2.0,2.0,3.0,0.62890625,,,,,2.0,1.0,2.0,0.24609375,4.0,4.0,4.0,1.0,0.44921875,"Retention is frequency under declared balanced sensitivity scenarios, not probability/confidence."
712797a267272c676ad5,,,,,,,,,,,,,,,,,1.0,"Retention is frequency under declared balanced sensitivity scenarios, not probability/confidence."
712c4d96992798d76bb1,1.0,1.0,2.0,0.5,,,,,2.0,1.0,3.0,0.33984375,1.0,1.0,2.0,0.390625,0.17578125,"Retention is frequency under declared balanced sensitivity scenarios, not probability/confidence."
7132bb866d1faffa48f3,1.0,1.0,2.0,0.5,,,,,2.0,1.0,3.0,0.32421875,1.0,1.0,2.0,0.41015625,0.08203125,"Retention is frequency under declared balanced sensitivity scenarios, not probability/confidence."
71553c32971806d2312b,,,,,,,,,,,,,,,,,1.0,"Retention is frequency under declared balanced sensitivity scenarios, not probability/confidence."
716b3d6a3b33ca299589,3.0,3.0,4.0,0.7734375,,,,,3.0,2.0,3.0,0.23828125,2.0,2.0,3.0,0.49609375,0.625,"Retention is frequency under declared balanced sensitivity scenarios, not probability/confidence."
716df11f13df5c7ddbc5,2.0,2.0,3.0,0.62109375,,,,,3.0,2.0,3.0,0.23046875,2.0,2.0,3.0,0.51953125,0.01953125,"Retention is frequency under declared balanced sensitivity scenarios, not probability/confidence."
71763b361c0057fd402a,,,,,,,,,,,,,,,,,1.0,"Retention is frequency under declared balanced sensitivity scenarios, not probability/confidence."
71775d034f4c1a02e504,1.0,1.0,2.0,0.5,,,,,2.0,1.0,3.0,0.32421875,1.0,1.0,2.0,0.41015625,0.1640625,"Retention is frequency under declared balanced sensitivity scenarios, not probability/confidence."
71942b9aa4597d99cbd5,4.0,3.0,4.0,0.30859375,3.0,2.0,3.0,0.5,3.0,2.0,4.0,0.33203125,3.0,2.0,3.0,0.51953125,0.66796875,"Retention is frequency under declared balanced sensitivity scenarios, not probability/confidence."
719acdb7129b9ff9abc9,,,,,,,,,2.0,1.0,3.0,0.30859375,4.0,3.0,4.0,0.65234375,0.66796875,"Retention is frequency under declared balanced sensitivity scenarios, not probability/confidence."
71b122580b84c19662af,2.0,2.0,3.0,0.6328125,,,,,2.0,1.0,3.0,0.50390625,3.0,2.0,3.0,0.53125,0.01953125,"Retention is frequency under declared balanced sensitivity scenarios, not probability/confidence."
71cb8af806b29004566d,1.0,1.0,2.0,0.5,,,,,2.0,1.0,3.0,0.33984375,1.0,1.0,2.0,0.390625,0.17578125,"Retention is frequency under declared balanced sensitivity scenarios, not probability/confidence."
71cde2b8d555fb4b32cf,,,,,,,,,,,,,,,,,0.34765625,"Retention is frequency under declared balanced sensitivity scenarios, not probability/confidence."
71d6c484d95d7009531e,3.0,2.0,3.0,0.390625,,,,,2.0,1.0,3.0,0.29296875,2.0,2.0,3.0,0.50390625,0.6484375,"Retention is frequency under declared balanced sensitivity scenarios, not probability/confidence."
71e4d36e355ced44e709,2.0,1.0,2.0,0.5,,,,,3.0,2.0,3.0,0.22265625,1.0,1.0,2.0,0.43359375,0.3828125,"Retention is frequency under declared balanced sensitivity scenarios, not probability/confidence."
71e944220f6a5bb7f8f2,,,,,,,,,,,,,,,,,1.0,"Retention is frequency under declared balanced sensitivity scenarios, not probability/confidence."
71ed7719fb1f084abc24,3.0,2.0,3.0,0.390625,,,,,2.0,1.0,3.0,0.29296875,2.0,2.0,3.0,0.50390625,0.6484375,"Retention is frequency under declared balanced sensitivity scenarios, not probability/confidence."
71f4307aac3950cbffa5,4.0,3.0,4.0,0.375,4.0,3.0,4.0,0.24609375,4.0,3.0,4.0,0.2421875,3.0,2.0,3.0,0.75390625,0.2421875,"Retention is frequency under declared balanced sensitivity scenarios, not probability/confidence."
71f72bd5220e7f1a3f20,3.0,2.0,3.0,0.390625,,,,,2.0,1.0,3.0,0.29296875,2.0,2.0,3.0,0.50390625,0.6484375,"Retention is frequency under declared balanced sensitivity scenarios, not probability/confidence."
72032397fed11868be67,2.0,2.0,3.0,0.62109375,,,,,3.0,2.0,3.0,0.23046875,2.0,2.0,3.0,0.51953125,0.0390625,"Retention is frequency under declared balanced sensitivity scenarios, not probability/confidence."
720ca19447ce3a081de2,,,,,,,,,,,,,,,,,1.0,"Retention is frequency under declared balanced sensitivity scenarios, not probability/confidence."
721307ccc7116870cd33,1.0,1.0,2.0,0.5,,,,,2.0,1.0,3.0,0.33984375,1.0,1.0,2.0,0.390625,0.17578125,"Retention is frequency under declared balanced sensitivity scenarios, not probability/confidence."
7218a8a03b2c5a2bdec0,4.0,3.0,4.0,0.35546875,,,,,4.0,3.0,4.0,0.2421875,4.0,3.0,4.0,0.70703125,0.6640625,"Retention is frequency under declared balanced sensitivity scenarios, not probability/confidence."
72293a82602fd082c6a9,,,,,,,,,2.0,1.0,3.0,0.30859375,4.0,3.0,4.0,0.65234375,0.66796875,"Retention is frequency under declared balanced sensitivity scenarios, not probability/confidence."
722997139b0bf45bd1fc,2.0,1.0,2.0,0.5,,,,,3.0,2.0,3.0,0.22265625,1.0,1.0,2.0,0.35546875,0.25390625,"Retention is frequency under declared balanced sensitivity scenarios, not probability/confidence."
724057e5cb286fbeb2c8,2.0,2.0,3.0,0.62109375,,,,,3.0,2.0,3.0,0.23046875,2.0,2.0,3.0,0.51953125,0.01953125,"Retention is frequency under declared balanced sensitivity scenarios, not probability/confidence."
7247367662768a5d10cc,2.0,2.0,3.0,0.62890625,,,,,2.0,1.0,2.0,0.24609375,4.0,4.0,4.0,1.0,0.44921875,"Retention is frequency under declared balanced sensitivity scenarios, not probability/confidence."
724aab1416168480f2d6,2.0,2.0,3.0,0.62109375,,,,,3.0,2.0,3.0,0.23046875,2.0,2.0,3.0,0.51953125,0.01953125,"Retention is frequency under declared balanced sensitivity scenarios, not probability/confidence."
724b6bf4d233562f685e,4.0,3.0,4.0,0.375,1.0,1.0,2.0,0.33203125,4.0,3.0,4.0,0.41015625,3.0,2.0,3.0,0.75390625,0.47265625,"Retention is frequency under declared balanced sensitivity scenarios, not probability/confidence."
7256ec5c5b3b29290715,4.0,3.0,4.0,0.30859375,3.0,2.0,3.0,0.5,3.0,2.0,4.0,0.33203125,3.0,2.0,3.0,0.51953125,0.66796875,"Retention is frequency under declared balanced sensitivity scenarios, not probability/confidence."
7258e17dd4799c56b37f,,,,,,,,,,,,,,,,,0.5,"Retention is frequency under declared balanced sensitivity scenarios, not probability/confidence."
7259865b9cd315d5c693,1.0,1.0,2.0,0.5,,,,,2.0,1.0,3.0,0.32421875,1.0,1.0,2.0,0.41015625,0.08203125,"Retention is frequency under declared balanced sensitivity scenarios, not probability/confidence."
725988cc25d7985ac334,,,,,,,,,,,,,,,,,1.0,"Retention is frequency under declared balanced sensitivity scenarios, not probability/confidence."
725a63383c58a7ab40cb,3.0,3.0,4.0,0.765625,,,,,3.0,2.0,3.0,0.26171875,2.0,2.0,3.0,0.49609375,0.65234375,"Retention is frequency under declared balanced sensitivity scenarios, not probability/confidence."
7260fb110beb005424c3,3.0,2.0,3.0,0.390625,,,,,2.0,1.0,3.0,0.29296875,2.0,2.0,3.0,0.50390625,0.6484375,"Retention is frequency under declared balanced sensitivity scenarios, not probability/confidence."
7264869ab7a543776e96,4.0,3.0,4.0,0.296875,,,,,4.0,3.0,4.0,0.2421875,4.0,3.0,4.0,0.70703125,0.50390625,"Retention is frequency under declared balanced sensitivity scenarios, not probability/confidence."
7268bdbca19ce3fef6f4,1.0,1.0,2.0,0.5,,,,,2.0,1.0,3.0,0.33984375,1.0,1.0,2.0,0.390625,0.17578125,"Retention is frequency under declared balanced sensitivity scenarios, not probability/confidence."
7282587ea8097965b971,1.0,1.0,2.0,0.5,,,,,2.0,1.0,3.0,0.33984375,1.0,1.0,2.0,0.390625,0.17578125,"Retention is frequency under declared balanced sensitivity scenarios, not probability/confidence."
72a571a3a4fed96e429a,2.0,2.0,3.0,0.62109375,,,,,3.0,2.0,3.0,0.23046875,2.0,2.0,3.0,0.51953125,0.0390625,"Retention is frequency under declared balanced sensitivity scenarios, not probability/confidence."
72ab10e0985b88bcec62,,,,,,,,,2.0,1.0,3.0,0.30859375,4.0,3.0,4.0,0.65234375,0.66796875,"Retention is frequency under declared balanced sensitivity scenarios, not probability/confidence."
72b31c4bef352724b1b2,2.0,2.0,3.0,0.6328125,,,,,2.0,1.0,3.0,0.50390625,3.0,2.0,3.0,0.53125,0.01953125,"Retention is frequency under declared balanced sensitivity scenarios, not probability/confidence."
72bd30db6c5972ffc930,1.0,1.0,2.0,0.5,,,,,2.0,1.0,3.0,0.33984375,1.0,1.0,2.0,0.390625,0.17578125,"Retention is frequency under declared balanced sensitivity scenarios, not probability/confidence."
72f53e9760c38983f898,2.0,2.0,3.0,0.6328125,,,,,2.0,1.0,3.0,0.50390625,3.0,2.0,3.0,0.53125,0.46875,"Retention is frequency under declared balanced sensitivity scenarios, not probability/confidence."
73071f57456d6e3c238c,,,,,,,,,,,,,,,,,0.34765625,"Retention is frequency under declared balanced sensitivity scenarios, not probability/confidence."
7307efd1a880ea6bb9e7,,,,,,,,,,,,,,,,,0.5,"Retention is frequency under declared balanced sensitivity scenarios, not probability/confidence."
731728b3501777065b34,,,,,,,,,,,,,,,,,1.0,"Retention is frequency under declared balanced sensitivity scenarios, not probability/confidence."
73265c9c468d46178087,4.0,3.0,4.0,0.375,4.0,3.0,4.0,0.24609375,4.0,3.0,4.0,0.2421875,3.0,2.0,3.0,0.75390625,0.2421875,"Retention is frequency under declared balanced sensitivity scenarios, not probability/confidence."
732aabd435d052f61e9a,,,,,,,,,,,,,,,,,0.5,"Retention is frequency under declared balanced sensitivity scenarios, not probability/confidence."
732ed3edda3b8c48471c,4.0,3.0,4.0,0.265625,,,,,4.0,3.0,4.0,0.2421875,4.0,3.0,4.0,0.70703125,0.23828125,"Retention is frequency under declared balanced sensitivity scenarios, not probability/confidence."
733171cc297fb32f4711,2.0,2.0,3.0,0.62890625,,,,,2.0,1.0,2.0,0.24609375,4.0,4.0,4.0,1.0,0.44921875,"Retention is frequency under declared balanced sensitivity scenarios, not probability/confidence."
73448a867cb6fd3df1f7,4.0,3.0,4.0,0.35546875,,,,,4.0,3.0,4.0,0.2421875,4.0,3.0,4.0,0.70703125,0.6640625,"Retention is frequency under declared balanced sensitivity scenarios, not probability/confidence."
73542218c4185d66c7bc,4.0,3.0,4.0,0.30859375,1.0,1.0,2.0,0.5,3.0,2.0,4.0,0.33203125,3.0,2.0,3.0,0.51953125,0.75390625,"Retention is frequency under declared balanced sensitivity scenarios, not probability/confidence."
736aad1dcf54b6d0c1f9,2.0,1.0,2.0,0.5,,,,,3.0,2.0,3.0,0.26171875,2.0,1.0,2.0,0.73046875,0.046875,"Retention is frequency under declared balanced sensitivity scenarios, not probability/confidence."
737eefff173a260b3506,2.0,1.0,2.0,0.5,,,,,3.0,2.0,3.0,0.26171875,2.0,1.0,2.0,0.73046875,0.1640625,"Retention is frequency under declared balanced sensitivity scenarios, not probability/confidence."
73841b03e2ad60ae51ab,4.0,3.0,4.0,0.296875,,,,,4.0,3.0,4.0,0.2421875,4.0,3.0,4.0,0.70703125,0.50390625,"Retention is frequency under declared balanced sensitivity scenarios, not probability/confidence."
738adbf5321e2417301c,4.0,3.0,4.0,0.35546875,,,,,4.0,3.0,4.0,0.2421875,4.0,3.0,4.0,0.70703125,0.66796875,"Retention is frequency under declared balanced sensitivity scenarios, not probability/confidence."
7391fbeac7d761e9b61f,,,,,,,,,,,,,,,,,1.0,"Retention is frequency under declared balanced sensitivity scenarios, not probability/confidence."
739239443e1ea28f38bc,3.0,2.0,3.0,0.390625,,,,,2.0,1.0,3.0,0.29296875,2.0,2.0,3.0,0.50390625,0.6484375,"Retention is frequency under declared balanced sensitivity scenarios, not probability/confidence."
73a6fb5bd01056918508,,,,,,,,,,,,,,,,,1.0,"Retention is frequency under declared balanced sensitivity scenarios, not probability/confidence."
73ed4c6d12e4974ab49f,,,,,,,,,,,,,,,,,1.0,"Retention is frequency under declared balanced sensitivity scenarios, not probability/confidence."
73fcbc5d428cd383b76d,2.0,2.0,3.0,0.62890625,,,,,2.0,1.0,2.0,0.24609375,4.0,4.0,4.0,1.0,0.44140625,"Retention is frequency under declared balanced sensitivity scenarios, not probability/confidence."
741048c66a36993c73bd,3.0,2.0,3.0,0.390625,,,,,2.0,1.0,3.0,0.29296875,2.0,2.0,3.0,0.50390625,0.40625,"Retention is frequency under declared balanced sensitivity scenarios, not probability/confidence."
741529425871cf8a8827,2.0,2.0,3.0,0.62109375,,,,,3.0,2.0,3.0,0.23046875,2.0,2.0,3.0,0.51953125,0.0390625,"Retention is frequency under declared balanced sensitivity scenarios, not probability/confidence."
74239b5e829288aa879f,3.0,2.0,3.0,0.390625,,,,,2.0,1.0,3.0,0.29296875,2.0,2.0,3.0,0.50390625,0.6484375,"Retention is frequency under declared balanced sensitivity scenarios, not probability/confidence."
745fef535bb7f61acbe6,4.0,3.0,4.0,0.30859375,3.0,2.0,3.0,0.5,3.0,2.0,4.0,0.33203125,3.0,2.0,3.0,0.51953125,0.66796875,"Retention is frequency under declared balanced sensitivity scenarios, not probability/confidence."
74695afb622daa9000e5,2.0,1.0,2.0,0.5,,,,,3.0,2.0,3.0,0.22265625,1.0,1.0,2.0,0.43359375,0.25390625,"Retention is frequency under declared balanced sensitivity scenarios, not probability/confidence."
7470c7079ab400df8e05,1.0,1.0,2.0,0.5,,,,,2.0,1.0,3.0,0.33984375,1.0,1.0,2.0,0.390625,0.17578125,"Retention is frequency under declared balanced sensitivity scenarios, not probability/confidence."
7489270b030803b17a63,,,,,,,,,,,,,,,,,0.5,"Retention is frequency under declared balanced sensitivity scenarios, not probability/confidence."
74ac898f010f5eac3a6f,2.0,2.0,3.0,0.62109375,,,,,3.0,2.0,3.0,0.23046875,2.0,2.0,3.0,0.51953125,0.0390625,"Retention is frequency under declared balanced sensitivity scenarios, not probability/confidence."
74b2f02347f0128a6c7c,2.0,2.0,3.0,0.6328125,,,,,2.0,1.0,3.0,0.50390625,3.0,2.0,3.0,0.53125,0.01953125,"Retention is frequency under declared balanced sensitivity scenarios, not probability/confidence."
74bf0ba5c1c19c14e52d,4.0,3.0,4.0,0.30859375,3.0,2.0,3.0,0.5,3.0,2.0,4.0,0.33203125,3.0,2.0,3.0,0.51953125,0.66796875,"Retention is frequency under declared balanced sensitivity scenarios, not probability/confidence."
74c391ef735d4ae9512b,,,,,,,,,,,,,,,,,1.0,"Retention is frequency under declared balanced sensitivity scenarios, not probability/confidence."
74d51fceb5005cf47856,3.0,3.0,4.0,0.7734375,,,,,3.0,2.0,3.0,0.23828125,2.0,2.0,3.0,0.49609375,0.4296875,"Retention is frequency under declared balanced sensitivity scenarios, not probability/confidence."
74e5344075ebc398c939,,,,,,,,,2.0,1.0,3.0,0.30859375,4.0,3.0,4.0,0.65234375,0.66796875,"Retention is frequency under declared balanced sensitivity scenarios, not probability/confidence."
74ed5bf36f987fa1bd63,4.0,3.0,4.0,0.35546875,,,,,4.0,3.0,4.0,0.2421875,4.0,3.0,4.0,0.70703125,0.66796875,"Retention is frequency under declared balanced sensitivity scenarios, not probability/confidence."
74eea3c32167ce29c44f,1.0,1.0,2.0,0.5,,,,,2.0,1.0,3.0,0.32421875,1.0,1.0,2.0,0.41015625,0.1640625,"Retention is frequency under declared balanced sensitivity scenarios, not probability/confidence."
74f55b9114b92ccb39d5,1.0,1.0,2.0,0.5,,,,,2.0,1.0,3.0,0.33984375,1.0,1.0,2.0,0.390625,0.17578125,"Retention is frequency under declared balanced sensitivity scenarios, not probability/confidence."
74f936b0329280a85959,3.0,3.0,4.0,0.765625,,,,,3.0,2.0,3.0,0.26171875,2.0,2.0,3.0,0.49609375,0.65234375,"Retention is frequency under declared balanced sensitivity scenarios, not probability/confidence."
74fc566bc5e6c75fdcd1,4.0,3.0,4.0,0.30859375,3.0,2.0,3.0,0.5,3.0,2.0,4.0,0.33203125,3.0,2.0,3.0,0.51953125,0.66796875,"Retention is frequency under declared balanced sensitivity scenarios, not probability/confidence."
750f31f04d608e047fb7,3.0,3.0,4.0,0.765625,,,,,3.0,2.0,3.0,0.26171875,2.0,2.0,3.0,0.49609375,0.65234375,"Retention is frequency under declared balanced sensitivity scenarios, not probability/confidence."
7515e536ba0748b99e39,4.0,3.0,4.0,0.30859375,1.0,1.0,2.0,0.5,3.0,2.0,4.0,0.33203125,3.0,2.0,3.0,0.51953125,0.75390625,"Retention is frequency under declared balanced sensitivity scenarios, not probability/confidence."
751683ddcdb7962b22bc,4.0,3.0,4.0,0.265625,,,,,4.0,3.0,4.0,0.2421875,4.0,3.0,4.0,0.70703125,0.23828125,"Retention is frequency under declared balanced sensitivity scenarios, not probability/confidence."
75198e120c5ca2e57fda,,,,,,,,,,,,,,,,,1.0,"Retention is frequency under declared balanced sensitivity scenarios, not probability/confidence."
753687702dfccc8a7829,,,,,,,,,2.0,1.0,3.0,0.30859375,4.0,3.0,4.0,0.65234375,0.6640625,"Retention is frequency under declared balanced sensitivity scenarios, not probability/confidence."
756a40ae9d832abb2011,4.0,3.0,4.0,0.375,1.0,1.0,2.0,0.33203125,4.0,3.0,4.0,0.41015625,3.0,2.0,3.0,0.75390625,0.47265625,"Retention is frequency under declared balanced sensitivity scenarios, not probability/confidence."
757b9ee40a053a0a97e3,4.0,3.0,4.0,0.375,4.0,3.0,4.0,0.24609375,4.0,3.0,4.0,0.2421875,3.0,2.0,3.0,0.75390625,0.2421875,"Retention is frequency under declared balanced sensitivity scenarios, not probability/confidence."
75a35c9c8b0e0a4fdee4,3.0,2.0,3.0,0.390625,,,,,2.0,1.0,3.0,0.29296875,2.0,2.0,3.0,0.50390625,0.6484375,"Retention is frequency under declared balanced sensitivity scenarios, not probability/confidence."
75d4f64431136bf025f4,2.0,2.0,3.0,0.6328125,,,,,2.0,1.0,3.0,0.50390625,3.0,2.0,3.0,0.53125,0.46875,"Retention is frequency under declared balanced sensitivity scenarios, not probability/confidence."
75e94b064b8447e07aae,3.0,3.0,4.0,0.765625,,,,,3.0,2.0,3.0,0.26171875,2.0,2.0,3.0,0.49609375,0.65234375,"Retention is frequency under declared balanced sensitivity scenarios, not probability/confidence."
75f4ee6697a513f8149a,3.0,3.0,4.0,0.765625,,,,,3.0,2.0,3.0,0.26171875,2.0,2.0,3.0,0.49609375,0.65234375,"Retention is frequency under declared balanced sensitivity scenarios, not probability/confidence."
75fe8139b15ef9daee7d,,,,,,,,,,,,,,,,,0.5,"Retention is frequency under declared balanced sensitivity scenarios, not probability/confidence."
760abcec32abd806edb5,,,,,,,,,,,,,,,,,1.0,"Retention is frequency under declared balanced sensitivity scenarios, not probability/confidence."
761db32a18ebb32c127a,,,,,,,,,,,,,,,,,1.0,"Retention is frequency under declared balanced sensitivity scenarios, not probability/confidence."
76332c73884a2e525129,,,,,,,,,2.0,1.0,3.0,0.30859375,4.0,3.0,4.0,0.65234375,0.66796875,"Retention is frequency under declared balanced sensitivity scenarios, not probability/confidence."
7638e4d349ee570aee91,2.0,2.0,3.0,0.62109375,,,,,3.0,2.0,3.0,0.23046875,2.0,2.0,3.0,0.51953125,0.0390625,"Retention is frequency under declared balanced sensitivity scenarios, not probability/confidence."
763c75f5409a97fbb278,3.0,2.0,3.0,0.390625,,,,,2.0,1.0,3.0,0.29296875,2.0,2.0,3.0,0.50390625,0.6484375,"Retention is frequency under declared balanced sensitivity scenarios, not probability/confidence."
763d45beb14972b36307,4.0,3.0,4.0,0.375,4.0,3.0,4.0,0.24609375,4.0,3.0,4.0,0.2421875,3.0,2.0,3.0,0.75390625,0.1953125,"Retention is frequency under declared balanced sensitivity scenarios, not probability/confidence."
765f0b0fa197e13aa2df,4.0,3.0,4.0,0.30859375,1.0,1.0,2.0,0.5,3.0,2.0,4.0,0.33203125,3.0,2.0,3.0,0.51953125,0.75390625,"Retention is frequency under declared balanced sensitivity scenarios, not probability/confidence."
766c8ce87115b90ebea6,4.0,3.0,4.0,0.30859375,3.0,2.0,3.0,0.5,3.0,2.0,4.0,0.33203125,3.0,2.0,3.0,0.51953125,0.66796875,"Retention is frequency under declared balanced sensitivity scenarios, not probability/confidence."
769b9e45c7e0418f0a74,1.0,1.0,2.0,0.5,,,,,2.0,1.0,3.0,0.33984375,1.0,1.0,2.0,0.390625,0.17578125,"Retention is frequency under declared balanced sensitivity scenarios, not probability/confidence."
769ebbee4e3af5db4428,2.0,2.0,3.0,0.62109375,,,,,3.0,2.0,3.0,0.23046875,2.0,2.0,3.0,0.51953125,0.01953125,"Retention is frequency under declared balanced sensitivity scenarios, not probability/confidence."
76b6ce60d9b074efc248,2.0,2.0,3.0,0.6328125,,,,,2.0,1.0,3.0,0.50390625,3.0,2.0,3.0,0.53125,0.01953125,"Retention is frequency under declared balanced sensitivity scenarios, not probability/confidence."
76c06bb3ab7436000d6d,2.0,2.0,3.0,0.62890625,,,,,2.0,1.0,2.0,0.24609375,4.0,4.0,4.0,1.0,0.44921875,"Retention is frequency under declared balanced sensitivity scenarios, not probability/confidence."
76c16742dd6f858fccb7,4.0,3.0,4.0,0.30859375,3.0,2.0,3.0,0.5,3.0,2.0,4.0,0.33203125,3.0,2.0,3.0,0.51953125,0.43359375,"Retention is frequency under declared balanced sensitivity scenarios, not probability/confidence."
76d6cb07bf96c03a7af8,2.0,2.0,3.0,0.6328125,,,,,2.0,1.0,3.0,0.50390625,3.0,2.0,3.0,0.53125,0.46875,"Retention is frequency under declared balanced sensitivity scenarios, not probability/confidence."
76d7ab77999544c33108,,,,,,,,,,,,,,,,,1.0,"Retention is frequency under declared balanced sensitivity scenarios, not probability/confidence."
76e3b3caed9ce7d24133,2.0,1.0,2.0,0.5,,,,,3.0,2.0,3.0,0.26171875,2.0,1.0,2.0,0.73046875,0.1640625,"Retention is frequency under declared balanced sensitivity scenarios, not probability/confidence."
76fbe3551e0c9eb9dbdc,2.0,2.0,3.0,0.62890625,,,,,2.0,1.0,2.0,0.24609375,4.0,4.0,4.0,1.0,0.44140625,"Retention is frequency under declared balanced sensitivity scenarios, not probability/confidence."
770117e9b195d97f9063,4.0,3.0,4.0,0.35546875,,,,,4.0,3.0,4.0,0.2421875,4.0,3.0,4.0,0.70703125,0.66796875,"Retention is frequency under declared balanced sensitivity scenarios, not probability/confidence."
770869946585dd16bd37,2.0,2.0,3.0,0.6328125,,,,,2.0,1.0,3.0,0.50390625,3.0,2.0,3.0,0.53125,0.01953125,"Retention is frequency under declared balanced sensitivity scenarios, not probability/confidence."
7709f3e9cf52c86a9f34,1.0,1.0,2.0,0.5,,,,,2.0,1.0,3.0,0.33984375,1.0,1.0,2.0,0.390625,0.17578125,"Retention is frequency under declared balanced sensitivity scenarios, not probability/confidence."
7710bd3022408914e32f,,,,,,,,,2.0,1.0,3.0,0.30859375,4.0,3.0,4.0,0.65234375,0.66796875,"Retention is frequency under declared balanced sensitivity scenarios, not probability/confidence."
77459b6f5aad673be045,1.0,1.0,2.0,0.5,,,,,2.0,1.0,3.0,0.32421875,1.0,1.0,2.0,0.41015625,0.1640625,"Retention is frequency under declared balanced sensitivity scenarios, not probability/confidence."
774aed22e94cbe8a8211,,,,,,,,,,,,,,,,,1.0,"Retention is frequency under declared balanced sensitivity scenarios, not probability/confidence."
776fa5a8e3471f4ed57e,4.0,3.0,4.0,0.35546875,,,,,4.0,3.0,4.0,0.2421875,4.0,3.0,4.0,0.70703125,0.66796875,"Retention is frequency under declared balanced sensitivity scenarios, not probability/confidence."
7787f57042719391d60f,2.0,1.0,2.0,0.5,,,,,3.0,2.0,3.0,0.22265625,1.0,1.0,2.0,0.43359375,0.3828125,"Retention is frequency under declared balanced sensitivity scenarios, not probability/confidence."
77946989a5dd948504f0,4.0,3.0,4.0,0.30859375,3.0,2.0,3.0,0.5,3.0,2.0,4.0,0.33203125,3.0,2.0,3.0,0.51953125,0.66796875,"Retention is frequency under declared balanced sensitivity scenarios, not probability/confidence."
77bacc8f1b0c1e3136e3,4.0,3.0,4.0,0.30859375,3.0,2.0,3.0,0.5,3.0,2.0,4.0,0.33203125,3.0,2.0,3.0,0.51953125,0.66796875,"Retention is frequency under declared balanced sensitivity scenarios, not probability/confidence."
77bf19bc5cdaccc04b75,2.0,2.0,3.0,0.6328125,,,,,2.0,1.0,3.0,0.50390625,3.0,2.0,3.0,0.53125,0.01953125,"Retention is frequency under declared balanced sensitivity scenarios, not probability/confidence."
77e111882b6ff19d50fe,3.0,3.0,4.0,0.765625,,,,,3.0,2.0,3.0,0.26171875,2.0,2.0,3.0,0.49609375,0.65234375,"Retention is frequency under declared balanced sensitivity scenarios, not probability/confidence."
77f98f34f502bfa82a81,,,,,,,,,,,,,,,,,1.0,"Retention is frequency under declared balanced sensitivity scenarios, not probability/confidence."
78027f6fb46daeadc123,3.0,3.0,4.0,0.765625,,,,,3.0,2.0,3.0,0.26171875,2.0,2.0,3.0,0.49609375,0.65234375,"Retention is frequency under declared balanced sensitivity scenarios, not probability/confidence."
782e885280081664a58c,1.0,1.0,2.0,0.5,,,,,2.0,1.0,3.0,0.33984375,1.0,1.0,2.0,0.390625,0.17578125,"Retention is frequency under declared balanced sensitivity scenarios, not probability/confidence."
783bab117d9ffe359150,4.0,3.0,4.0,0.30859375,3.0,2.0,3.0,0.5,3.0,2.0,4.0,0.33203125,3.0,2.0,3.0,0.51953125,0.66796875,"Retention is frequency under declared balanced sensitivity scenarios, not probability/confidence."
78410d72768daa90ebd1,,,,,,,,,,,,,,,,,1.0,"Retention is frequency under declared balanced sensitivity scenarios, not probability/confidence."
784f4c393d7c06528eb3,4.0,3.0,4.0,0.30859375,3.0,2.0,3.0,0.5,3.0,2.0,4.0,0.33203125,3.0,2.0,3.0,0.51953125,0.66796875,"Retention is frequency under declared balanced sensitivity scenarios, not probability/confidence."
7852220d87fce6c25e63,,,,,,,,,,,,,,,,,1.0,"Retention is frequency under declared balanced sensitivity scenarios, not probability/confidence."
7861cc3ee2d32e0e6483,4.0,3.0,4.0,0.30859375,3.0,2.0,3.0,0.5,3.0,2.0,4.0,0.33203125,3.0,2.0,3.0,0.51953125,0.66796875,"Retention is frequency under declared balanced sensitivity scenarios, not probability/confidence."
787e22d5abef6674af90,4.0,3.0,4.0,0.30859375,3.0,2.0,3.0,0.5,3.0,2.0,4.0,0.33203125,3.0,2.0,3.0,0.51953125,0.66796875,"Retention is frequency under declared balanced sensitivity scenarios, not probability/confidence."
7885c0726bfaef0cc9a0,3.0,2.0,3.0,0.390625,,,,,2.0,1.0,3.0,0.29296875,2.0,2.0,3.0,0.50390625,0.6484375,"Retention is frequency under declared balanced sensitivity scenarios, not probability/confidence."
788c34acc195e6c73399,,,,,,,,,,,,,,,,,1.0,"Retention is frequency under declared balanced sensitivity scenarios, not probability/confidence."
7895c882a8fbb04ba0d3,4.0,3.0,4.0,0.35546875,,,,,4.0,3.0,4.0,0.2421875,4.0,3.0,4.0,0.70703125,0.66796875,"Retention is frequency under declared balanced sensitivity scenarios, not probability/confidence."
78963992ce1b26ab7552,1.0,1.0,2.0,0.5,,,,,2.0,1.0,3.0,0.33984375,1.0,1.0,2.0,0.390625,0.17578125,"Retention is frequency under declared balanced sensitivity scenarios, not probability/confidence."
789b3e04b7643fb1c640,4.0,3.0,4.0,0.375,4.0,3.0,4.0,0.24609375,4.0,3.0,4.0,0.2421875,3.0,2.0,3.0,0.75390625,0.2421875,"Retention is frequency under declared balanced sensitivity scenarios, not probability/confidence."
78c244f70c2d834b0b4d,4.0,3.0,4.0,0.35546875,,,,,4.0,3.0,4.0,0.2421875,4.0,3.0,4.0,0.70703125,0.6640625,"Retention is frequency under declared balanced sensitivity scenarios, not probability/confidence."
78cb5e3388a1a654f20d,4.0,3.0,4.0,0.35546875,,,,,4.0,3.0,4.0,0.2421875,4.0,3.0,4.0,0.70703125,0.66796875,"Retention is frequency under declared balanced sensitivity scenarios, not probability/confidence."
78e7d00bedec78efcb64,4.0,3.0,4.0,0.296875,,,,,4.0,3.0,4.0,0.2421875,4.0,3.0,4.0,0.70703125,0.50390625,"Retention is frequency under declared balanced sensitivity scenarios, not probability/confidence."
790ceb81b0bd7f8b1fd8,,,,,,,,,,,,,,,,,1.0,"Retention is frequency under declared balanced sensitivity scenarios, not probability/confidence."
791d39ff83142a5d6387,3.0,3.0,4.0,0.765625,,,,,3.0,2.0,3.0,0.26171875,2.0,2.0,3.0,0.49609375,0.65234375,"Retention is frequency under declared balanced sensitivity scenarios, not probability/confidence."
7922849a5840ef97b907,3.0,2.0,3.0,0.390625,,,,,2.0,1.0,3.0,0.29296875,2.0,2.0,3.0,0.50390625,0.40625,"Retention is frequency under declared balanced sensitivity scenarios, not probability/confidence."
7927c91309a4810a0566,4.0,3.0,4.0,0.30859375,3.0,2.0,3.0,0.5,3.0,2.0,4.0,0.33203125,3.0,2.0,3.0,0.51953125,0.66796875,"Retention is frequency under declared balanced sensitivity scenarios, not probability/confidence."
7934456dc66284a65ee7,2.0,2.0,3.0,0.6328125,,,,,2.0,1.0,3.0,0.50390625,3.0,2.0,3.0,0.53125,0.46875,"Retention is frequency under declared balanced sensitivity scenarios, not probability/confidence."
79362b278c5b8b2d4968,2.0,2.0,3.0,0.62109375,,,,,3.0,2.0,3.0,0.23046875,2.0,2.0,3.0,0.51953125,0.0390625,"Retention is frequency under declared balanced sensitivity scenarios, not probability/confidence."
79616993617e0277b834,3.0,3.0,4.0,0.7734375,,,,,3.0,2.0,3.0,0.23828125,2.0,2.0,3.0,0.49609375,0.4296875,"Retention is frequency under declared balanced sensitivity scenarios, not probability/confidence."
797d2c00a980868b0645,,,,,,,,,,,,,,,,,1.0,"Retention is frequency under declared balanced sensitivity scenarios, not probability/confidence."
79930d0cdef813353346,4.0,3.0,4.0,0.35546875,,,,,4.0,3.0,4.0,0.2421875,4.0,3.0,4.0,0.70703125,0.66796875,"Retention is frequency under declared balanced sensitivity scenarios, not probability/confidence."
799839a05d9a84d75467,,,,,,,,,2.0,1.0,3.0,0.30859375,4.0,3.0,4.0,0.65234375,0.66796875,"Retention is frequency under declared balanced sensitivity scenarios, not probability/confidence."
79cfa8537a9e95680370,3.0,2.0,3.0,0.390625,,,,,2.0,1.0,3.0,0.29296875,2.0,2.0,3.0,0.50390625,0.6484375,"Retention is frequency under declared balanced sensitivity scenarios, not probability/confidence."
79dab98088f11e088059,,,,,,,,,,,,,,,,,1.0,"Retention is frequency under declared balanced sensitivity scenarios, not probability/confidence."
79deb2412fc5e365ba02,2.0,2.0,3.0,0.62109375,,,,,3.0,2.0,3.0,0.23046875,2.0,2.0,3.0,0.51953125,0.0390625,"Retention is frequency under declared balanced sensitivity scenarios, not probability/confidence."
79fa49f669d134ba339c,4.0,3.0,4.0,0.30859375,3.0,2.0,3.0,0.5,3.0,2.0,4.0,0.33203125,3.0,2.0,3.0,0.51953125,0.66796875,"Retention is frequency under declared balanced sensitivity scenarios, not probability/confidence."
7a129be450a68ef6bbb8,4.0,3.0,4.0,0.30859375,3.0,2.0,3.0,0.5,3.0,2.0,4.0,0.33203125,3.0,2.0,3.0,0.51953125,0.66796875,"Retention is frequency under declared balanced sensitivity scenarios, not probability/confidence."
7a1f2373b31f01fd890f,1.0,1.0,2.0,0.5,,,,,2.0,1.0,3.0,0.33984375,1.0,1.0,2.0,0.390625,0.17578125,"Retention is frequency under declared balanced sensitivity scenarios, not probability/confidence."
7a26fa71850826db856c,2.0,1.0,2.0,0.5,,,,,3.0,2.0,3.0,0.26171875,2.0,1.0,2.0,0.73046875,0.046875,"Retention is frequency under declared balanced sensitivity scenarios, not probability/confidence."
7a371ae098c8464dad11,3.0,2.0,3.0,0.390625,,,,,2.0,1.0,3.0,0.29296875,2.0,2.0,3.0,0.50390625,0.6484375,"Retention is frequency under declared balanced sensitivity scenarios, not probability/confidence."
7a40dd27a4025107afcd,4.0,3.0,4.0,0.35546875,,,,,4.0,3.0,4.0,0.2421875,4.0,3.0,4.0,0.70703125,0.66796875,"Retention is frequency under declared balanced sensitivity scenarios, not probability/confidence."
7a56c6a4b2a07c99a78b,4.0,3.0,4.0,0.375,4.0,3.0,4.0,0.23828125,4.0,3.0,4.0,0.2421875,3.0,2.0,3.0,0.75390625,0.2109375,"Retention is frequency under declared balanced sensitivity scenarios, not probability/confidence."
7a5c012346bb83e780e5,,,,,,,,,,,,,,,,,1.0,"Retention is frequency under declared balanced sensitivity scenarios, not probability/confidence."
7a6062e9bf103b69d64a,4.0,3.0,4.0,0.35546875,,,,,4.0,3.0,4.0,0.2421875,4.0,3.0,4.0,0.70703125,0.6640625,"Retention is frequency under declared balanced sensitivity scenarios, not probability/confidence."
7a72f20c3611a6f8fc9e,,,,,,,,,,,,,,,,,1.0,"Retention is frequency under declared balanced sensitivity scenarios, not probability/confidence."
7a7a5cb8c950c3602067,4.0,3.0,4.0,0.375,4.0,3.0,4.0,0.24609375,4.0,3.0,4.0,0.2421875,3.0,2.0,3.0,0.75390625,0.2734375,"Retention is frequency under declared balanced sensitivity scenarios, not probability/confidence."
7a80a55f2e7b995e9088,,,,,,,,,,,,,,,,,0.4921875,"Retention is frequency under declared balanced sensitivity scenarios, not probability/confidence."
7a92657bfd82794c828d,4.0,3.0,4.0,0.375,4.0,3.0,4.0,0.24609375,4.0,3.0,4.0,0.2421875,3.0,2.0,3.0,0.75390625,0.34375,"Retention is frequency under declared balanced sensitivity scenarios, not probability/confidence."
7a9c2abd43008b907bda,2.0,1.0,2.0,0.5,,,,,3.0,2.0,3.0,0.22265625,1.0,1.0,2.0,0.43359375,0.3828125,"Retention is frequency under declared balanced sensitivity scenarios, not probability/confidence."
7ad3eaad6e318141e9c7,4.0,3.0,4.0,0.30859375,3.0,2.0,3.0,0.5,3.0,2.0,4.0,0.33203125,3.0,2.0,3.0,0.51953125,0.66796875,"Retention is frequency under declared balanced sensitivity scenarios, not probability/confidence."
7adeeec7486315eb81f9,3.0,3.0,4.0,0.765625,,,,,3.0,2.0,3.0,0.26171875,2.0,2.0,3.0,0.49609375,0.65234375,"Retention is frequency under declared balanced sensitivity scenarios, not probability/confidence."
7ae0cdb2d2e0f383eb15,,,,,,,,,2.0,1.0,3.0,0.30859375,4.0,3.0,4.0,0.65234375,0.66796875,"Retention is frequency under declared balanced sensitivity scenarios, not probability/confidence."
7b0af9bb74fab1b058d3,,,,,,,,,,,,,,,,,0.4921875,"Retention is frequency under declared balanced sensitivity scenarios, not probability/confidence."
7b1311833206595b34ad,4.0,3.0,4.0,0.35546875,,,,,4.0,3.0,4.0,0.2421875,4.0,3.0,4.0,0.70703125,0.66796875,"Retention is frequency under declared balanced sensitivity scenarios, not probability/confidence."
7b202f8679b5c408e1ca,4.0,3.0,4.0,0.35546875,,,,,4.0,3.0,4.0,0.2421875,4.0,3.0,4.0,0.70703125,0.66796875,"Retention is frequency under declared balanced sensitivity scenarios, not probability/confidence."
7b26b9286a92a8b068c5,2.0,2.0,3.0,0.6328125,3.0,2.0,3.0,0.23828125,2.0,1.0,3.0,0.50390625,3.0,2.0,3.0,0.53125,0.23046875,"Retention is frequency under declared balanced sensitivity scenarios, not probability/confidence."
7b35234d794b0d04891f,4.0,3.0,4.0,0.375,1.0,1.0,2.0,0.33203125,4.0,3.0,4.0,0.41015625,3.0,2.0,3.0,0.75390625,0.47265625,"Retention is frequency under declared balanced sensitivity scenarios, not probability/confidence."
7b35e86d86599b309be6,1.0,1.0,2.0,0.5,,,,,2.0,1.0,3.0,0.33984375,1.0,1.0,2.0,0.390625,0.17578125,"Retention is frequency under declared balanced sensitivity scenarios, not probability/confidence."
7b571189c10b6c395521,2.0,2.0,3.0,0.62890625,,,,,2.0,1.0,2.0,0.24609375,4.0,4.0,4.0,1.0,0.44140625,"Retention is frequency under declared balanced sensitivity scenarios, not probability/confidence."
7b731274a650419cdf75,4.0,3.0,4.0,0.375,,1.0,2.0,,4.0,3.0,4.0,0.41015625,3.0,2.0,3.0,0.75390625,0.27734375,"Retention is frequency under declared balanced sensitivity scenarios, not probability/confidence."
7b7d09b57bebf1e2dabf,2.0,2.0,3.0,0.6328125,,,,,2.0,1.0,3.0,0.50390625,3.0,2.0,3.0,0.53125,0.46875,"Retention is frequency under declared balanced sensitivity scenarios, not probability/confidence."
7b7dfc52497ba40c8b64,4.0,3.0,4.0,0.35546875,,,,,4.0,3.0,4.0,0.2421875,4.0,3.0,4.0,0.70703125,0.66796875,"Retention is frequency under declared balanced sensitivity scenarios, not probability/confidence."
7b91bb9831ac92f78a4d,,,,,,,,,,,,,,,,,1.0,"Retention is frequency under declared balanced sensitivity scenarios, not probability/confidence."
7b960237b710bea296d2,3.0,3.0,4.0,0.765625,,,,,3.0,2.0,3.0,0.26171875,2.0,2.0,3.0,0.49609375,0.65234375,"Retention is frequency under declared balanced sensitivity scenarios, not probability/confidence."
7ba057d2cd6a68ee3cf3,2.0,1.0,2.0,0.5,,,,,3.0,2.0,3.0,0.22265625,1.0,1.0,2.0,0.34375,0.265625,"Retention is frequency under declared balanced sensitivity scenarios, not probability/confidence."
7ba16b2ff7a7dd22164c,4.0,3.0,4.0,0.30859375,3.0,2.0,3.0,0.5,3.0,2.0,4.0,0.33203125,3.0,2.0,3.0,0.51953125,0.66796875,"Retention is frequency under declared balanced sensitivity scenarios, not probability/confidence."
7bb3a06616e00f9febd0,1.0,1.0,2.0,0.5,,,,,2.0,1.0,3.0,0.33984375,1.0,1.0,2.0,0.390625,0.07421875,"Retention is frequency under declared balanced sensitivity scenarios, not probability/confidence."
7bd3774306af0e771ce0,2.0,2.0,3.0,0.6328125,,,,,2.0,1.0,3.0,0.50390625,3.0,2.0,3.0,0.53125,0.01953125,"Retention is frequency under declared balanced sensitivity scenarios, not probability/confidence."
7bda3f6e77801da06d34,2.0,2.0,3.0,0.62109375,,,,,3.0,2.0,3.0,0.23046875,2.0,2.0,3.0,0.51953125,0.0390625,"Retention is frequency under declared balanced sensitivity scenarios, not probability/confidence."
7c1b6d89742af881a50f,1.0,1.0,2.0,0.5,,,,,2.0,1.0,3.0,0.32421875,1.0,1.0,2.0,0.41015625,0.1640625,"Retention is frequency under declared balanced sensitivity scenarios, not probability/confidence."
7c2471d2a88252182df8,,,,,,,,,2.0,1.0,3.0,0.30859375,4.0,3.0,4.0,0.65234375,0.6640625,"Retention is frequency under declared balanced sensitivity scenarios, not probability/confidence."
7c2da8091f6c707539ef,4.0,3.0,4.0,0.375,4.0,3.0,4.0,0.24609375,4.0,3.0,4.0,0.2421875,3.0,2.0,3.0,0.75390625,0.2421875,"Retention is frequency under declared balanced sensitivity scenarios, not probability/confidence."
7c3a7585630a9ece3c2d,4.0,3.0,4.0,0.375,4.0,3.0,4.0,0.24609375,4.0,3.0,4.0,0.2421875,3.0,2.0,3.0,0.75390625,0.34375,"Retention is frequency under declared balanced sensitivity scenarios, not probability/confidence."
7c425ce2a84f33e8c56e,3.0,3.0,4.0,0.765625,,,,,3.0,2.0,3.0,0.26171875,2.0,2.0,3.0,0.49609375,0.65234375,"Retention is frequency under declared balanced sensitivity scenarios, not probability/confidence."
7c7b3e9008eb77732959,,,,,,,,,,,,,,,,,1.0,"Retention is frequency under declared balanced sensitivity scenarios, not probability/confidence."
7c8e8c5df66be31c7e7b,2.0,1.0,2.0,0.5,,,,,3.0,2.0,3.0,0.26171875,2.0,1.0,2.0,0.73046875,0.1640625,"Retention is frequency under declared balanced sensitivity scenarios, not probability/confidence."
7c916e1ee61277057e8a,2.0,2.0,3.0,0.62890625,,,,,2.0,1.0,2.0,0.24609375,4.0,4.0,4.0,1.0,0.44921875,"Retention is frequency under declared balanced sensitivity scenarios, not probability/confidence."
7ccf5d40a10baf90a1dd,4.0,3.0,4.0,0.35546875,,,,,4.0,3.0,4.0,0.2421875,4.0,3.0,4.0,0.70703125,0.66796875,"Retention is frequency under declared balanced sensitivity scenarios, not probability/confidence."
7d0c3ed8223bb5cdd046,4.0,3.0,4.0,0.30859375,3.0,2.0,3.0,0.5,3.0,2.0,4.0,0.33203125,3.0,2.0,3.0,0.51953125,0.66796875,"Retention is frequency under declared balanced sensitivity scenarios, not probability/confidence."
7d1e058201f45eed2edb,4.0,3.0,4.0,0.30859375,3.0,2.0,3.0,0.5,3.0,2.0,4.0,0.33203125,3.0,2.0,3.0,0.51953125,0.66796875,"Retention is frequency under declared balanced sensitivity scenarios, not probability/confidence."
7d263b4567c24fc2e572,,,,,,,,,,,,,,,,,0.4921875,"Retention is frequency under declared balanced sensitivity scenarios, not probability/confidence."
7d2f746ac17338831264,4.0,3.0,4.0,0.30859375,3.0,2.0,3.0,0.5,3.0,2.0,4.0,0.33203125,3.0,2.0,3.0,0.51953125,0.66796875,"Retention is frequency under declared balanced sensitivity scenarios, not probability/confidence."
7d470f9dbdd9dec9a7a0,2.0,2.0,3.0,0.62109375,,,,,3.0,2.0,3.0,0.23046875,2.0,2.0,3.0,0.51953125,0.0390625,"Retention is frequency under declared balanced sensitivity scenarios, not probability/confidence."
7d5689e517cd4a696c98,2.0,2.0,3.0,0.62109375,,,,,3.0,2.0,3.0,0.23046875,2.0,2.0,3.0,0.51953125,0.0390625,"Retention is frequency under declared balanced sensitivity scenarios, not probability/confidence."
7d74ae8fed902f554c7c,1.0,1.0,2.0,0.5,,,,,2.0,1.0,3.0,0.32421875,1.0,1.0,2.0,0.41015625,0.1640625,"Retention is frequency under declared balanced sensitivity scenarios, not probability/confidence."
7d8f45576c03cac070c1,2.0,2.0,3.0,0.62890625,,,,,2.0,1.0,2.0,0.24609375,4.0,4.0,4.0,1.0,0.44140625,"Retention is frequency under declared balanced sensitivity scenarios, not probability/confidence."
7d9136e15ddd3cb745b5,1.0,1.0,2.0,0.5,,,,,2.0,1.0,3.0,0.33984375,1.0,1.0,2.0,0.390625,0.17578125,"Retention is frequency under declared balanced sensitivity scenarios, not probability/confidence."
7d95e4c5c54fc5e16225,,,,,,,,,2.0,1.0,3.0,0.30859375,4.0,3.0,4.0,0.65234375,0.66796875,"Retention is frequency under declared balanced sensitivity scenarios, not probability/confidence."
7db38d8052e8df3b32a5,4.0,3.0,4.0,0.30859375,3.0,2.0,3.0,0.5,3.0,2.0,4.0,0.33203125,3.0,2.0,3.0,0.51953125,0.66796875,"Retention is frequency under declared balanced sensitivity scenarios, not probability/confidence."
7dd48dbea9011350c9f4,4.0,3.0,4.0,0.30859375,3.0,2.0,3.0,0.5,3.0,2.0,4.0,0.33203125,3.0,2.0,3.0,0.51953125,0.66796875,"Retention is frequency under declared balanced sensitivity scenarios, not probability/confidence."
7de313755f1c8e665a10,,,,,,,,,2.0,1.0,3.0,0.30859375,4.0,3.0,4.0,0.65234375,0.66796875,"Retention is frequency under declared balanced sensitivity scenarios, not probability/confidence."
7e082a0ad9fae8cedf7f,1.0,1.0,2.0,0.5,,,,,2.0,1.0,3.0,0.32421875,1.0,1.0,2.0,0.41015625,0.1640625,"Retention is frequency under declared balanced sensitivity scenarios, not probability/confidence."
7e62d00a2e431650fee7,2.0,2.0,3.0,0.62109375,,,,,3.0,2.0,3.0,0.23046875,2.0,2.0,3.0,0.51953125,0.01953125,"Retention is frequency under declared balanced sensitivity scenarios, not probability/confidence."
7e94a29bbe8a59995e0b,2.0,2.0,3.0,0.6328125,1.0,1.0,2.0,0.5,2.0,1.0,3.0,0.50390625,3.0,2.0,3.0,0.53125,0.4765625,"Retention is frequency under declared balanced sensitivity scenarios, not probability/confidence."
7ea60d14ac2c4d0b59d5,4.0,3.0,4.0,0.375,4.0,3.0,4.0,0.24609375,4.0,3.0,4.0,0.2421875,3.0,2.0,3.0,0.75390625,0.2421875,"Retention is frequency under declared balanced sensitivity scenarios, not probability/confidence."
7ea79a2a746b591e89f4,,,,,,,,,,,,,,,,,1.0,"Retention is frequency under declared balanced sensitivity scenarios, not probability/confidence."
7eafc0215845d5fb15ad,,,,,,,,,2.0,1.0,3.0,0.30859375,4.0,3.0,4.0,0.65234375,0.6640625,"Retention is frequency under declared balanced sensitivity scenarios, not probability/confidence."
7eb3e179bf33cd469411,2.0,2.0,3.0,0.62109375,,,,,3.0,2.0,3.0,0.23046875,2.0,2.0,3.0,0.51953125,0.0390625,"Retention is frequency under declared balanced sensitivity scenarios, not probability/confidence."
7ecfda0a65db88e2ae95,,,,,,,,,,,,,,,,,1.0,"Retention is frequency under declared balanced sensitivity scenarios, not probability/confidence."
7ee430705dc60fd0c17a,,,,,,,,,,,,,,,,,0.34765625,"Retention is frequency under declared balanced sensitivity scenarios, not probability/confidence."
7eeb53a84859356f46e3,1.0,1.0,2.0,0.5,,,,,2.0,1.0,3.0,0.33984375,1.0,1.0,2.0,0.390625,0.17578125,"Retention is frequency under declared balanced sensitivity scenarios, not probability/confidence."
7f0ccacb114cd0687d87,4.0,3.0,4.0,0.296875,,,,,4.0,3.0,4.0,0.2421875,4.0,3.0,4.0,0.70703125,0.50390625,"Retention is frequency under declared balanced sensitivity scenarios, not probability/confidence."
7f26bb68c58b169cf359,3.0,3.0,4.0,0.765625,,,,,3.0,2.0,3.0,0.26171875,2.0,2.0,3.0,0.49609375,0.65234375,"Retention is frequency under declared balanced sensitivity scenarios, not probability/confidence."
7f320e6c17efbe378075,3.0,2.0,3.0,0.390625,,,,,2.0,1.0,3.0,0.29296875,2.0,2.0,3.0,0.50390625,0.40625,"Retention is frequency under declared balanced sensitivity scenarios, not probability/confidence."
7f3b9541db9fe0c00dd0,2.0,2.0,3.0,0.62890625,,,,,2.0,1.0,2.0,0.24609375,4.0,4.0,4.0,1.0,0.44140625,"Retention is frequency under declared balanced sensitivity scenarios, not probability/confidence."
7f435e76cb992e4f893c,3.0,2.0,3.0,0.390625,,,,,2.0,1.0,3.0,0.29296875,2.0,2.0,3.0,0.50390625,0.6484375,"Retention is frequency under declared balanced sensitivity scenarios, not probability/confidence."
7f44fe24de326357a4c4,4.0,3.0,4.0,0.35546875,,,,,4.0,3.0,4.0,0.2421875,4.0,3.0,4.0,0.70703125,0.66796875,"Retention is frequency under declared balanced sensitivity scenarios, not probability/confidence."
7f5258a889d34c38711e,1.0,1.0,2.0,0.5,,,,,2.0,1.0,3.0,0.33984375,1.0,1.0,2.0,0.390625,0.17578125,"Retention is frequency under declared balanced sensitivity scenarios, not probability/confidence."
7f8d3eb5ad1027fcba91,,,,,,,,,,,,,,,,,1.0,"Retention is frequency under declared balanced sensitivity scenarios, not probability/confidence."
7fa03aa85dc0e5adb7ba,4.0,3.0,4.0,0.35546875,,,,,4.0,3.0,4.0,0.2421875,4.0,3.0,4.0,0.70703125,0.66796875,"Retention is frequency under declared balanced sensitivity scenarios, not probability/confidence."
7fbfd276f098c4892404,2.0,2.0,3.0,0.62109375,,,,,3.0,2.0,3.0,0.23046875,2.0,2.0,3.0,0.51953125,0.01953125,"Retention is frequency under declared balanced sensitivity scenarios, not probability/confidence."
7fc37e99a3f217e20480,1.0,1.0,2.0,0.5,,,,,2.0,1.0,3.0,0.33984375,1.0,1.0,2.0,0.390625,0.17578125,"Retention is frequency under declared balanced sensitivity scenarios, not probability/confidence."
7fe446a4511a6bce47ea,,,,,,,,,2.0,1.0,3.0,0.30859375,4.0,3.0,4.0,0.65234375,0.66796875,"Retention is frequency under declared balanced sensitivity scenarios, not probability/confidence."
7ffe14401f5f65f02e39,3.0,3.0,4.0,0.765625,,,,,3.0,2.0,3.0,0.26171875,2.0,2.0,3.0,0.49609375,0.65234375,"Retention is frequency under declared balanced sensitivity scenarios, not probability/confidence."
7ffec027a114f764c774,1.0,1.0,2.0,0.5,,,,,2.0,1.0,3.0,0.33984375,1.0,1.0,2.0,0.390625,0.17578125,"Retention is frequency under declared balanced sensitivity scenarios, not probability/confidence."
80392fc9cc684faaacbb,1.0,1.0,2.0,0.5,,,,,2.0,1.0,3.0,0.33984375,1.0,1.0,2.0,0.390625,0.17578125,"Retention is frequency under declared balanced sensitivity scenarios, not probability/confidence."
803f81933567ebdc5765,1.0,1.0,2.0,0.5,,,,,2.0,1.0,3.0,0.32421875,1.0,1.0,2.0,0.41015625,0.08203125,"Retention is frequency under declared balanced sensitivity scenarios, not probability/confidence."
804ca693532525b6d623,3.0,2.0,3.0,0.390625,,,,,2.0,1.0,3.0,0.29296875,2.0,2.0,3.0,0.50390625,0.40625,"Retention is frequency under declared balanced sensitivity scenarios, not probability/confidence."
806bee9f5462cea5e0bc,2.0,2.0,3.0,0.62109375,,,,,3.0,2.0,3.0,0.23046875,2.0,2.0,3.0,0.51953125,0.01953125,"Retention is frequency under declared balanced sensitivity scenarios, not probability/confidence."
807642dcaee9b72d2b0e,4.0,3.0,4.0,0.296875,,,,,4.0,3.0,4.0,0.2421875,4.0,3.0,4.0,0.70703125,0.84765625,"Retention is frequency under declared balanced sensitivity scenarios, not probability/confidence."
8076a5a517d7d6a41588,4.0,3.0,4.0,0.375,4.0,3.0,4.0,0.23828125,4.0,3.0,4.0,0.2421875,3.0,2.0,3.0,0.75390625,0.25,"Retention is frequency under declared balanced sensitivity scenarios, not probability/confidence."
80861fa60ad2146955a2,2.0,2.0,3.0,0.62890625,,,,,2.0,1.0,2.0,0.24609375,4.0,4.0,4.0,1.0,0.44921875,"Retention is frequency under declared balanced sensitivity scenarios, not probability/confidence."
8088ed3ccab42feba299,2.0,2.0,3.0,0.6328125,,,,,2.0,1.0,3.0,0.50390625,3.0,2.0,3.0,0.53125,0.01953125,"Retention is frequency under declared balanced sensitivity scenarios, not probability/confidence."
80e480632d615ce46480,1.0,1.0,2.0,0.5,,,,,2.0,1.0,3.0,0.33984375,1.0,1.0,2.0,0.390625,0.17578125,"Retention is frequency under declared balanced sensitivity scenarios, not probability/confidence."
80f0c6d95c088b771ab9,,,,,,,,,,,,,,,,,0.34765625,"Retention is frequency under declared balanced sensitivity scenarios, not probability/confidence."
80f5d902f980be3979d0,3.0,2.0,3.0,0.390625,,,,,2.0,1.0,3.0,0.29296875,2.0,2.0,3.0,0.50390625,0.40625,"Retention is frequency under declared balanced sensitivity scenarios, not probability/confidence."
81128b3668c13551f8d7,4.0,3.0,4.0,0.30859375,3.0,2.0,3.0,0.5,3.0,2.0,4.0,0.33203125,3.0,2.0,3.0,0.51953125,0.66796875,"Retention is frequency under declared balanced sensitivity scenarios, not probability/confidence."
81233ad4f75867b21cc7,2.0,2.0,3.0,0.62890625,,,,,2.0,1.0,2.0,0.24609375,4.0,4.0,4.0,1.0,0.44140625,"Retention is frequency under declared balanced sensitivity scenarios, not probability/confidence."
812912522997af5c5354,4.0,3.0,4.0,0.30859375,3.0,2.0,3.0,0.5,3.0,2.0,4.0,0.33203125,3.0,2.0,3.0,0.51953125,0.66796875,"Retention is frequency under declared balanced sensitivity scenarios, not probability/confidence."
813554c0d686d184290a,,,,,,,,,,,,,,,,,1.0,"Retention is frequency under declared balanced sensitivity scenarios, not probability/confidence."
813be92cf07e935bd161,1.0,1.0,2.0,0.5,,,,,2.0,1.0,3.0,0.33984375,1.0,1.0,2.0,0.390625,0.17578125,"Retention is frequency under declared balanced sensitivity scenarios, not probability/confidence."
81417195c6051f8c3955,4.0,3.0,4.0,0.375,4.0,3.0,4.0,0.23828125,4.0,3.0,4.0,0.2421875,3.0,2.0,3.0,0.75390625,0.13671875,"Retention is frequency under declared balanced sensitivity scenarios, not probability/confidence."
815338a376aba82eba7f,2.0,2.0,3.0,0.62109375,,,,,3.0,2.0,3.0,0.23046875,2.0,2.0,3.0,0.51953125,0.0390625,"Retention is frequency under declared balanced sensitivity scenarios, not probability/confidence."
815d09f377465f60e494,4.0,3.0,4.0,0.30859375,3.0,2.0,3.0,0.5,3.0,2.0,4.0,0.33203125,3.0,2.0,3.0,0.51953125,0.66796875,"Retention is frequency under declared balanced sensitivity scenarios, not probability/confidence."
8170f09e1b465f29d9ca,1.0,1.0,2.0,0.5,,,,,2.0,1.0,3.0,0.32421875,1.0,1.0,2.0,0.41015625,0.1640625,"Retention is frequency under declared balanced sensitivity scenarios, not probability/confidence."
81716630e30f0289bfbe,1.0,1.0,2.0,0.5,,,,,2.0,1.0,3.0,0.33984375,1.0,1.0,2.0,0.390625,0.17578125,"Retention is frequency under declared balanced sensitivity scenarios, not probability/confidence."
81a6346fb8b4c413e2da,2.0,2.0,3.0,0.62890625,,,,,2.0,1.0,2.0,0.24609375,4.0,4.0,4.0,1.0,0.44921875,"Retention is frequency under declared balanced sensitivity scenarios, not probability/confidence."
81abe36e513cb331c7ac,,,,,,,,,,,,,,,,,1.0,"Retention is frequency under declared balanced sensitivity scenarios, not probability/confidence."
81b23f197973443614d1,1.0,1.0,2.0,0.5,,,,,2.0,1.0,3.0,0.33984375,1.0,1.0,2.0,0.390625,0.17578125,"Retention is frequency under declared balanced sensitivity scenarios, not probability/confidence."
81c2e99c50d61bfbaf14,4.0,3.0,4.0,0.35546875,,,,,4.0,3.0,4.0,0.2421875,4.0,3.0,4.0,0.70703125,0.6640625,"Retention is frequency under declared balanced sensitivity scenarios, not probability/confidence."
81c70dd8c83f591edb41,,,,,,,,,,,,,,,,,1.0,"Retention is frequency under declared balanced sensitivity scenarios, not probability/confidence."
8201f75d552be1d75eea,4.0,3.0,4.0,0.35546875,,,,,4.0,3.0,4.0,0.2421875,4.0,3.0,4.0,0.70703125,0.6640625,"Retention is frequency under declared balanced sensitivity scenarios, not probability/confidence."
821a9c206ef8f9c49de9,,,,,,,,,,,,,,,,,1.0,"Retention is frequency under declared balanced sensitivity scenarios, not probability/confidence."
821c5b404980affa8bbc,4.0,3.0,4.0,0.30859375,3.0,2.0,3.0,0.5,3.0,2.0,4.0,0.33203125,3.0,2.0,3.0,0.51953125,0.66796875,"Retention is frequency under declared balanced sensitivity scenarios, not probability/confidence."
824003408c49cbb306db,2.0,1.0,2.0,0.5,,,,,3.0,2.0,3.0,0.26171875,2.0,1.0,2.0,0.73046875,0.046875,"Retention is frequency under declared balanced sensitivity scenarios, not probability/confidence."
824c14edfe08e68e7328,,,,,,,,,,,,,,,,,1.0,"Retention is frequency under declared balanced sensitivity scenarios, not probability/confidence."
82776449fa28d03a5665,3.0,2.0,3.0,0.390625,,,,,2.0,1.0,3.0,0.29296875,2.0,2.0,3.0,0.50390625,0.40625,"Retention is frequency under declared balanced sensitivity scenarios, not probability/confidence."
827d0c1add4da374318f,,,,,,,,,2.0,1.0,3.0,0.30859375,4.0,3.0,4.0,0.65234375,0.66796875,"Retention is frequency under declared balanced sensitivity scenarios, not probability/confidence."
828927a331df1fe911b5,4.0,3.0,4.0,0.375,1.0,1.0,2.0,0.2578125,4.0,3.0,4.0,0.52734375,3.0,2.0,3.0,0.75390625,0.44921875,"Retention is frequency under declared balanced sensitivity scenarios, not probability/confidence."
828944c572b2874f9741,2.0,2.0,3.0,0.62109375,,,,,3.0,2.0,3.0,0.23046875,2.0,2.0,3.0,0.51953125,0.0390625,"Retention is frequency under declared balanced sensitivity scenarios, not probability/confidence."
82a3e6ccf2412288a93a,4.0,3.0,4.0,0.30859375,1.0,1.0,2.0,0.5,3.0,2.0,4.0,0.33203125,3.0,2.0,3.0,0.51953125,0.5078125,"Retention is frequency under declared balanced sensitivity scenarios, not probability/confidence."
82b2ddde904fbf2ebfd6,2.0,1.0,2.0,0.5,,,,,3.0,2.0,3.0,0.22265625,1.0,1.0,2.0,0.43359375,0.3828125,"Retention is frequency under declared balanced sensitivity scenarios, not probability/confidence."
82d67ea22bf667848c29,2.0,2.0,3.0,0.62109375,,,,,3.0,2.0,3.0,0.23046875,2.0,2.0,3.0,0.51953125,0.01953125,"Retention is frequency under declared balanced sensitivity scenarios, not probability/confidence."
82e7d1035b11ba3f538e,1.0,1.0,2.0,0.5,,,,,2.0,1.0,3.0,0.33984375,1.0,1.0,2.0,0.390625,0.17578125,"Retention is frequency under declared balanced sensitivity scenarios, not probability/confidence."
83166bdf6c8a4d42efb5,2.0,2.0,3.0,0.62890625,,,,,2.0,1.0,2.0,0.24609375,4.0,4.0,4.0,1.0,0.44921875,"Retention is frequency under declared balanced sensitivity scenarios, not probability/confidence."
833af2d0c0e5bdbf023a,,,,,,,,,2.0,1.0,3.0,0.30859375,4.0,3.0,4.0,0.65234375,0.66796875,"Retention is frequency under declared balanced sensitivity scenarios, not probability/confidence."
83b65558fb2a7caf4bce,2.0,2.0,3.0,0.62890625,,,,,2.0,1.0,2.0,0.24609375,4.0,4.0,4.0,1.0,0.44140625,"Retention is frequency under declared balanced sensitivity scenarios, not probability/confidence."
83c2ba19f559dffd9b75,4.0,3.0,4.0,0.375,4.0,3.0,4.0,0.23828125,4.0,3.0,4.0,0.2421875,3.0,2.0,3.0,0.75390625,0.25,"Retention is frequency under declared balanced sensitivity scenarios, not probability/confidence."
83c84fa3173fa107ab15,,,,,,,,,,,,,,,,,1.0,"Retention is frequency under declared balanced sensitivity scenarios, not probability/confidence."
83d7fae3b09d20804511,1.0,1.0,2.0,0.5,,,,,2.0,1.0,3.0,0.32421875,1.0,1.0,2.0,0.41015625,0.1640625,"Retention is frequency under declared balanced sensitivity scenarios, not probability/confidence."
83e1e2f643228f2d8dc3,1.0,1.0,2.0,0.5,,,,,2.0,1.0,3.0,0.33984375,1.0,1.0,2.0,0.390625,0.17578125,"Retention is frequency under declared balanced sensitivity scenarios, not probability/confidence."
83e61dddfc469d9a859c,4.0,3.0,4.0,0.265625,,,,,4.0,3.0,4.0,0.2421875,4.0,3.0,4.0,0.70703125,0.23828125,"Retention is frequency under declared balanced sensitivity scenarios, not probability/confidence."
840926f3c33ec55565b8,2.0,1.0,2.0,0.5,,,,,3.0,2.0,3.0,0.22265625,1.0,1.0,2.0,0.43359375,0.3828125,"Retention is frequency under declared balanced sensitivity scenarios, not probability/confidence."
841a214a63a2d28eda30,,,,,,,,,2.0,1.0,3.0,0.30859375,4.0,3.0,4.0,0.65234375,0.6640625,"Retention is frequency under declared balanced sensitivity scenarios, not probability/confidence."
842700744f5b0048e090,3.0,2.0,3.0,0.390625,,,,,2.0,1.0,3.0,0.29296875,2.0,2.0,3.0,0.50390625,0.6484375,"Retention is frequency under declared balanced sensitivity scenarios, not probability/confidence."
842ab46a7e6ae1f3593c,,,,,,,,,,,,,,,,,1.0,"Retention is frequency under declared balanced sensitivity scenarios, not probability/confidence."
84359131da7af413d86c,,,,,,,,,,,,,,,,,1.0,"Retention is frequency under declared balanced sensitivity scenarios, not probability/confidence."
84546706fbf5a2474c05,3.0,2.0,3.0,0.390625,,,,,2.0,1.0,3.0,0.29296875,2.0,2.0,3.0,0.50390625,0.40625,"Retention is frequency under declared balanced sensitivity scenarios, not probability/confidence."
846e8d603034e2e159dd,1.0,1.0,2.0,0.5,,,,,2.0,1.0,3.0,0.32421875,1.0,1.0,2.0,0.41015625,0.08203125,"Retention is frequency under declared balanced sensitivity scenarios, not probability/confidence."
8479616aa987cd4976db,4.0,3.0,4.0,0.30859375,1.0,1.0,2.0,0.5,3.0,2.0,4.0,0.33203125,3.0,2.0,3.0,0.51953125,0.5078125,"Retention is frequency under declared balanced sensitivity scenarios, not probability/confidence."
8480510874ec993391ce,1.0,1.0,2.0,0.5,,,,,2.0,1.0,3.0,0.32421875,1.0,1.0,2.0,0.41015625,0.08203125,"Retention is frequency under declared balanced sensitivity scenarios, not probability/confidence."
848990e445fdc51acd7c,,,,,,,,,,,,,,,,,1.0,"Retention is frequency under declared balanced sensitivity scenarios, not probability/confidence."
84dd93432eb4036ce9a8,4.0,3.0,4.0,0.30859375,3.0,2.0,3.0,0.5,3.0,2.0,4.0,0.33203125,3.0,2.0,3.0,0.51953125,0.66796875,"Retention is frequency under declared balanced sensitivity scenarios, not probability/confidence."
84e3d3e08320ff43032e,2.0,2.0,3.0,0.62890625,,,,,2.0,1.0,2.0,0.24609375,4.0,4.0,4.0,1.0,0.44140625,"Retention is frequency under declared balanced sensitivity scenarios, not probability/confidence."
84e50f55141dcf6fc9e3,3.0,2.0,3.0,0.390625,,,,,2.0,1.0,3.0,0.29296875,2.0,2.0,3.0,0.50390625,0.6484375,"Retention is frequency under declared balanced sensitivity scenarios, not probability/confidence."
84efc08a522ec273833a,3.0,3.0,4.0,0.765625,,,,,3.0,2.0,3.0,0.26171875,2.0,2.0,3.0,0.49609375,0.65234375,"Retention is frequency under declared balanced sensitivity scenarios, not probability/confidence."
84fbe98c4a8b21679945,4.0,3.0,4.0,0.35546875,,,,,4.0,3.0,4.0,0.2421875,4.0,3.0,4.0,0.70703125,0.6640625,"Retention is frequency under declared balanced sensitivity scenarios, not probability/confidence."
852db9572c7e1ddcd31e,,,,,,,,,,,,,,,,,0.4921875,"Retention is frequency under declared balanced sensitivity scenarios, not probability/confidence."
8558da3b9604974f0538,2.0,2.0,3.0,0.6328125,,,,,2.0,1.0,3.0,0.50390625,3.0,2.0,3.0,0.53125,0.01953125,"Retention is frequency under declared balanced sensitivity scenarios, not probability/confidence."
855aacdd2485ef63e9d6,,,,,,,,,,,,,,,,,1.0,"Retention is frequency under declared balanced sensitivity scenarios, not probability/confidence."
8567921f57e57f020c92,4.0,3.0,4.0,0.35546875,,,,,4.0,3.0,4.0,0.2421875,4.0,3.0,4.0,0.70703125,0.66796875,"Retention is frequency under declared balanced sensitivity scenarios, not probability/confidence."
857b03fcd4866689c086,4.0,3.0,4.0,0.30859375,3.0,2.0,3.0,0.5,3.0,2.0,4.0,0.33203125,3.0,2.0,3.0,0.51953125,0.66796875,"Retention is frequency under declared balanced sensitivity scenarios, not probability/confidence."
8593309e4f6babff4510,,,,,,,,,,,,,,,,,1.0,"Retention is frequency under declared balanced sensitivity scenarios, not probability/confidence."
85b84d1ca3b6bbb0d623,3.0,3.0,4.0,0.765625,,,,,3.0,2.0,3.0,0.26171875,2.0,2.0,3.0,0.49609375,0.65234375,"Retention is frequency under declared balanced sensitivity scenarios, not probability/confidence."
85d6771108dc904f31f2,,,,,,,,,,,,,,,,,1.0,"Retention is frequency under declared balanced sensitivity scenarios, not probability/confidence."
85f53d50d8e23c5b5ae0,3.0,3.0,4.0,0.765625,,,,,3.0,2.0,3.0,0.26171875,2.0,2.0,3.0,0.49609375,0.65234375,"Retention is frequency under declared balanced sensitivity scenarios, not probability/confidence."
85f7eb703610c3a57f8e,4.0,3.0,4.0,0.375,4.0,3.0,4.0,0.23828125,4.0,3.0,4.0,0.2421875,3.0,2.0,3.0,0.75390625,0.25,"Retention is frequency under declared balanced sensitivity scenarios, not probability/confidence."
85fdba20c31340efc986,,,,,,,,,,,,,,,,,1.0,"Retention is frequency under declared balanced sensitivity scenarios, not probability/confidence."
8603bbd042bd0d3af387,3.0,3.0,4.0,0.7734375,,,,,3.0,2.0,3.0,0.23828125,2.0,2.0,3.0,0.49609375,0.625,"Retention is frequency under declared balanced sensitivity scenarios, not probability/confidence."
8612f60730e2e737c7a3,1.0,1.0,2.0,0.5,,,,,2.0,1.0,3.0,0.32421875,1.0,1.0,2.0,0.41015625,0.1640625,"Retention is frequency under declared balanced sensitivity scenarios, not probability/confidence."
8642f1b87678a3c9505e,,,,,,,,,,,,,,,,,0.5,"Retention is frequency under declared balanced sensitivity scenarios, not probability/confidence."
864596a5cbdea4ee29fa,3.0,3.0,4.0,0.765625,,,,,3.0,2.0,3.0,0.26171875,2.0,2.0,3.0,0.49609375,0.65234375,"Retention is frequency under declared balanced sensitivity scenarios, not probability/confidence."
864947ddb84a595ef467,4.0,3.0,4.0,0.5,,,,,4.0,3.0,4.0,0.5,4.0,3.0,4.0,0.70703125,0.66796875,"Retention is frequency under declared balanced sensitivity scenarios, not probability/confidence."
864b6264f97c63178811,2.0,2.0,3.0,0.62890625,,,,,2.0,1.0,2.0,0.24609375,4.0,4.0,4.0,1.0,0.44140625,"Retention is frequency under declared balanced sensitivity scenarios, not probability/confidence."
8664b6420f57581d9804,2.0,1.0,2.0,0.5,,,,,3.0,2.0,3.0,0.26171875,2.0,1.0,2.0,0.73046875,0.046875,"Retention is frequency under declared balanced sensitivity scenarios, not probability/confidence."
8687c5f6deec68e6d784,3.0,2.0,3.0,0.390625,,,,,2.0,1.0,3.0,0.29296875,2.0,2.0,3.0,0.50390625,0.6484375,"Retention is frequency under declared balanced sensitivity scenarios, not probability/confidence."
868c3761714026f1ae10,1.0,1.0,2.0,0.5,,,,,2.0,1.0,3.0,0.32421875,1.0,1.0,2.0,0.41015625,0.08203125,"Retention is frequency under declared balanced sensitivity scenarios, not probability/confidence."
86da96b32c7158d585e8,2.0,2.0,3.0,0.62890625,,,,,2.0,1.0,2.0,0.24609375,4.0,4.0,4.0,1.0,0.44140625,"Retention is frequency under declared balanced sensitivity scenarios, not probability/confidence."
86e8aad52155eb9ac077,2.0,1.0,2.0,0.5,,,,,3.0,2.0,3.0,0.26171875,2.0,1.0,2.0,0.73046875,0.046875,"Retention is frequency under declared balanced sensitivity scenarios, not probability/confidence."
86eb6ae787fdf48e5857,2.0,2.0,3.0,0.6328125,,,,,2.0,1.0,3.0,0.50390625,3.0,2.0,3.0,0.53125,0.01953125,"Retention is frequency under declared balanced sensitivity scenarios, not probability/confidence."
870b271a6002645ad5b7,2.0,1.0,2.0,0.5,,,,,3.0,2.0,3.0,0.22265625,1.0,1.0,2.0,0.43359375,0.3828125,"Retention is frequency under declared balanced sensitivity scenarios, not probability/confidence."
870b6abcfbc8426aeb34,4.0,3.0,4.0,0.35546875,,,,,4.0,3.0,4.0,0.2421875,4.0,3.0,4.0,0.70703125,0.66796875,"Retention is frequency under declared balanced sensitivity scenarios, not probability/confidence."
8718443730ef75fc719b,2.0,2.0,3.0,0.62890625,,,,,2.0,1.0,2.0,0.24609375,4.0,4.0,4.0,1.0,0.44921875,"Retention is frequency under declared balanced sensitivity scenarios, not probability/confidence."
8743911d2e4d643ae3d1,4.0,3.0,4.0,0.375,4.0,3.0,4.0,0.24609375,4.0,3.0,4.0,0.2421875,3.0,2.0,3.0,0.75390625,0.17578125,"Retention is frequency under declared balanced sensitivity scenarios, not probability/confidence."
8761b81a5b914ceaac9e,1.0,1.0,2.0,0.5,,,,,2.0,1.0,3.0,0.32421875,1.0,1.0,2.0,0.41015625,0.1640625,"Retention is frequency under declared balanced sensitivity scenarios, not probability/confidence."
876daa898529725eb389,2.0,2.0,3.0,0.6328125,1.0,1.0,2.0,0.5,2.0,1.0,3.0,0.50390625,3.0,2.0,3.0,0.53125,0.4765625,"Retention is frequency under declared balanced sensitivity scenarios, not probability/confidence."
87824c30844d88b8fb4a,,,,,,,,,,,,,,,,,0.34765625,"Retention is frequency under declared balanced sensitivity scenarios, not probability/confidence."
8786f14884e570407786,2.0,2.0,3.0,0.6328125,,,,,2.0,1.0,3.0,0.50390625,3.0,2.0,3.0,0.53125,0.01953125,"Retention is frequency under declared balanced sensitivity scenarios, not probability/confidence."
87871738f0860bc3c8ac,4.0,3.0,4.0,0.35546875,,,,,4.0,3.0,4.0,0.2421875,4.0,3.0,4.0,0.70703125,0.66796875,"Retention is frequency under declared balanced sensitivity scenarios, not probability/confidence."
87895bdc32a2027c7c61,2.0,2.0,3.0,0.6328125,1.0,1.0,2.0,0.5,2.0,1.0,3.0,0.50390625,3.0,2.0,3.0,0.53125,0.4765625,"Retention is frequency under declared balanced sensitivity scenarios, not probability/confidence."
87b57269afd2bf12df4d,4.0,3.0,4.0,0.35546875,,,,,4.0,3.0,4.0,0.2421875,4.0,3.0,4.0,0.70703125,0.66796875,"Retention is frequency under declared balanced sensitivity scenarios, not probability/confidence."
87bbf23c2f0caa8aa0e3,4.0,3.0,4.0,0.375,4.0,3.0,4.0,0.23828125,4.0,3.0,4.0,0.2421875,3.0,2.0,3.0,0.75390625,0.25,"Retention is frequency under declared balanced sensitivity scenarios, not probability/confidence."
87bc3f29e439bebd2edf,4.0,3.0,4.0,0.35546875,,,,,4.0,3.0,4.0,0.2421875,4.0,3.0,4.0,0.70703125,0.66796875,"Retention is frequency under declared balanced sensitivity scenarios, not probability/confidence."
87be6e72563389b19618,1.0,1.0,2.0,0.5,,,,,2.0,1.0,3.0,0.32421875,1.0,1.0,2.0,0.41015625,0.1640625,"Retention is frequency under declared balanced sensitivity scenarios, not probability/confidence."
87dcf39eb35eef5be762,1.0,1.0,2.0,0.5,,,,,2.0,1.0,3.0,0.33984375,1.0,1.0,2.0,0.390625,0.17578125,"Retention is frequency under declared balanced sensitivity scenarios, not probability/confidence."
87e186f2be5d84099644,3.0,3.0,4.0,0.7734375,,,,,3.0,2.0,3.0,0.23828125,2.0,2.0,3.0,0.49609375,0.4296875,"Retention is frequency under declared balanced sensitivity scenarios, not probability/confidence."
87ee2123c98a618276fd,,,,,,,,,,,,,,,,,0.4921875,"Retention is frequency under declared balanced sensitivity scenarios, not probability/confidence."
87f3ba304ef1fdb86204,2.0,2.0,3.0,0.62109375,,,,,3.0,2.0,3.0,0.23046875,2.0,2.0,3.0,0.51953125,0.01953125,"Retention is frequency under declared balanced sensitivity scenarios, not probability/confidence."
8813987800984069f546,1.0,1.0,2.0,0.5,,,,,2.0,1.0,3.0,0.32421875,1.0,1.0,2.0,0.41015625,0.1640625,"Retention is frequency under declared balanced sensitivity scenarios, not probability/confidence."
88162cb569ba83dcbe3f,4.0,3.0,4.0,0.375,1.0,1.0,2.0,0.33203125,4.0,3.0,4.0,0.33984375,3.0,2.0,3.0,0.75390625,0.47265625,"Retention is frequency under declared balanced sensitivity scenarios, not probability/confidence."
88196fec6da01bc1b125,,,,,,,,,,,,,,,,,0.34765625,"Retention is frequency under declared balanced sensitivity scenarios, not probability/confidence."
883b58942dc4b14ba3e6,1.0,1.0,2.0,0.5,,,,,2.0,1.0,3.0,0.33984375,1.0,1.0,2.0,0.390625,0.17578125,"Retention is frequency under declared balanced sensitivity scenarios, not probability/confidence."
8850c475958b0c2766b4,2.0,2.0,3.0,0.62890625,,,,,2.0,1.0,2.0,0.24609375,4.0,4.0,4.0,1.0,0.44921875,"Retention is frequency under declared balanced sensitivity scenarios, not probability/confidence."
88572978957c4ba959a4,3.0,2.0,3.0,0.390625,,,,,2.0,1.0,3.0,0.29296875,2.0,2.0,3.0,0.50390625,0.6484375,"Retention is frequency under declared balanced sensitivity scenarios, not probability/confidence."
886b797f7d31eabc0823,3.0,2.0,3.0,0.390625,,,,,2.0,1.0,3.0,0.29296875,2.0,2.0,3.0,0.50390625,0.6484375,"Retention is frequency under declared balanced sensitivity scenarios, not probability/confidence."
88739dcedf32ae5a0463,3.0,3.0,4.0,0.765625,,,,,3.0,2.0,3.0,0.26171875,2.0,2.0,3.0,0.49609375,0.65234375,"Retention is frequency under declared balanced sensitivity scenarios, not probability/confidence."
887c205c31a47a7f9c89,,,,,,,,,,,,,,,,,1.0,"Retention is frequency under declared balanced sensitivity scenarios, not probability/confidence."
889288bed37cba048998,,,,,,,,,,,,,,,,,1.0,"Retention is frequency under declared balanced sensitivity scenarios, not probability/confidence."
88959feb77f01333c642,4.0,3.0,4.0,0.30859375,3.0,2.0,3.0,0.5,3.0,2.0,4.0,0.33203125,3.0,2.0,3.0,0.51953125,0.66796875,"Retention is frequency under declared balanced sensitivity scenarios, not probability/confidence."
88b6d5e8b80135978b22,4.0,3.0,4.0,0.30859375,3.0,2.0,3.0,0.5,3.0,2.0,4.0,0.33203125,3.0,2.0,3.0,0.51953125,0.66796875,"Retention is frequency under declared balanced sensitivity scenarios, not probability/confidence."
88d8f24532c1b32b6058,3.0,2.0,3.0,0.390625,,,,,2.0,1.0,3.0,0.29296875,2.0,2.0,3.0,0.50390625,0.40625,"Retention is frequency under declared balanced sensitivity scenarios, not probability/confidence."
88e59e794e38cee6140b,2.0,1.0,2.0,0.5,,,,,3.0,2.0,3.0,0.22265625,1.0,1.0,2.0,0.43359375,0.25390625,"Retention is frequency under declared balanced sensitivity scenarios, not probability/confidence."
88ed4bc53168fdab9e46,1.0,1.0,2.0,0.5,,,,,2.0,1.0,3.0,0.32421875,1.0,1.0,2.0,0.41015625,0.1640625,"Retention is frequency under declared balanced sensitivity scenarios, not probability/confidence."
88ee0851fee8ac21d23f,2.0,2.0,3.0,0.62109375,,,,,3.0,2.0,3.0,0.23046875,2.0,2.0,3.0,0.51953125,0.0390625,"Retention is frequency under declared balanced sensitivity scenarios, not probability/confidence."
88f127aca7a80d7b3d6d,1.0,1.0,2.0,0.5,,,,,2.0,1.0,3.0,0.33984375,1.0,1.0,2.0,0.390625,0.17578125,"Retention is frequency under declared balanced sensitivity scenarios, not probability/confidence."
890f2371dd896f4c6af7,,,,,,,,,2.0,1.0,3.0,0.30859375,4.0,3.0,4.0,0.65234375,0.66796875,"Retention is frequency under declared balanced sensitivity scenarios, not probability/confidence."
891562dcd81b81a1afbf,,,,,,,,,,,,,,,,,1.0,"Retention is frequency under declared balanced sensitivity scenarios, not probability/confidence."
891a8544c97451c5da89,3.0,3.0,4.0,0.7734375,,,,,3.0,2.0,3.0,0.23828125,2.0,2.0,3.0,0.49609375,0.625,"Retention is frequency under declared balanced sensitivity scenarios, not probability/confidence."
8927c21d5d422ec9b5b0,2.0,2.0,3.0,0.6328125,,,,,2.0,1.0,3.0,0.50390625,3.0,2.0,3.0,0.53125,0.01953125,"Retention is frequency under declared balanced sensitivity scenarios, not probability/confidence."
892f1b0bd54f162435e6,2.0,2.0,3.0,0.62109375,,,,,3.0,2.0,3.0,0.23046875,2.0,2.0,3.0,0.51953125,0.0390625,"Retention is frequency under declared balanced sensitivity scenarios, not probability/confidence."
893bf99dcb917bf9cedc,2.0,2.0,3.0,0.6328125,,,,,2.0,1.0,3.0,0.50390625,3.0,2.0,3.0,0.53125,0.01953125,"Retention is frequency under declared balanced sensitivity scenarios, not probability/confidence."
895cdb60aca9154a7e5a,,,,,,,,,,,,,,,,,0.4921875,"Retention is frequency under declared balanced sensitivity scenarios, not probability/confidence."
896a32f49c63b1af2386,4.0,3.0,4.0,0.25390625,,,,,4.0,3.0,4.0,0.2421875,4.0,3.0,4.0,0.70703125,0.3359375,"Retention is frequency under declared balanced sensitivity scenarios, not probability/confidence."
896c78f47db1a7ebf6bb,3.0,3.0,4.0,0.765625,,,,,3.0,2.0,3.0,0.26171875,2.0,2.0,3.0,0.49609375,0.65234375,"Retention is frequency under declared balanced sensitivity scenarios, not probability/confidence."
89702c5451482d75bab2,4.0,3.0,4.0,0.30859375,1.0,1.0,2.0,0.5,3.0,2.0,4.0,0.33203125,3.0,2.0,3.0,0.51953125,0.75390625,"Retention is frequency under declared balanced sensitivity scenarios, not probability/confidence."
897bbb7b87022007ee48,4.0,3.0,4.0,0.375,4.0,3.0,4.0,0.24609375,4.0,3.0,4.0,0.2421875,3.0,2.0,3.0,0.75390625,0.2421875,"Retention is frequency under declared balanced sensitivity scenarios, not probability/confidence."
89bb79e347598720992f,4.0,3.0,4.0,0.375,1.0,1.0,2.0,0.33203125,4.0,3.0,4.0,0.41015625,3.0,2.0,3.0,0.75390625,0.47265625,"Retention is frequency under declared balanced sensitivity scenarios, not probability/confidence."
89e23d5405a5359ca817,2.0,2.0,3.0,0.6328125,,,,,2.0,1.0,3.0,0.50390625,3.0,2.0,3.0,0.53125,0.01953125,"Retention is frequency under declared balanced sensitivity scenarios, not probability/confidence."
89f1cd4f33aa9d2f9668,4.0,3.0,4.0,0.30859375,3.0,2.0,3.0,0.5,3.0,2.0,4.0,0.33203125,3.0,2.0,3.0,0.51953125,0.66796875,"Retention is frequency under declared balanced sensitivity scenarios, not probability/confidence."
89f4bea0e390c0b1065c,3.0,2.0,3.0,0.390625,,,,,2.0,1.0,3.0,0.29296875,2.0,2.0,3.0,0.50390625,0.6484375,"Retention is frequency under declared balanced sensitivity scenarios, not probability/confidence."
8a0613432e8ba76b409c,2.0,2.0,3.0,0.62890625,,,,,2.0,1.0,2.0,0.24609375,4.0,4.0,4.0,1.0,0.44921875,"Retention is frequency under declared balanced sensitivity scenarios, not probability/confidence."
8a08b90214c6350f8cdc,2.0,2.0,3.0,0.6328125,,,,,2.0,1.0,3.0,0.50390625,3.0,2.0,3.0,0.53125,0.01953125,"Retention is frequency under declared balanced sensitivity scenarios, not probability/confidence."
8a1ab1a124bacf251072,2.0,1.0,2.0,0.5,,,,,3.0,2.0,3.0,0.22265625,1.0,1.0,2.0,0.34375,0.265625,"Retention is frequency under declared balanced sensitivity scenarios, not probability/confidence."
8a58772bba15e6897e27,4.0,3.0,4.0,0.35546875,,,,,4.0,3.0,4.0,0.2421875,4.0,3.0,4.0,0.70703125,0.66796875,"Retention is frequency under declared balanced sensitivity scenarios, not probability/confidence."
8a5d5290aa288fcef3cd,,,,,,,,,,,,,,,,,1.0,"Retention is frequency under declared balanced sensitivity scenarios, not probability/confidence."
8a6eee613667fcae1a04,2.0,1.0,2.0,0.5,,,,,3.0,2.0,3.0,0.22265625,1.0,1.0,2.0,0.35546875,0.25390625,"Retention is frequency under declared balanced sensitivity scenarios, not probability/confidence."
8a7e0f5b9507d5ba2d28,2.0,2.0,3.0,0.62109375,,,,,3.0,2.0,3.0,0.23046875,2.0,2.0,3.0,0.51953125,0.01953125,"Retention is frequency under declared balanced sensitivity scenarios, not probability/confidence."
8a99915d0633f9842e94,1.0,1.0,2.0,0.5,,,,,2.0,1.0,3.0,0.32421875,1.0,1.0,2.0,0.41015625,0.08203125,"Retention is frequency under declared balanced sensitivity scenarios, not probability/confidence."
8aa7f499683079fde343,2.0,2.0,3.0,0.62109375,,,,,3.0,2.0,3.0,0.23046875,2.0,2.0,3.0,0.51953125,0.0390625,"Retention is frequency under declared balanced sensitivity scenarios, not probability/confidence."
8aa97d725d197a870975,2.0,2.0,3.0,0.62109375,,,,,3.0,2.0,3.0,0.23046875,2.0,2.0,3.0,0.51953125,0.0390625,"Retention is frequency under declared balanced sensitivity scenarios, not probability/confidence."
8aaadb05c1d829f74899,2.0,2.0,3.0,0.62890625,,,,,2.0,1.0,2.0,0.24609375,4.0,4.0,4.0,1.0,0.44921875,"Retention is frequency under declared balanced sensitivity scenarios, not probability/confidence."
8ab605967887f24654d7,,,,,,,,,2.0,1.0,3.0,0.30859375,4.0,3.0,4.0,0.65234375,0.66796875,"Retention is frequency under declared balanced sensitivity scenarios, not probability/confidence."
8acc39f3279207067efc,2.0,2.0,3.0,0.6328125,,,,,2.0,1.0,3.0,0.50390625,3.0,2.0,3.0,0.53125,0.46875,"Retention is frequency under declared balanced sensitivity scenarios, not probability/confidence."
8accf25db4784b6035b2,2.0,2.0,3.0,0.6328125,,,,,2.0,1.0,3.0,0.50390625,3.0,2.0,3.0,0.53125,0.01953125,"Retention is frequency under declared balanced sensitivity scenarios, not probability/confidence."
8ae3750a9889bd657072,,,,,,,,,,,,,,,,,1.0,"Retention is frequency under declared balanced sensitivity scenarios, not probability/confidence."
8ae9c1bfd8f0df26a32c,4.0,3.0,4.0,0.375,4.0,3.0,4.0,0.23828125,4.0,3.0,4.0,0.2421875,3.0,2.0,3.0,0.75390625,0.25,"Retention is frequency under declared balanced sensitivity scenarios, not probability/confidence."
8af91b6a8daf5ffdfec2,2.0,2.0,3.0,0.6328125,,,,,2.0,1.0,3.0,0.50390625,3.0,2.0,3.0,0.53125,0.01953125,"Retention is frequency under declared balanced sensitivity scenarios, not probability/confidence."
8b0736ec64d5615083b1,1.0,1.0,2.0,0.5,,,,,2.0,1.0,3.0,0.33984375,1.0,1.0,2.0,0.390625,0.17578125,"Retention is frequency under declared balanced sensitivity scenarios, not probability/confidence."
8b1aa80fc5587ae9a614,2.0,2.0,3.0,0.62109375,,,,,3.0,2.0,3.0,0.23046875,2.0,2.0,3.0,0.51953125,0.01953125,"Retention is frequency under declared balanced sensitivity scenarios, not probability/confidence."
8b1f30e039e141a8ece8,2.0,2.0,3.0,0.6328125,1.0,1.0,2.0,0.5,2.0,1.0,3.0,0.50390625,3.0,2.0,3.0,0.53125,0.4765625,"Retention is frequency under declared balanced sensitivity scenarios, not probability/confidence."
8b21b01c72390d2fa380,2.0,2.0,3.0,0.62109375,,,,,3.0,2.0,3.0,0.23046875,2.0,2.0,3.0,0.51953125,0.0390625,"Retention is frequency under declared balanced sensitivity scenarios, not probability/confidence."
8b26becddfce01abec5a,4.0,3.0,4.0,0.375,1.0,1.0,2.0,0.33203125,4.0,3.0,4.0,0.41015625,3.0,2.0,3.0,0.75390625,0.44921875,"Retention is frequency under declared balanced sensitivity scenarios, not probability/confidence."
8b431027897c64f8a12c,4.0,3.0,4.0,0.30859375,1.0,1.0,2.0,0.5,3.0,2.0,4.0,0.33203125,3.0,2.0,3.0,0.51953125,0.75390625,"Retention is frequency under declared balanced sensitivity scenarios, not probability/confidence."
8b4d725668debf0514f7,1.0,1.0,2.0,0.5,,,,,2.0,1.0,3.0,0.32421875,1.0,1.0,2.0,0.41015625,0.1640625,"Retention is frequency under declared balanced sensitivity scenarios, not probability/confidence."
8b6e8ceb34983fc97db6,2.0,2.0,3.0,0.6328125,,,,,2.0,1.0,3.0,0.50390625,3.0,2.0,3.0,0.53125,0.01953125,"Retention is frequency under declared balanced sensitivity scenarios, not probability/confidence."
8b7548a3d1710b25ec4b,,,,,,,,,,,,,,,,,0.53125,"Retention is frequency under declared balanced sensitivity scenarios, not probability/confidence."
8b8969ad0a1cdab9239b,2.0,1.0,2.0,0.5,,,,,3.0,2.0,3.0,0.22265625,1.0,1.0,2.0,0.43359375,0.3828125,"Retention is frequency under declared balanced sensitivity scenarios, not probability/confidence."
8b96a500667b771e1ca2,2.0,1.0,2.0,0.5,,,,,3.0,2.0,3.0,0.26171875,2.0,1.0,2.0,0.73046875,0.1640625,"Retention is frequency under declared balanced sensitivity scenarios, not probability/confidence."
8ba75c42f33cdf2e9b1a,,,,,,,,,,,,,,,,,1.0,"Retention is frequency under declared balanced sensitivity scenarios, not probability/confidence."
8bbaefecccb034e475da,,,,,,,,,2.0,1.0,3.0,0.30859375,4.0,3.0,4.0,0.65234375,0.66796875,"Retention is frequency under declared balanced sensitivity scenarios, not probability/confidence."
8bc191545a5fc743b544,,,,,,,,,,,,,,,,,1.0,"Retention is frequency under declared balanced sensitivity scenarios, not probability/confidence."
8bc7e6981645e15b20f0,2.0,1.0,2.0,0.5,,,,,3.0,2.0,3.0,0.22265625,1.0,1.0,2.0,0.34375,0.265625,"Retention is frequency under declared balanced sensitivity scenarios, not probability/confidence."
8bf0eadf1325e2c4ce2f,,,,,,,,,,,,,,,,,1.0,"Retention is frequency under declared balanced sensitivity scenarios, not probability/confidence."
8bf0f7cabb12fbd8513d,2.0,2.0,3.0,0.62109375,,,,,3.0,2.0,3.0,0.23046875,2.0,2.0,3.0,0.51953125,0.0390625,"Retention is frequency under declared balanced sensitivity scenarios, not probability/confidence."
8c260261f07385abe3af,4.0,3.0,4.0,0.375,4.0,3.0,4.0,0.24609375,4.0,3.0,4.0,0.2421875,3.0,2.0,3.0,0.75390625,0.2421875,"Retention is frequency under declared balanced sensitivity scenarios, not probability/confidence."
8c33783961f8ddbdfc3e,,,,,,,,,,,,,,,,,1.0,"Retention is frequency under declared balanced sensitivity scenarios, not probability/confidence."
8c5d1a16f42c10147336,1.0,1.0,2.0,0.5,,,,,2.0,1.0,3.0,0.32421875,1.0,1.0,2.0,0.41015625,0.1640625,"Retention is frequency under declared balanced sensitivity scenarios, not probability/confidence."
8c5da581a1490ce56a3f,1.0,1.0,2.0,0.5,,,,,2.0,1.0,3.0,0.32421875,1.0,1.0,2.0,0.41015625,0.1640625,"Retention is frequency under declared balanced sensitivity scenarios, not probability/confidence."
8c5e9d75b7f01d102218,4.0,3.0,4.0,0.35546875,,,,,4.0,3.0,4.0,0.2421875,4.0,3.0,4.0,0.70703125,0.66796875,"Retention is frequency under declared balanced sensitivity scenarios, not probability/confidence."
8c6ef5fb8e4a5b776e5e,2.0,2.0,3.0,0.62890625,,,,,2.0,1.0,2.0,0.24609375,4.0,4.0,4.0,1.0,0.44921875,"Retention is frequency under declared balanced sensitivity scenarios, not probability/confidence."
8c838b798235509fc587,2.0,2.0,3.0,0.62109375,,,,,3.0,2.0,3.0,0.23046875,2.0,2.0,3.0,0.51953125,0.01953125,"Retention is frequency under declared balanced sensitivity scenarios, not probability/confidence."
8c8fef8d253aae4b4bd6,3.0,2.0,3.0,0.390625,,,,,2.0,1.0,3.0,0.29296875,2.0,2.0,3.0,0.50390625,0.6484375,"Retention is frequency under declared balanced sensitivity scenarios, not probability/confidence."
8c928b278d44de7a6dd9,,,,,,,,,,,,,,,,,1.0,"Retention is frequency under declared balanced sensitivity scenarios, not probability/confidence."
8c9eb45a602db9962912,2.0,2.0,3.0,0.62109375,,,,,3.0,2.0,3.0,0.23046875,2.0,2.0,3.0,0.51953125,0.0390625,"Retention is frequency under declared balanced sensitivity scenarios, not probability/confidence."
8ca858e1cf2b4299c72e,3.0,3.0,4.0,0.765625,,,,,3.0,2.0,3.0,0.26171875,2.0,2.0,3.0,0.49609375,0.65234375,"Retention is frequency under declared balanced sensitivity scenarios, not probability/confidence."
8cad79b33b2aab5de968,4.0,3.0,4.0,0.30859375,3.0,2.0,3.0,0.5,3.0,2.0,4.0,0.33203125,3.0,2.0,3.0,0.51953125,0.66796875,"Retention is frequency under declared balanced sensitivity scenarios, not probability/confidence."
8cba999ef15851ca137a,1.0,1.0,2.0,0.5,,,,,2.0,1.0,3.0,0.32421875,1.0,1.0,2.0,0.41015625,0.1640625,"Retention is frequency under declared balanced sensitivity scenarios, not probability/confidence."
8cd6f54cf3a4ec823616,4.0,3.0,4.0,0.375,4.0,3.0,4.0,0.24609375,4.0,3.0,4.0,0.2421875,3.0,2.0,3.0,0.75390625,0.2421875,"Retention is frequency under declared balanced sensitivity scenarios, not probability/confidence."
8ce442694a973975b970,1.0,1.0,2.0,0.5,,,,,2.0,1.0,3.0,0.33984375,1.0,1.0,2.0,0.390625,0.17578125,"Retention is frequency under declared balanced sensitivity scenarios, not probability/confidence."
8ce4460584e6cc73983a,4.0,3.0,4.0,0.35546875,,,,,4.0,3.0,4.0,0.2421875,4.0,3.0,4.0,0.70703125,0.66796875,"Retention is frequency under declared balanced sensitivity scenarios, not probability/confidence."
8ce6212d508d0285f780,2.0,1.0,2.0,0.5,,,,,3.0,2.0,3.0,0.26171875,2.0,1.0,2.0,0.73046875,0.046875,"Retention is frequency under declared balanced sensitivity scenarios, not probability/confidence."
8cef5575c7646d5023b1,4.0,3.0,4.0,0.35546875,,,,,4.0,3.0,4.0,0.2421875,4.0,3.0,4.0,0.70703125,1.0,"Retention is frequency under declared balanced sensitivity scenarios, not probability/confidence."
8cfab34394c136b0edc1,1.0,1.0,2.0,0.5,,,,,2.0,1.0,3.0,0.33984375,1.0,1.0,2.0,0.390625,0.17578125,"Retention is frequency under declared balanced sensitivity scenarios, not probability/confidence."
8cfadc3165cfed97c74d,2.0,2.0,3.0,0.62890625,,,,,2.0,1.0,2.0,0.24609375,4.0,4.0,4.0,1.0,0.44140625,"Retention is frequency under declared balanced sensitivity scenarios, not probability/confidence."
8d516a108560d5a5256c,3.0,3.0,4.0,0.7734375,,,,,3.0,2.0,3.0,0.23828125,2.0,2.0,3.0,0.49609375,0.625,"Retention is frequency under declared balanced sensitivity scenarios, not probability/confidence."
8d7185d320eb43e54a56,4.0,3.0,4.0,0.375,4.0,3.0,4.0,0.24609375,4.0,3.0,4.0,0.2421875,3.0,2.0,3.0,0.75390625,0.2734375,"Retention is frequency under declared balanced sensitivity scenarios, not probability/confidence."
8d7c497a63dd5f10781a,1.0,1.0,2.0,0.5,,,,,2.0,1.0,3.0,0.33984375,1.0,1.0,2.0,0.390625,0.07421875,"Retention is frequency under declared balanced sensitivity scenarios, not probability/confidence."
8d8eabbec19fe4d449a0,4.0,3.0,4.0,0.30859375,1.0,1.0,2.0,0.5,3.0,2.0,4.0,0.33203125,3.0,2.0,3.0,0.51953125,0.75390625,"Retention is frequency under declared balanced sensitivity scenarios, not probability/confidence."
8d9f2e9709678df0105b,4.0,3.0,4.0,0.30859375,3.0,2.0,3.0,0.5,3.0,2.0,4.0,0.33203125,3.0,2.0,3.0,0.51953125,0.43359375,"Retention is frequency under declared balanced sensitivity scenarios, not probability/confidence."
8da01fb3b7290e452c29,3.0,2.0,3.0,0.390625,,,,,2.0,1.0,3.0,0.29296875,2.0,2.0,3.0,0.50390625,0.6484375,"Retention is frequency under declared balanced sensitivity scenarios, not probability/confidence."
8dadef5fe3db96e28bd3,,,,,,,,,,,,,,,,,1.0,"Retention is frequency under declared balanced sensitivity scenarios, not probability/confidence."
8db0012085aad94e2a74,,,,,,,,,,,,,,,,,0.4921875,"Retention is frequency under declared balanced sensitivity scenarios, not probability/confidence."
8dd18012396922d3694b,2.0,1.0,2.0,0.5,,,,,3.0,2.0,3.0,0.22265625,1.0,1.0,2.0,0.43359375,0.25390625,"Retention is frequency under declared balanced sensitivity scenarios, not probability/confidence."
8dd33950e4d426ba439d,3.0,2.0,3.0,0.390625,,,,,2.0,1.0,3.0,0.29296875,2.0,2.0,3.0,0.50390625,0.6484375,"Retention is frequency under declared balanced sensitivity scenarios, not probability/confidence."
8df049af7f176f3a2007,4.0,3.0,4.0,0.30859375,3.0,2.0,3.0,0.5,3.0,2.0,4.0,0.33203125,3.0,2.0,3.0,0.51953125,0.66796875,"Retention is frequency under declared balanced sensitivity scenarios, not probability/confidence."
8df051cf8967334cc750,1.0,1.0,2.0,0.5,,,,,2.0,1.0,3.0,0.32421875,1.0,1.0,2.0,0.41015625,0.1640625,"Retention is frequency under declared balanced sensitivity scenarios, not probability/confidence."
8df8903aeebbc606535b,1.0,1.0,2.0,0.5,,,,,2.0,1.0,3.0,0.32421875,1.0,1.0,2.0,0.41015625,0.1640625,"Retention is frequency under declared balanced sensitivity scenarios, not probability/confidence."
8dfe17c5bf939847be21,,,,,,,,,,,,,,,,,1.0,"Retention is frequency under declared balanced sensitivity scenarios, not probability/confidence."
8e02fc67168c53373173,3.0,3.0,4.0,0.7734375,,,,,3.0,2.0,3.0,0.23828125,2.0,2.0,3.0,0.49609375,0.625,"Retention is frequency under declared balanced sensitivity scenarios, not probability/confidence."
8e087eb22ae750c68c62,,,,,,,,,,,,,,,,,1.0,"Retention is frequency under declared balanced sensitivity scenarios, not probability/confidence."
8e26e837b2ae8d2f28a3,4.0,3.0,4.0,0.35546875,,,,,4.0,3.0,4.0,0.2421875,4.0,3.0,4.0,0.70703125,0.66796875,"Retention is frequency under declared balanced sensitivity scenarios, not probability/confidence."
8e2a948ee09b274c23f0,4.0,3.0,4.0,0.30859375,3.0,2.0,3.0,0.5,3.0,2.0,4.0,0.33203125,3.0,2.0,3.0,0.51953125,0.66796875,"Retention is frequency under declared balanced sensitivity scenarios, not probability/confidence."
8e3de6e1cbdb4624ca13,4.0,3.0,4.0,0.30859375,3.0,2.0,3.0,0.5,3.0,2.0,4.0,0.33203125,3.0,2.0,3.0,0.51953125,0.66796875,"Retention is frequency under declared balanced sensitivity scenarios, not probability/confidence."
8e520260e003321acd2c,,,,,,,,,,,,,,,,,1.0,"Retention is frequency under declared balanced sensitivity scenarios, not probability/confidence."
8e67fc5ca1b5d134624a,4.0,3.0,4.0,0.375,1.0,1.0,2.0,0.2578125,4.0,3.0,4.0,0.52734375,3.0,2.0,3.0,0.75390625,0.47265625,"Retention is frequency under declared balanced sensitivity scenarios, not probability/confidence."
8e8810e220c546349252,4.0,3.0,4.0,0.375,4.0,3.0,4.0,0.24609375,4.0,3.0,4.0,0.2421875,3.0,2.0,3.0,0.75390625,0.2421875,"Retention is frequency under declared balanced sensitivity scenarios, not probability/confidence."
8e88c54309222ab25276,4.0,3.0,4.0,0.35546875,,,,,4.0,3.0,4.0,0.2421875,4.0,3.0,4.0,0.70703125,0.66796875,"Retention is frequency under declared balanced sensitivity scenarios, not probability/confidence."
8eae96690cf4e842a45e,2.0,2.0,3.0,0.62109375,,,,,3.0,2.0,3.0,0.23046875,2.0,2.0,3.0,0.51953125,0.01953125,"Retention is frequency under declared balanced sensitivity scenarios, not probability/confidence."
8eaf0663db1b7376f60e,4.0,3.0,4.0,0.35546875,,,,,4.0,3.0,4.0,0.2421875,4.0,3.0,4.0,0.70703125,0.66796875,"Retention is frequency under declared balanced sensitivity scenarios, not probability/confidence."
8eb6be0ab89580cb095c,4.0,3.0,4.0,0.30859375,3.0,2.0,3.0,0.5,3.0,2.0,4.0,0.33203125,3.0,2.0,3.0,0.51953125,0.43359375,"Retention is frequency under declared balanced sensitivity scenarios, not probability/confidence."
8eca91edf8c2297e3b65,1.0,1.0,2.0,0.5,,,,,2.0,1.0,3.0,0.32421875,1.0,1.0,2.0,0.41015625,0.1640625,"Retention is frequency under declared balanced sensitivity scenarios, not probability/confidence."
8ed337e782fa6033e9b5,1.0,1.0,2.0,0.5,,,,,2.0,1.0,3.0,0.32421875,1.0,1.0,2.0,0.41015625,0.1640625,"Retention is frequency under declared balanced sensitivity scenarios, not probability/confidence."
8ef2cd0a8828ec282c7d,4.0,3.0,4.0,0.375,4.0,3.0,4.0,0.24609375,4.0,3.0,4.0,0.2421875,3.0,2.0,3.0,0.75390625,0.34375,"Retention is frequency under declared balanced sensitivity scenarios, not probability/confidence."
8f0c18e8a136034d1478,4.0,3.0,4.0,0.30859375,3.0,2.0,3.0,0.5,3.0,2.0,4.0,0.33203125,3.0,2.0,3.0,0.51953125,0.66796875,"Retention is frequency under declared balanced sensitivity scenarios, not probability/confidence."
8f2b85bb07f27257c805,3.0,2.0,3.0,0.390625,,,,,2.0,1.0,3.0,0.29296875,2.0,2.0,3.0,0.50390625,0.6484375,"Retention is frequency under declared balanced sensitivity scenarios, not probability/confidence."
8f34093b0ab10476e3cc,3.0,2.0,3.0,0.390625,,,,,2.0,1.0,3.0,0.29296875,2.0,2.0,3.0,0.50390625,0.6484375,"Retention is frequency under declared balanced sensitivity scenarios, not probability/confidence."
8f565ea3da08436f8f59,2.0,2.0,3.0,0.62890625,,,,,2.0,1.0,2.0,0.24609375,4.0,4.0,4.0,1.0,0.44921875,"Retention is frequency under declared balanced sensitivity scenarios, not probability/confidence."
8f59e97135349a7fc44a,4.0,3.0,4.0,0.30859375,3.0,2.0,3.0,0.5,3.0,2.0,4.0,0.33203125,3.0,2.0,3.0,0.51953125,0.66796875,"Retention is frequency under declared balanced sensitivity scenarios, not probability/confidence."
8f5bd8efe0c66a7508d7,4.0,3.0,4.0,0.30859375,1.0,1.0,2.0,0.5,3.0,2.0,4.0,0.33203125,3.0,2.0,3.0,0.51953125,0.75390625,"Retention is frequency under declared balanced sensitivity scenarios, not probability/confidence."
8f684b5f16ccf76a96eb,2.0,2.0,3.0,0.62890625,,,,,2.0,1.0,2.0,0.24609375,4.0,4.0,4.0,1.0,0.44921875,"Retention is frequency under declared balanced sensitivity scenarios, not probability/confidence."
8f7ae6c2f863952906a8,1.0,1.0,2.0,0.5,,,,,2.0,1.0,3.0,0.33984375,1.0,1.0,2.0,0.390625,0.07421875,"Retention is frequency under declared balanced sensitivity scenarios, not probability/confidence."
8f7f425dd5495767e9f5,4.0,3.0,4.0,0.30859375,3.0,2.0,3.0,0.5,3.0,2.0,4.0,0.33203125,3.0,2.0,3.0,0.51953125,0.66796875,"Retention is frequency under declared balanced sensitivity scenarios, not probability/confidence."
8f8a0931dbf47c0421c9,4.0,3.0,4.0,0.375,4.0,3.0,4.0,0.24609375,4.0,3.0,4.0,0.2421875,3.0,2.0,3.0,0.75390625,0.2421875,"Retention is frequency under declared balanced sensitivity scenarios, not probability/confidence."
8f961aecac58d144c731,3.0,3.0,4.0,0.7734375,,,,,3.0,2.0,3.0,0.23828125,2.0,2.0,3.0,0.49609375,0.625,"Retention is frequency under declared balanced sensitivity scenarios, not probability/confidence."
8f9af7f69ef4f289de46,1.0,1.0,2.0,0.5,,,,,2.0,1.0,3.0,0.33984375,1.0,1.0,2.0,0.390625,0.17578125,"Retention is frequency under declared balanced sensitivity scenarios, not probability/confidence."
8fa4c046e2a34d982111,2.0,2.0,3.0,0.62890625,,,,,2.0,1.0,2.0,0.24609375,4.0,4.0,4.0,1.0,0.44921875,"Retention is frequency under declared balanced sensitivity scenarios, not probability/confidence."
8fc7e938c83814420ef2,2.0,2.0,3.0,0.62890625,,,,,2.0,1.0,2.0,0.24609375,4.0,4.0,4.0,1.0,0.44921875,"Retention is frequency under declared balanced sensitivity scenarios, not probability/confidence."
8fcffd4ed8884b184bc1,3.0,2.0,3.0,0.390625,,,,,2.0,1.0,3.0,0.29296875,2.0,2.0,3.0,0.50390625,0.6484375,"Retention is frequency under declared balanced sensitivity scenarios, not probability/confidence."
8ffaf06c7fabaa74adbb,4.0,3.0,4.0,0.375,4.0,3.0,4.0,0.24609375,4.0,3.0,4.0,0.2421875,3.0,2.0,3.0,0.75390625,0.1953125,"Retention is frequency under declared balanced sensitivity scenarios, not probability/confidence."
8ffd1e5788e79efc7bf4,4.0,3.0,4.0,0.375,4.0,3.0,4.0,0.24609375,4.0,3.0,4.0,0.2421875,3.0,2.0,3.0,0.75390625,0.2421875,"Retention is frequency under declared balanced sensitivity scenarios, not probability/confidence."
9003f8b4ee4f6c5a57c1,4.0,3.0,4.0,0.30859375,3.0,2.0,3.0,0.5,3.0,2.0,4.0,0.33203125,3.0,2.0,3.0,0.51953125,0.66796875,"Retention is frequency under declared balanced sensitivity scenarios, not probability/confidence."
9010a4d3e8f0e41b318a,2.0,2.0,3.0,0.62890625,,,,,2.0,1.0,2.0,0.24609375,4.0,4.0,4.0,1.0,0.44921875,"Retention is frequency under declared balanced sensitivity scenarios, not probability/confidence."
90373c21d4e8fd0dbae9,2.0,1.0,2.0,0.5,,,,,3.0,2.0,3.0,0.22265625,1.0,1.0,2.0,0.35546875,0.25390625,"Retention is frequency under declared balanced sensitivity scenarios, not probability/confidence."
903cbc682c628677464f,4.0,3.0,4.0,0.375,4.0,3.0,4.0,0.24609375,4.0,3.0,4.0,0.2421875,3.0,2.0,3.0,0.75390625,0.1953125,"Retention is frequency under declared balanced sensitivity scenarios, not probability/confidence."
9040c19af2a641fa6477,,,,,,,,,,,,,,,,,1.0,"Retention is frequency under declared balanced sensitivity scenarios, not probability/confidence."
9045a7407674530d78a8,1.0,1.0,2.0,0.5,,,,,2.0,1.0,3.0,0.33984375,1.0,1.0,2.0,0.390625,0.17578125,"Retention is frequency under declared balanced sensitivity scenarios, not probability/confidence."
904f9fb0f1ad7de9f5b4,1.0,1.0,2.0,0.5,,,,,2.0,1.0,3.0,0.32421875,1.0,1.0,2.0,0.41015625,0.1640625,"Retention is frequency under declared balanced sensitivity scenarios, not probability/confidence."
9056f91d7e76e0f725ca,2.0,2.0,3.0,0.62890625,,,,,2.0,1.0,2.0,0.24609375,4.0,4.0,4.0,1.0,0.44921875,"Retention is frequency under declared balanced sensitivity scenarios, not probability/confidence."
9058fa47ef1ac6e15975,2.0,1.0,2.0,0.5,,,,,3.0,2.0,3.0,0.22265625,1.0,1.0,2.0,0.34375,0.265625,"Retention is frequency under declared balanced sensitivity scenarios, not probability/confidence."
905cf127b220c86f27c8,3.0,3.0,4.0,0.765625,,,,,3.0,2.0,3.0,0.26171875,2.0,2.0,3.0,0.49609375,0.65234375,"Retention is frequency under declared balanced sensitivity scenarios, not probability/confidence."
906a0fa6f8c22527e3ec,4.0,3.0,4.0,0.35546875,,,,,4.0,3.0,4.0,0.2421875,4.0,3.0,4.0,0.70703125,0.66796875,"Retention is frequency under declared balanced sensitivity scenarios, not probability/confidence."
9084640f52bd1f6668bd,4.0,3.0,4.0,0.35546875,,,,,4.0,3.0,4.0,0.2421875,4.0,3.0,4.0,0.70703125,0.66796875,"Retention is frequency under declared balanced sensitivity scenarios, not probability/confidence."
9088ed85062c635d93e3,2.0,2.0,3.0,0.6328125,,,,,2.0,1.0,3.0,0.50390625,3.0,2.0,3.0,0.53125,0.01953125,"Retention is frequency under declared balanced sensitivity scenarios, not probability/confidence."
908e7d86b532e3a941cc,,,,,,,,,,,,,,,,,1.0,"Retention is frequency under declared balanced sensitivity scenarios, not probability/confidence."
90ba5c43f527e07a2d4d,3.0,3.0,4.0,0.7734375,,,,,3.0,2.0,3.0,0.23828125,2.0,2.0,3.0,0.49609375,0.4296875,"Retention is frequency under declared balanced sensitivity scenarios, not probability/confidence."
90c621b5782ac128fe08,4.0,3.0,4.0,0.30859375,1.0,1.0,2.0,0.5,3.0,2.0,4.0,0.33203125,3.0,2.0,3.0,0.51953125,0.75390625,"Retention is frequency under declared balanced sensitivity scenarios, not probability/confidence."
90ce5f58ef8bf502dbc0,2.0,2.0,3.0,0.62109375,,,,,3.0,2.0,3.0,0.23046875,2.0,2.0,3.0,0.51953125,0.0390625,"Retention is frequency under declared balanced sensitivity scenarios, not probability/confidence."
912d85b9255d9a379157,2.0,1.0,2.0,0.5,,,,,3.0,2.0,3.0,0.26171875,2.0,1.0,2.0,0.73046875,0.046875,"Retention is frequency under declared balanced sensitivity scenarios, not probability/confidence."
9143f8cf513f83c8a18a,4.0,3.0,4.0,0.30859375,3.0,2.0,3.0,0.5,3.0,2.0,4.0,0.33203125,3.0,2.0,3.0,0.51953125,0.66796875,"Retention is frequency under declared balanced sensitivity scenarios, not probability/confidence."
9171c59b697a38864c59,2.0,1.0,2.0,0.5,,,,,3.0,2.0,3.0,0.22265625,1.0,1.0,2.0,0.35546875,0.35546875,"Retention is frequency under declared balanced sensitivity scenarios, not probability/confidence."
919d0b5aa4b38b91bcd3,1.0,1.0,2.0,0.5,,,,,2.0,1.0,3.0,0.32421875,1.0,1.0,2.0,0.41015625,0.08203125,"Retention is frequency under declared balanced sensitivity scenarios, not probability/confidence."
91a80ee32ac5c722f48f,2.0,2.0,3.0,0.6328125,,,,,2.0,1.0,3.0,0.50390625,3.0,2.0,3.0,0.53125,0.01953125,"Retention is frequency under declared balanced sensitivity scenarios, not probability/confidence."
91af6464f11a66a8f2c8,,,,,,,,,2.0,1.0,3.0,0.30859375,4.0,3.0,4.0,0.65234375,0.66796875,"Retention is frequency under declared balanced sensitivity scenarios, not probability/confidence."
91b6e660ad06927c5f67,4.0,3.0,4.0,0.35546875,,,,,4.0,3.0,4.0,0.2421875,4.0,3.0,4.0,0.70703125,0.6640625,"Retention is frequency under declared balanced sensitivity scenarios, not probability/confidence."
91b714ae4d18981c5831,2.0,2.0,3.0,0.62109375,,,,,3.0,2.0,3.0,0.23046875,2.0,2.0,3.0,0.51953125,0.01953125,"Retention is frequency under declared balanced sensitivity scenarios, not probability/confidence."
91bf1f309b65d3916858,1.0,1.0,2.0,0.5,,,,,2.0,1.0,3.0,0.33984375,1.0,1.0,2.0,0.390625,0.17578125,"Retention is frequency under declared balanced sensitivity scenarios, not probability/confidence."
91ceb74b166b137eb464,4.0,3.0,4.0,0.375,4.0,3.0,4.0,0.24609375,4.0,3.0,4.0,0.2421875,3.0,2.0,3.0,0.75390625,0.2734375,"Retention is frequency under declared balanced sensitivity scenarios, not probability/confidence."
91d650f9767b07ba6661,4.0,3.0,4.0,0.35546875,,,,,4.0,3.0,4.0,0.2421875,4.0,3.0,4.0,0.70703125,0.66796875,"Retention is frequency under declared balanced sensitivity scenarios, not probability/confidence."
91dd37d276420bc59dee,2.0,2.0,3.0,0.62109375,,,,,3.0,2.0,3.0,0.23046875,2.0,2.0,3.0,0.51953125,0.0390625,"Retention is frequency under declared balanced sensitivity scenarios, not probability/confidence."
91ecc1281ba74f41a4ff,,,,,,,,,,,,,,,,,0.4921875,"Retention is frequency under declared balanced sensitivity scenarios, not probability/confidence."
920697b030b97cfd1c18,1.0,1.0,2.0,0.5,,,,,2.0,1.0,3.0,0.32421875,1.0,1.0,2.0,0.41015625,0.08203125,"Retention is frequency under declared balanced sensitivity scenarios, not probability/confidence."
92086668574b01dcb972,,,,,,,,,,,,,,,,,1.0,"Retention is frequency under declared balanced sensitivity scenarios, not probability/confidence."
92154061e9999b462775,2.0,2.0,3.0,0.62890625,,,,,2.0,1.0,2.0,0.24609375,4.0,4.0,4.0,1.0,0.44921875,"Retention is frequency under declared balanced sensitivity scenarios, not probability/confidence."
92266b155232683e00fc,4.0,3.0,4.0,0.296875,,,,,4.0,3.0,4.0,0.2421875,4.0,3.0,4.0,0.70703125,0.50390625,"Retention is frequency under declared balanced sensitivity scenarios, not probability/confidence."
925544da9960682dc20b,,,,,,,,,,,,,,,,,0.4921875,"Retention is frequency under declared balanced sensitivity scenarios, not probability/confidence."
927507818825833b626d,,,,,,,,,2.0,1.0,3.0,0.30859375,4.0,3.0,4.0,0.65234375,0.66796875,"Retention is frequency under declared balanced sensitivity scenarios, not probability/confidence."
927ab2459c5ce21f4364,,,,,,,,,,,,,,,,,0.4921875,"Retention is frequency under declared balanced sensitivity scenarios, not probability/confidence."
9282f2dfc555becca1be,2.0,1.0,2.0,0.5,,,,,3.0,2.0,3.0,0.26171875,2.0,1.0,2.0,0.73046875,0.1640625,"Retention is frequency under declared balanced sensitivity scenarios, not probability/confidence."
928bb628913ef908602f,,,,,,,,,,,,,,,,,1.0,"Retention is frequency under declared balanced sensitivity scenarios, not probability/confidence."
929e56c811266016b890,4.0,3.0,4.0,0.375,4.0,3.0,4.0,0.24609375,4.0,3.0,4.0,0.2421875,3.0,2.0,3.0,0.75390625,0.34375,"Retention is frequency under declared balanced sensitivity scenarios, not probability/confidence."
92a2581cdfabf30d1aa5,4.0,3.0,4.0,0.35546875,,,,,4.0,3.0,4.0,0.2421875,4.0,3.0,4.0,0.70703125,0.66796875,"Retention is frequency under declared balanced sensitivity scenarios, not probability/confidence."
92b256b9590dcc5c32ee,1.0,1.0,2.0,0.5,,,,,2.0,1.0,3.0,0.32421875,1.0,1.0,2.0,0.41015625,0.08203125,"Retention is frequency under declared balanced sensitivity scenarios, not probability/confidence."
92e6926affcfbdc7965b,4.0,3.0,4.0,0.30859375,3.0,2.0,3.0,0.5,3.0,2.0,4.0,0.33203125,3.0,2.0,3.0,0.51953125,0.66796875,"Retention is frequency under declared balanced sensitivity scenarios, not probability/confidence."
930092806c9c451ea8fb,4.0,3.0,4.0,0.35546875,,,,,4.0,3.0,4.0,0.2421875,4.0,3.0,4.0,0.70703125,0.66796875,"Retention is frequency under declared balanced sensitivity scenarios, not probability/confidence."
930a8b0dada75f083fff,4.0,3.0,4.0,0.375,1.0,1.0,2.0,0.33203125,4.0,3.0,4.0,0.41015625,3.0,2.0,3.0,0.75390625,0.47265625,"Retention is frequency under declared balanced sensitivity scenarios, not probability/confidence."
9313e68bd7109e1c8d21,2.0,2.0,3.0,0.6328125,,,,,2.0,1.0,3.0,0.50390625,3.0,2.0,3.0,0.53125,0.01953125,"Retention is frequency under declared balanced sensitivity scenarios, not probability/confidence."
9317ec564efa19e6074e,,,,,,,,,,,,,,,,,1.0,"Retention is frequency under declared balanced sensitivity scenarios, not probability/confidence."
932effff6bf3c28e523a,4.0,3.0,4.0,0.35546875,,,,,4.0,3.0,4.0,0.2421875,4.0,3.0,4.0,0.70703125,0.66796875,"Retention is frequency under declared balanced sensitivity scenarios, not probability/confidence."
936514a86fbb61e8fdd5,3.0,2.0,3.0,0.390625,,,,,2.0,1.0,3.0,0.29296875,2.0,2.0,3.0,0.50390625,0.6484375,"Retention is frequency under declared balanced sensitivity scenarios, not probability/confidence."
936e9c40a31ff0113128,2.0,1.0,2.0,0.5,,,,,3.0,2.0,3.0,0.22265625,1.0,1.0,2.0,0.43359375,0.25390625,"Retention is frequency under declared balanced sensitivity scenarios, not probability/confidence."
937f0eeed6b9805f5ff1,2.0,2.0,3.0,0.62109375,,,,,3.0,2.0,3.0,0.23046875,2.0,2.0,3.0,0.51953125,0.0390625,"Retention is frequency under declared balanced sensitivity scenarios, not probability/confidence."
9388f64c5a141a91b551,1.0,1.0,2.0,0.5,,,,,2.0,1.0,3.0,0.33984375,1.0,1.0,2.0,0.390625,0.17578125,"Retention is frequency under declared balanced sensitivity scenarios, not probability/confidence."
938978a768abdf7388db,2.0,2.0,3.0,0.62109375,,,,,3.0,2.0,3.0,0.23046875,2.0,2.0,3.0,0.51953125,0.01953125,"Retention is frequency under declared balanced sensitivity scenarios, not probability/confidence."
9396dce07e6fe3884863,3.0,3.0,4.0,0.7734375,,,,,3.0,2.0,3.0,0.23828125,2.0,2.0,3.0,0.49609375,0.4296875,"Retention is frequency under declared balanced sensitivity scenarios, not probability/confidence."
93979c4b04ec2628ce88,2.0,2.0,3.0,0.62109375,,,,,3.0,2.0,3.0,0.23046875,2.0,2.0,3.0,0.51953125,0.01953125,"Retention is frequency under declared balanced sensitivity scenarios, not probability/confidence."
93af6c92f6b4b7e64c51,4.0,3.0,4.0,0.375,4.0,3.0,4.0,0.24609375,4.0,3.0,4.0,0.2421875,3.0,2.0,3.0,0.75390625,0.34375,"Retention is frequency under declared balanced sensitivity scenarios, not probability/confidence."
93be3be44fb58cbfc121,4.0,3.0,4.0,0.296875,,,,,4.0,3.0,4.0,0.2421875,4.0,3.0,4.0,0.70703125,0.50390625,"Retention is frequency under declared balanced sensitivity scenarios, not probability/confidence."
93bf0ba66edab5712440,2.0,2.0,3.0,0.6328125,,,,,2.0,1.0,3.0,0.50390625,3.0,2.0,3.0,0.53125,0.46875,"Retention is frequency under declared balanced sensitivity scenarios, not probability/confidence."
93fad01a128ceedc91dd,2.0,2.0,3.0,0.6328125,1.0,1.0,2.0,0.5,2.0,1.0,3.0,0.50390625,3.0,2.0,3.0,0.53125,0.4765625,"Retention is frequency under declared balanced sensitivity scenarios, not probability/confidence."
940f00f89451ad2309e8,4.0,3.0,4.0,0.30859375,1.0,1.0,2.0,0.5,3.0,2.0,4.0,0.33203125,3.0,2.0,3.0,0.51953125,0.75390625,"Retention is frequency under declared balanced sensitivity scenarios, not probability/confidence."
94139f03adb3ed181abb,,,,,,,,,,,,,,,,,0.4921875,"Retention is frequency under declared balanced sensitivity scenarios, not probability/confidence."
9419a84ea086ebc754a1,1.0,1.0,2.0,0.5,,,,,2.0,1.0,3.0,0.32421875,1.0,1.0,2.0,0.41015625,0.1640625,"Retention is frequency under declared balanced sensitivity scenarios, not probability/confidence."
943617bc15fcb43fd2e7,,,,,,,,,,,,,,,,,1.0,"Retention is frequency under declared balanced sensitivity scenarios, not probability/confidence."
944f0f0fc89d90caa10e,,,,,,,,,,,,,,,,,1.0,"Retention is frequency under declared balanced sensitivity scenarios, not probability/confidence."
9470be341f57101e878c,2.0,2.0,3.0,0.62109375,,,,,3.0,2.0,3.0,0.23046875,2.0,2.0,3.0,0.51953125,0.01953125,"Retention is frequency under declared balanced sensitivity scenarios, not probability/confidence."
9471a5a178488bd60698,2.0,2.0,3.0,0.62890625,,,,,2.0,1.0,2.0,0.24609375,4.0,4.0,4.0,1.0,0.44921875,"Retention is frequency under declared balanced sensitivity scenarios, not probability/confidence."
948247029b9cabaac1cc,4.0,3.0,4.0,0.30859375,1.0,1.0,2.0,0.5,3.0,2.0,4.0,0.33203125,3.0,2.0,3.0,0.51953125,0.75390625,"Retention is frequency under declared balanced sensitivity scenarios, not probability/confidence."
94874a732b20f44cad80,,,,,,,,,,,,,,,,,0.4921875,"Retention is frequency under declared balanced sensitivity scenarios, not probability/confidence."
94891855073354a3c99c,4.0,3.0,4.0,0.30859375,3.0,2.0,3.0,0.5,3.0,2.0,4.0,0.33203125,3.0,2.0,3.0,0.51953125,0.66796875,"Retention is frequency under declared balanced sensitivity scenarios, not probability/confidence."
94ca62fe0477383b72e0,3.0,2.0,3.0,0.390625,,,,,2.0,1.0,3.0,0.29296875,2.0,2.0,3.0,0.50390625,0.6484375,"Retention is frequency under declared balanced sensitivity scenarios, not probability/confidence."
94cc14da0580ac33df01,3.0,3.0,4.0,0.765625,,,,,3.0,2.0,3.0,0.26171875,2.0,2.0,3.0,0.49609375,0.65234375,"Retention is frequency under declared balanced sensitivity scenarios, not probability/confidence."
94d1ce302cd09528100f,4.0,3.0,4.0,0.375,4.0,3.0,4.0,0.23828125,4.0,3.0,4.0,0.2421875,3.0,2.0,3.0,0.75390625,0.2109375,"Retention is frequency under declared balanced sensitivity scenarios, not probability/confidence."
94dfd70ffc0c6819252c,2.0,2.0,3.0,0.62109375,,,,,3.0,2.0,3.0,0.23046875,2.0,2.0,3.0,0.51953125,0.0390625,"Retention is frequency under declared balanced sensitivity scenarios, not probability/confidence."
94e1751c6ffde1a2a572,4.0,3.0,4.0,0.375,4.0,3.0,4.0,0.24609375,4.0,3.0,4.0,0.2421875,3.0,2.0,3.0,0.75390625,0.2734375,"Retention is frequency under declared balanced sensitivity scenarios, not probability/confidence."
94ef75a25ff9119e6e2f,1.0,1.0,2.0,0.5,,,,,2.0,1.0,3.0,0.32421875,1.0,1.0,2.0,0.41015625,0.1640625,"Retention is frequency under declared balanced sensitivity scenarios, not probability/confidence."
950996b3c76cb93ca8d7,2.0,1.0,2.0,0.5,,,,,3.0,2.0,3.0,0.26171875,2.0,1.0,2.0,0.73046875,0.046875,"Retention is frequency under declared balanced sensitivity scenarios, not probability/confidence."
950f3bee28be42c662da,1.0,1.0,2.0,0.5,,,,,2.0,1.0,3.0,0.33984375,1.0,1.0,2.0,0.390625,0.17578125,"Retention is frequency under declared balanced sensitivity scenarios, not probability/confidence."
952313d43f79d64b8241,2.0,2.0,3.0,0.6328125,,,,,2.0,1.0,3.0,0.50390625,3.0,2.0,3.0,0.53125,0.01953125,"Retention is frequency under declared balanced sensitivity scenarios, not probability/confidence."
9524836c10024343109f,2.0,1.0,2.0,0.5,,,,,3.0,2.0,3.0,0.26171875,2.0,1.0,2.0,0.73046875,0.1640625,"Retention is frequency under declared balanced sensitivity scenarios, not probability/confidence."
9524d8c2920e8fc9c1ac,4.0,3.0,4.0,0.30859375,1.0,1.0,2.0,0.5,3.0,2.0,4.0,0.33203125,3.0,2.0,3.0,0.51953125,0.41796875,"Retention is frequency under declared balanced sensitivity scenarios, not probability/confidence."
952751d571dd83fbaf5b,4.0,3.0,4.0,0.30859375,3.0,2.0,3.0,0.5,3.0,2.0,4.0,0.33203125,3.0,2.0,3.0,0.51953125,0.43359375,"Retention is frequency under declared balanced sensitivity scenarios, not probability/confidence."
956740280d070f2a3d43,2.0,2.0,3.0,0.62109375,,,,,3.0,2.0,3.0,0.23046875,2.0,2.0,3.0,0.51953125,0.01953125,"Retention is frequency under declared balanced sensitivity scenarios, not probability/confidence."
956d05fac8157d89f74f,4.0,3.0,4.0,0.296875,,,,,4.0,3.0,4.0,0.2421875,4.0,3.0,4.0,0.70703125,0.50390625,"Retention is frequency under declared balanced sensitivity scenarios, not probability/confidence."
9577365aaf5a3932e7e9,2.0,2.0,3.0,0.62109375,,,,,3.0,2.0,3.0,0.23046875,2.0,2.0,3.0,0.51953125,0.0390625,"Retention is frequency under declared balanced sensitivity scenarios, not probability/confidence."
9579c5b9536049cb771a,,,,,,,,,2.0,1.0,3.0,0.30859375,4.0,3.0,4.0,0.65234375,0.66796875,"Retention is frequency under declared balanced sensitivity scenarios, not probability/confidence."
958f8b862f984d22c812,,,,,,,,,,,,,,,,,1.0,"Retention is frequency under declared balanced sensitivity scenarios, not probability/confidence."
95aa658ed9c24c923098,2.0,2.0,3.0,0.6328125,,,,,2.0,1.0,3.0,0.50390625,3.0,2.0,3.0,0.53125,0.01953125,"Retention is frequency under declared balanced sensitivity scenarios, not probability/confidence."
95b11be435269df00fa2,3.0,3.0,4.0,0.765625,,,,,3.0,2.0,3.0,0.26171875,2.0,2.0,3.0,0.49609375,0.65234375,"Retention is frequency under declared balanced sensitivity scenarios, not probability/confidence."
95e0c8c6f7cc2f08c6ef,,,,,,,,,2.0,1.0,3.0,0.30859375,4.0,3.0,4.0,0.65234375,0.66796875,"Retention is frequency under declared balanced sensitivity scenarios, not probability/confidence."
95fe4b7bebcc64ea0e56,4.0,3.0,4.0,0.35546875,,,,,4.0,3.0,4.0,0.2421875,4.0,3.0,4.0,0.70703125,0.66796875,"Retention is frequency under declared balanced sensitivity scenarios, not probability/confidence."
961f925f697781c9f8ef,1.0,1.0,2.0,0.5,,,,,2.0,1.0,3.0,0.32421875,1.0,1.0,2.0,0.41015625,0.1640625,"Retention is frequency under declared balanced sensitivity scenarios, not probability/confidence."
96288a8999050a44c148,1.0,1.0,2.0,0.5,,,,,2.0,1.0,3.0,0.33984375,1.0,1.0,2.0,0.390625,0.17578125,"Retention is frequency under declared balanced sensitivity scenarios, not probability/confidence."
96314bf04fbe44261356,2.0,1.0,2.0,0.5,,,,,3.0,2.0,3.0,0.22265625,1.0,1.0,2.0,0.34375,0.265625,"Retention is frequency under declared balanced sensitivity scenarios, not probability/confidence."
9642cf02f33f24e5a9c4,,,,,,,,,2.0,1.0,3.0,0.30859375,4.0,3.0,4.0,0.65234375,0.66796875,"Retention is frequency under declared balanced sensitivity scenarios, not probability/confidence."
9644b63166525e02661a,2.0,2.0,3.0,0.62109375,,,,,3.0,2.0,3.0,0.23046875,2.0,2.0,3.0,0.51953125,0.0390625,"Retention is frequency under declared balanced sensitivity scenarios, not probability/confidence."
96646213f377df610da6,1.0,1.0,2.0,0.5,,,,,2.0,1.0,3.0,0.33984375,1.0,1.0,2.0,0.390625,0.17578125,"Retention is frequency under declared balanced sensitivity scenarios, not probability/confidence."
966ee5b018f4afacf259,,,,,,,,,,,,,,,,,1.0,"Retention is frequency under declared balanced sensitivity scenarios, not probability/confidence."
968195c268c41dd3159c,,,,,,,,,,,,,,,,,0.4921875,"Retention is frequency under declared balanced sensitivity scenarios, not probability/confidence."
968b8eee011058db0ea6,,,,,,,,,,,,,,,,,1.0,"Retention is frequency under declared balanced sensitivity scenarios, not probability/confidence."
96a57bfe3ce0550c0e44,2.0,2.0,3.0,0.6328125,1.0,1.0,2.0,0.5,2.0,1.0,3.0,0.50390625,3.0,2.0,3.0,0.53125,0.4765625,"Retention is frequency under declared balanced sensitivity scenarios, not probability/confidence."
96ad1ba47d1dd4eb2d1c,4.0,3.0,4.0,0.30859375,3.0,2.0,3.0,0.5,3.0,2.0,4.0,0.33203125,3.0,2.0,3.0,0.51953125,0.66796875,"Retention is frequency under declared balanced sensitivity scenarios, not probability/confidence."
96b4b9f3595d71dccaa9,1.0,1.0,2.0,0.5,,,,,2.0,1.0,3.0,0.33984375,1.0,1.0,2.0,0.390625,0.17578125,"Retention is frequency under declared balanced sensitivity scenarios, not probability/confidence."
96bbbb72078cce59cc92,2.0,1.0,2.0,0.5,,,,,3.0,2.0,3.0,0.26171875,2.0,1.0,2.0,0.73046875,0.046875,"Retention is frequency under declared balanced sensitivity scenarios, not probability/confidence."
96c83e003f26e8bfa7ce,3.0,3.0,4.0,0.7734375,,,,,3.0,2.0,3.0,0.23828125,2.0,2.0,3.0,0.49609375,0.4296875,"Retention is frequency under declared balanced sensitivity scenarios, not probability/confidence."
96cd8a7cd01a3b8aa989,2.0,2.0,3.0,0.6328125,,,,,2.0,1.0,3.0,0.50390625,3.0,2.0,3.0,0.53125,0.01953125,"Retention is frequency under declared balanced sensitivity scenarios, not probability/confidence."
970b6db490cbaa3f22db,,,,,,,,,,,,,,,,,1.0,"Retention is frequency under declared balanced sensitivity scenarios, not probability/confidence."
970e17150f9ee3a6905f,,,,,,,,,,,,,,,,,1.0,"Retention is frequency under declared balanced sensitivity scenarios, not probability/confidence."
971007e4b3b04b9a710c,3.0,2.0,3.0,0.390625,,,,,2.0,1.0,3.0,0.29296875,2.0,2.0,3.0,0.50390625,0.40625,"Retention is frequency under declared balanced sensitivity scenarios, not probability/confidence."
97123cb2d899b8bacb2c,,,,,,,,,,,,,,,,,0.53125,"Retention is frequency under declared balanced sensitivity scenarios, not probability/confidence."
9720a4a0ff2e85f76d59,2.0,1.0,2.0,0.5,,,,,3.0,2.0,3.0,0.26171875,2.0,1.0,2.0,0.73046875,0.1640625,"Retention is frequency under declared balanced sensitivity scenarios, not probability/confidence."
97304a5b44e83867ee00,4.0,3.0,4.0,0.296875,,,,,4.0,3.0,4.0,0.2421875,4.0,3.0,4.0,0.70703125,0.50390625,"Retention is frequency under declared balanced sensitivity scenarios, not probability/confidence."
973a290f8d33b4449106,,,,,,,,,,,,,,,,,1.0,"Retention is frequency under declared balanced sensitivity scenarios, not probability/confidence."
973daa919c39b69595d1,2.0,2.0,3.0,0.6328125,,,,,2.0,1.0,3.0,0.50390625,3.0,2.0,3.0,0.53125,0.01953125,"Retention is frequency under declared balanced sensitivity scenarios, not probability/confidence."
973ed23a80562a95dcb7,2.0,2.0,3.0,0.6328125,,,,,2.0,1.0,3.0,0.50390625,3.0,2.0,3.0,0.53125,0.01953125,"Retention is frequency under declared balanced sensitivity scenarios, not probability/confidence."
976335dd4de9e7c81b5d,4.0,3.0,4.0,0.35546875,,,,,4.0,3.0,4.0,0.2421875,4.0,3.0,4.0,0.70703125,0.6640625,"Retention is frequency under declared balanced sensitivity scenarios, not probability/confidence."
97685a31918eb1c64201,4.0,3.0,4.0,0.35546875,,,,,4.0,3.0,4.0,0.2421875,4.0,3.0,4.0,0.70703125,0.66796875,"Retention is frequency under declared balanced sensitivity scenarios, not probability/confidence."
9772cfa535d76821958f,,,,,,,,,2.0,1.0,3.0,0.30859375,4.0,3.0,4.0,0.65234375,0.66796875,"Retention is frequency under declared balanced sensitivity scenarios, not probability/confidence."
97865c0e687b599d8bd7,2.0,2.0,3.0,0.62109375,,,,,3.0,2.0,3.0,0.23046875,2.0,2.0,3.0,0.51953125,0.01953125,"Retention is frequency under declared balanced sensitivity scenarios, not probability/confidence."
97c5a8a4eebebaa87713,4.0,3.0,4.0,0.35546875,,,,,4.0,3.0,4.0,0.2421875,4.0,3.0,4.0,0.70703125,0.6640625,"Retention is frequency under declared balanced sensitivity scenarios, not probability/confidence."
97cbe58cc82a941f271f,,,,,,,,,2.0,1.0,3.0,0.30859375,4.0,3.0,4.0,0.65234375,0.66796875,"Retention is frequency under declared balanced sensitivity scenarios, not probability/confidence."
97dff5ee2c9c2dda3270,3.0,2.0,3.0,0.390625,,,,,2.0,1.0,3.0,0.29296875,2.0,2.0,3.0,0.50390625,0.6484375,"Retention is frequency under declared balanced sensitivity scenarios, not probability/confidence."
97e6d939689552b5b8e9,4.0,3.0,4.0,0.30859375,3.0,2.0,3.0,0.5,3.0,2.0,4.0,0.33203125,3.0,2.0,3.0,0.51953125,0.66796875,"Retention is frequency under declared balanced sensitivity scenarios, not probability/confidence."
97e9a82bd1467bda2fac,4.0,3.0,4.0,0.30859375,3.0,2.0,3.0,0.5,3.0,2.0,4.0,0.33203125,3.0,2.0,3.0,0.51953125,0.66796875,"Retention is frequency under declared balanced sensitivity scenarios, not probability/confidence."
9826a90983e01b91a9af,,,,,,,,,,,,,,,,,1.0,"Retention is frequency under declared balanced sensitivity scenarios, not probability/confidence."
9842362a8167a0d30891,1.0,1.0,2.0,0.5,,,,,2.0,1.0,3.0,0.32421875,1.0,1.0,2.0,0.41015625,0.1640625,"Retention is frequency under declared balanced sensitivity scenarios, not probability/confidence."
9843d828da7e88424d51,4.0,3.0,4.0,0.375,4.0,3.0,4.0,0.24609375,4.0,3.0,4.0,0.2421875,3.0,2.0,3.0,0.75390625,0.2421875,"Retention is frequency under declared balanced sensitivity scenarios, not probability/confidence."
986092e6d3b1d2a4b4be,3.0,3.0,4.0,0.765625,,,,,3.0,2.0,3.0,0.26171875,2.0,2.0,3.0,0.49609375,0.65234375,"Retention is frequency under declared balanced sensitivity scenarios, not probability/confidence."
9864b82aab182a14982f,4.0,3.0,4.0,0.375,1.0,1.0,2.0,0.33203125,4.0,3.0,4.0,0.41015625,3.0,2.0,3.0,0.75390625,0.47265625,"Retention is frequency under declared balanced sensitivity scenarios, not probability/confidence."
9866bd304a30a40e423c,2.0,2.0,3.0,0.6328125,,,,,2.0,1.0,3.0,0.50390625,3.0,2.0,3.0,0.53125,0.01953125,"Retention is frequency under declared balanced sensitivity scenarios, not probability/confidence."
988a05390284ef17ef9f,4.0,3.0,4.0,0.30859375,1.0,1.0,2.0,0.5,3.0,2.0,4.0,0.33203125,3.0,2.0,3.0,0.51953125,0.75390625,"Retention is frequency under declared balanced sensitivity scenarios, not probability/confidence."
988d1c62b4b701ec00bf,4.0,3.0,4.0,0.30859375,3.0,2.0,3.0,0.5,3.0,2.0,4.0,0.33203125,3.0,2.0,3.0,0.51953125,0.66796875,"Retention is frequency under declared balanced sensitivity scenarios, not probability/confidence."
988d34842e7019cecd33,,,,,,,,,2.0,1.0,3.0,0.30859375,4.0,3.0,4.0,0.65234375,0.66796875,"Retention is frequency under declared balanced sensitivity scenarios, not probability/confidence."
988fd5d6cd126ff94de2,2.0,2.0,3.0,0.62109375,,,,,3.0,2.0,3.0,0.23046875,2.0,2.0,3.0,0.51953125,0.01953125,"Retention is frequency under declared balanced sensitivity scenarios, not probability/confidence."
989e97758fd506a634f0,4.0,3.0,4.0,0.265625,,,,,4.0,3.0,4.0,0.2421875,4.0,3.0,4.0,0.70703125,0.23828125,"Retention is frequency under declared balanced sensitivity scenarios, not probability/confidence."
98b2805c0a6899e0e864,1.0,1.0,2.0,0.5,,,,,2.0,1.0,3.0,0.33984375,1.0,1.0,2.0,0.390625,0.17578125,"Retention is frequency under declared balanced sensitivity scenarios, not probability/confidence."
98b30d157e2bd4ce68f4,2.0,2.0,3.0,0.6328125,,,,,2.0,1.0,3.0,0.50390625,3.0,2.0,3.0,0.53125,0.01953125,"Retention is frequency under declared balanced sensitivity scenarios, not probability/confidence."
98c98ac74da31866edc9,4.0,3.0,4.0,0.375,4.0,3.0,4.0,0.23828125,4.0,3.0,4.0,0.2421875,3.0,2.0,3.0,0.75390625,0.13671875,"Retention is frequency under declared balanced sensitivity scenarios, not probability/confidence."
98cab41489cfc72049cf,4.0,3.0,4.0,0.35546875,,,,,4.0,3.0,4.0,0.2421875,4.0,3.0,4.0,0.70703125,0.6640625,"Retention is frequency under declared balanced sensitivity scenarios, not probability/confidence."
98caf64437a8035dd5f5,,,,,,,,,,,,,,,,,0.4921875,"Retention is frequency under declared balanced sensitivity scenarios, not probability/confidence."
98cd8f1ee80495a72df3,,,,,,,,,2.0,1.0,3.0,0.30859375,4.0,3.0,4.0,0.65234375,0.66796875,"Retention is frequency under declared balanced sensitivity scenarios, not probability/confidence."
98e1b0a06ede3660d4df,4.0,3.0,4.0,0.375,4.0,3.0,4.0,0.24609375,4.0,3.0,4.0,0.2421875,3.0,2.0,3.0,0.75390625,0.2421875,"Retention is frequency under declared balanced sensitivity scenarios, not probability/confidence."
99029ac46e53c88eef54,2.0,2.0,3.0,0.62109375,,,,,3.0,2.0,3.0,0.23046875,2.0,2.0,3.0,0.51953125,0.01953125,"Retention is frequency under declared balanced sensitivity scenarios, not probability/confidence."
99079074796c508f5900,3.0,3.0,4.0,0.765625,,,,,3.0,2.0,3.0,0.26171875,2.0,2.0,3.0,0.49609375,0.65234375,"Retention is frequency under declared balanced sensitivity scenarios, not probability/confidence."
991c588535debc67c592,4.0,3.0,4.0,0.375,1.0,1.0,2.0,0.33203125,4.0,3.0,4.0,0.41015625,3.0,2.0,3.0,0.75390625,0.47265625,"Retention is frequency under declared balanced sensitivity scenarios, not probability/confidence."
99916b204ce0c4400ab0,,,,,,,,,,,,,,,,,0.5,"Retention is frequency under declared balanced sensitivity scenarios, not probability/confidence."
99a1392b40ef2e80969a,2.0,2.0,3.0,0.62109375,,,,,3.0,2.0,3.0,0.23046875,2.0,2.0,3.0,0.51953125,0.01953125,"Retention is frequency under declared balanced sensitivity scenarios, not probability/confidence."
99bea64363817bebf661,2.0,2.0,3.0,0.62109375,,,,,3.0,2.0,3.0,0.23046875,2.0,2.0,3.0,0.51953125,0.0390625,"Retention is frequency under declared balanced sensitivity scenarios, not probability/confidence."
99c02717c74bf508ca0d,,,,,,,,,,,,,,,,,1.0,"Retention is frequency under declared balanced sensitivity scenarios, not probability/confidence."
99e8d2a0674a8a465ad9,1.0,1.0,2.0,0.5,,,,,2.0,1.0,3.0,0.32421875,1.0,1.0,2.0,0.41015625,0.08203125,"Retention is frequency under declared balanced sensitivity scenarios, not probability/confidence."
99eaace57fb08fe219ae,2.0,2.0,3.0,0.62890625,,,,,2.0,1.0,2.0,0.24609375,4.0,4.0,4.0,1.0,0.44921875,"Retention is frequency under declared balanced sensitivity scenarios, not probability/confidence."
9a02c7d5e8b339f7e4e2,2.0,2.0,3.0,0.62109375,,,,,3.0,2.0,3.0,0.23046875,2.0,2.0,3.0,0.51953125,0.0390625,"Retention is frequency under declared balanced sensitivity scenarios, not probability/confidence."
9a196dfdefb3fd3b0c3b,2.0,2.0,3.0,0.6328125,,,,,2.0,1.0,3.0,0.50390625,3.0,2.0,3.0,0.53125,0.46875,"Retention is frequency under declared balanced sensitivity scenarios, not probability/confidence."
9a2154e56a8052834156,4.0,3.0,4.0,0.30859375,3.0,2.0,3.0,0.5,3.0,2.0,4.0,0.33203125,3.0,2.0,3.0,0.51953125,0.66796875,"Retention is frequency under declared balanced sensitivity scenarios, not probability/confidence."
9a230e4b61378d7d9f80,3.0,2.0,3.0,0.390625,,,,,2.0,1.0,3.0,0.29296875,2.0,2.0,3.0,0.50390625,0.40625,"Retention is frequency under declared balanced sensitivity scenarios, not probability/confidence."
9a88820dbb72f022c15e,,,,,,,,,,,,,,,,,0.34765625,"Retention is frequency under declared balanced sensitivity scenarios, not probability/confidence."
9a8f709c329cc2356edd,,,,,,,,,,,,,,,,,1.0,"Retention is frequency under declared balanced sensitivity scenarios, not probability/confidence."
9a94636ff69b2d644c5f,2.0,1.0,2.0,0.5,,,,,3.0,2.0,3.0,0.22265625,1.0,1.0,2.0,0.43359375,0.3828125,"Retention is frequency under declared balanced sensitivity scenarios, not probability/confidence."
9ab5bf72479954daa3b2,2.0,1.0,2.0,0.5,,,,,3.0,2.0,3.0,0.26171875,2.0,1.0,2.0,0.73046875,0.046875,"Retention is frequency under declared balanced sensitivity scenarios, not probability/confidence."
9abe2240dcd354c3b130,1.0,1.0,2.0,0.5,,,,,2.0,1.0,3.0,0.33984375,1.0,1.0,2.0,0.390625,0.17578125,"Retention is frequency under declared balanced sensitivity scenarios, not probability/confidence."
9ac7d08d96c5c32a5751,1.0,1.0,2.0,0.5,,,,,2.0,1.0,3.0,0.33984375,1.0,1.0,2.0,0.390625,0.17578125,"Retention is frequency under declared balanced sensitivity scenarios, not probability/confidence."
9ae019a09b39f2efbbc5,3.0,3.0,4.0,0.765625,,,,,3.0,2.0,3.0,0.26171875,2.0,2.0,3.0,0.49609375,0.4140625,"Retention is frequency under declared balanced sensitivity scenarios, not probability/confidence."
9af11efad746758eada2,2.0,2.0,3.0,0.62109375,,,,,3.0,2.0,3.0,0.23046875,2.0,2.0,3.0,0.51953125,0.01953125,"Retention is frequency under declared balanced sensitivity scenarios, not probability/confidence."
9b0d15be91aface6e3bb,4.0,3.0,4.0,0.30859375,3.0,2.0,3.0,0.5,3.0,2.0,4.0,0.33203125,3.0,2.0,3.0,0.51953125,0.66796875,"Retention is frequency under declared balanced sensitivity scenarios, not probability/confidence."
9b140ec6ae38f78e8db4,3.0,3.0,4.0,0.765625,,,,,3.0,2.0,3.0,0.26171875,2.0,2.0,3.0,0.49609375,0.4140625,"Retention is frequency under declared balanced sensitivity scenarios, not probability/confidence."
9b144e6c5396eff7072b,4.0,3.0,4.0,0.30859375,3.0,2.0,3.0,0.5,3.0,2.0,4.0,0.33203125,3.0,2.0,3.0,0.51953125,0.66796875,"Retention is frequency under declared balanced sensitivity scenarios, not probability/confidence."
9b238a745bdb96927e46,2.0,1.0,2.0,0.5,,,,,3.0,2.0,3.0,0.26171875,2.0,1.0,2.0,0.73046875,0.1640625,"Retention is frequency under declared balanced sensitivity scenarios, not probability/confidence."
9b2e22fbf639fef22582,1.0,1.0,2.0,0.5,,,,,2.0,1.0,3.0,0.32421875,1.0,1.0,2.0,0.41015625,0.1640625,"Retention is frequency under declared balanced sensitivity scenarios, not probability/confidence."
9b36040d6d57a5104bc1,,,,,,,,,2.0,1.0,3.0,0.30859375,4.0,3.0,4.0,0.65234375,0.6640625,"Retention is frequency under declared balanced sensitivity scenarios, not probability/confidence."
9b507ba6387f57d31520,1.0,1.0,2.0,0.5,,,,,2.0,1.0,3.0,0.32421875,1.0,1.0,2.0,0.41015625,0.08203125,"Retention is frequency under declared balanced sensitivity scenarios, not probability/confidence."
9b97c2ee8f2e2b6f9dd4,,,,,,,,,2.0,1.0,3.0,0.30859375,4.0,3.0,4.0,0.65234375,0.66796875,"Retention is frequency under declared balanced sensitivity scenarios, not probability/confidence."
9bb0653088c40376d37e,3.0,3.0,4.0,0.765625,,,,,3.0,2.0,3.0,0.26171875,2.0,2.0,3.0,0.49609375,0.65234375,"Retention is frequency under declared balanced sensitivity scenarios, not probability/confidence."
9bcbe6cbb183d8d248df,1.0,1.0,2.0,0.5,,,,,2.0,1.0,3.0,0.33984375,1.0,1.0,2.0,0.390625,0.17578125,"Retention is frequency under declared balanced sensitivity scenarios, not probability/confidence."
9bf577d9e72a1902b973,4.0,3.0,4.0,0.30859375,3.0,2.0,3.0,0.5,3.0,2.0,4.0,0.33203125,3.0,2.0,3.0,0.51953125,0.66796875,"Retention is frequency under declared balanced sensitivity scenarios, not probability/confidence."
9c040b33ae5664bc939c,3.0,2.0,3.0,0.390625,,,,,2.0,1.0,3.0,0.29296875,2.0,2.0,3.0,0.50390625,0.40625,"Retention is frequency under declared balanced sensitivity scenarios, not probability/confidence."
9c124921272a6d0b1e83,4.0,3.0,4.0,0.375,4.0,3.0,4.0,0.23828125,4.0,3.0,4.0,0.2421875,3.0,2.0,3.0,0.75390625,0.2109375,"Retention is frequency under declared balanced sensitivity scenarios, not probability/confidence."
9c14b34255d8174301b4,4.0,3.0,4.0,0.30859375,1.0,1.0,2.0,0.5,3.0,2.0,4.0,0.33203125,3.0,2.0,3.0,0.51953125,0.5078125,"Retention is frequency under declared balanced sensitivity scenarios, not probability/confidence."
9c3035885653811377b1,1.0,1.0,2.0,0.5,,,,,2.0,1.0,3.0,0.32421875,1.0,1.0,2.0,0.41015625,0.1640625,"Retention is frequency under declared balanced sensitivity scenarios, not probability/confidence."
9c398509eebef3aa5da1,,,,,,,,,,,,,,,,,1.0,"Retention is frequency under declared balanced sensitivity scenarios, not probability/confidence."
9c3b43c7cea4f4febdfd,,,,,,,,,,,,,,,,,1.0,"Retention is frequency under declared balanced sensitivity scenarios, not probability/confidence."
9c5cd12e6e71a8a34f8d,1.0,1.0,2.0,0.5,,,,,2.0,1.0,3.0,0.32421875,1.0,1.0,2.0,0.41015625,0.1640625,"Retention is frequency under declared balanced sensitivity scenarios, not probability/confidence."
9c7c711130b0dcbcd883,1.0,1.0,2.0,0.5,,,,,2.0,1.0,3.0,0.32421875,1.0,1.0,2.0,0.41015625,0.08203125,"Retention is frequency under declared balanced sensitivity scenarios, not probability/confidence."
9c81ba2856a0dd29a1e8,2.0,2.0,3.0,0.62890625,,,,,2.0,1.0,2.0,0.24609375,4.0,4.0,4.0,1.0,0.44921875,"Retention is frequency under declared balanced sensitivity scenarios, not probability/confidence."
9c88306c6d4d92e21668,4.0,3.0,4.0,0.35546875,,,,,4.0,3.0,4.0,0.2421875,4.0,3.0,4.0,0.70703125,0.6640625,"Retention is frequency under declared balanced sensitivity scenarios, not probability/confidence."
9c8e488c498dad68b40d,2.0,1.0,2.0,0.5,,,,,3.0,2.0,3.0,0.22265625,1.0,1.0,2.0,0.43359375,0.3828125,"Retention is frequency under declared balanced sensitivity scenarios, not probability/confidence."
9c8ff930662e387d7361,3.0,3.0,4.0,0.765625,,,,,3.0,2.0,3.0,0.26171875,2.0,2.0,3.0,0.49609375,0.65234375,"Retention is frequency under declared balanced sensitivity scenarios, not probability/confidence."
9c99e26d62dbebee0a5a,,,,,,,,,2.0,1.0,3.0,0.30859375,4.0,3.0,4.0,0.65234375,0.66796875,"Retention is frequency under declared balanced sensitivity scenarios, not probability/confidence."
9cc62464c90a401ef8d7,4.0,3.0,4.0,0.375,4.0,3.0,4.0,0.24609375,4.0,3.0,4.0,0.2421875,3.0,2.0,3.0,0.75390625,0.2421875,"Retention is frequency under declared balanced sensitivity scenarios, not probability/confidence."
9cca63b263a0cfe1e51c,4.0,3.0,4.0,0.35546875,,,,,4.0,3.0,4.0,0.2421875,4.0,3.0,4.0,0.70703125,1.0,"Retention is frequency under declared balanced sensitivity scenarios, not probability/confidence."
9d107449c80a769dcf5a,4.0,3.0,4.0,0.375,4.0,3.0,4.0,0.23828125,4.0,3.0,4.0,0.2421875,3.0,2.0,3.0,0.75390625,0.27734375,"Retention is frequency under declared balanced sensitivity scenarios, not probability/confidence."
9d1e1cb7ad3a53f5575c,4.0,3.0,4.0,0.30859375,1.0,1.0,2.0,0.5,3.0,2.0,4.0,0.33203125,3.0,2.0,3.0,0.51953125,0.41796875,"Retention is frequency under declared balanced sensitivity scenarios, not probability/confidence."
9d2ce35507acca1bb76c,4.0,3.0,4.0,0.30859375,1.0,1.0,2.0,0.5,3.0,2.0,4.0,0.33203125,3.0,2.0,3.0,0.51953125,0.41796875,"Retention is frequency under declared balanced sensitivity scenarios, not probability/confidence."
9d37826dde5b6badca1e,2.0,1.0,2.0,0.5,,,,,3.0,2.0,3.0,0.22265625,1.0,1.0,2.0,0.35546875,0.35546875,"Retention is frequency under declared balanced sensitivity scenarios, not probability/confidence."
9d507b06c53eaf5cd27f,2.0,2.0,3.0,0.6328125,,,,,2.0,1.0,3.0,0.50390625,3.0,2.0,3.0,0.53125,0.01953125,"Retention is frequency under declared balanced sensitivity scenarios, not probability/confidence."
9d51f52dab1fc9cf8a9b,4.0,3.0,4.0,0.30859375,3.0,2.0,3.0,0.5,3.0,2.0,4.0,0.33203125,3.0,2.0,3.0,0.51953125,0.66796875,"Retention is frequency under declared balanced sensitivity scenarios, not probability/confidence."
9d61ee7239133b2457aa,,,,,,,,,,,,,,,,,0.4921875,"Retention is frequency under declared balanced sensitivity scenarios, not probability/confidence."
9d719176f34cf1502228,1.0,1.0,2.0,0.5,,,,,2.0,1.0,3.0,0.33984375,1.0,1.0,2.0,0.390625,0.17578125,"Retention is frequency under declared balanced sensitivity scenarios, not probability/confidence."
9d73b03d0a7056bddcdf,1.0,1.0,2.0,0.5,,,,,2.0,1.0,3.0,0.32421875,1.0,1.0,2.0,0.41015625,0.1640625,"Retention is frequency under declared balanced sensitivity scenarios, not probability/confidence."
9dc190192ce8319c9792,2.0,2.0,3.0,0.6328125,,,,,2.0,1.0,3.0,0.50390625,3.0,2.0,3.0,0.53125,0.01953125,"Retention is frequency under declared balanced sensitivity scenarios, not probability/confidence."
9deb13c269a4bbb9755c,4.0,3.0,4.0,0.35546875,,,,,4.0,3.0,4.0,0.2421875,4.0,3.0,4.0,0.70703125,0.66796875,"Retention is frequency under declared balanced sensitivity scenarios, not probability/confidence."
9e2298e47ea5082dab75,1.0,1.0,2.0,0.5,,,,,2.0,1.0,3.0,0.32421875,1.0,1.0,2.0,0.41015625,0.1640625,"Retention is frequency under declared balanced sensitivity scenarios, not probability/confidence."
9e2754bd36da9f84085d,3.0,3.0,4.0,0.7734375,,,,,3.0,2.0,3.0,0.23828125,2.0,2.0,3.0,0.49609375,0.4296875,"Retention is frequency under declared balanced sensitivity scenarios, not probability/confidence."
9e58b7711bf337c17d03,2.0,2.0,3.0,0.6328125,,,,,2.0,1.0,3.0,0.50390625,3.0,2.0,3.0,0.53125,0.01953125,"Retention is frequency under declared balanced sensitivity scenarios, not probability/confidence."
9e5db102b565562fcf89,2.0,2.0,3.0,0.62109375,,,,,3.0,2.0,3.0,0.23046875,2.0,2.0,3.0,0.51953125,0.0390625,"Retention is frequency under declared balanced sensitivity scenarios, not probability/confidence."
9e602fd02ee2e1af0bba,4.0,3.0,4.0,0.296875,,,,,4.0,3.0,4.0,0.2421875,4.0,3.0,4.0,0.70703125,0.50390625,"Retention is frequency under declared balanced sensitivity scenarios, not probability/confidence."
9e80841b55406b243e23,4.0,3.0,4.0,0.375,4.0,3.0,4.0,0.24609375,4.0,3.0,4.0,0.2421875,3.0,2.0,3.0,0.75390625,0.2421875,"Retention is frequency under declared balanced sensitivity scenarios, not probability/confidence."
9e91c0631578f70e71b4,,,,,,,,,2.0,1.0,3.0,0.30859375,4.0,3.0,4.0,0.65234375,0.66796875,"Retention is frequency under declared balanced sensitivity scenarios, not probability/confidence."
9e9ff8b4bdcb8a4d2774,,,,,,,,,,,,,,,,,0.4921875,"Retention is frequency under declared balanced sensitivity scenarios, not probability/confidence."
9ea3740b7f1ec452850a,3.0,2.0,3.0,0.390625,,,,,2.0,1.0,3.0,0.29296875,2.0,2.0,3.0,0.50390625,0.6484375,"Retention is frequency under declared balanced sensitivity scenarios, not probability/confidence."
9eb91dbdac298f2f1349,2.0,2.0,3.0,0.62890625,,,,,2.0,1.0,2.0,0.24609375,4.0,4.0,4.0,1.0,0.44921875,"Retention is frequency under declared balanced sensitivity scenarios, not probability/confidence."
9ebcc686d44f085c70dd,,,,,,,,,2.0,1.0,3.0,0.30859375,4.0,3.0,4.0,0.65234375,0.66796875,"Retention is frequency under declared balanced sensitivity scenarios, not probability/confidence."
9ec3f47be228dc83eb62,,,,,,,,,,,,,,,,,0.34765625,"Retention is frequency under declared balanced sensitivity scenarios, not probability/confidence."
9f0a7a7321080aefba79,2.0,1.0,2.0,0.5,,,,,3.0,2.0,3.0,0.26171875,2.0,1.0,2.0,0.73046875,0.046875,"Retention is frequency under declared balanced sensitivity scenarios, not probability/confidence."
9f1acdbf2fc947d0e254,4.0,3.0,4.0,0.30859375,3.0,2.0,3.0,0.5,3.0,2.0,4.0,0.33203125,3.0,2.0,3.0,0.51953125,0.66796875,"Retention is frequency under declared balanced sensitivity scenarios, not probability/confidence."
9f1e65110fb951df22a5,4.0,3.0,4.0,0.30859375,1.0,1.0,2.0,0.5,3.0,2.0,4.0,0.33203125,3.0,2.0,3.0,0.51953125,0.75390625,"Retention is frequency under declared balanced sensitivity scenarios, not probability/confidence."
9f1ff5bf12be69fa988f,3.0,2.0,3.0,0.390625,,,,,2.0,1.0,3.0,0.29296875,2.0,2.0,3.0,0.50390625,0.6484375,"Retention is frequency under declared balanced sensitivity scenarios, not probability/confidence."
9f3c5c216ce7a266afc0,2.0,1.0,2.0,0.5,,,,,3.0,2.0,3.0,0.22265625,1.0,1.0,2.0,0.35546875,0.35546875,"Retention is frequency under declared balanced sensitivity scenarios, not probability/confidence."
9f53517aaac8125fe3bf,,,,,,,,,2.0,1.0,3.0,0.30859375,4.0,3.0,4.0,0.65234375,0.66796875,"Retention is frequency under declared balanced sensitivity scenarios, not probability/confidence."
9f84da0af262bd80cdd7,3.0,3.0,4.0,0.7734375,,,,,3.0,2.0,3.0,0.23828125,2.0,2.0,3.0,0.49609375,0.4296875,"Retention is frequency under declared balanced sensitivity scenarios, not probability/confidence."
9f9f8caf21b4b72eadae,4.0,3.0,4.0,0.375,4.0,3.0,4.0,0.24609375,4.0,3.0,4.0,0.2421875,3.0,2.0,3.0,0.75390625,0.2421875,"Retention is frequency under declared balanced sensitivity scenarios, not probability/confidence."
9fa9132d1e971d68e771,1.0,1.0,2.0,0.5,,,,,2.0,1.0,3.0,0.33984375,1.0,1.0,2.0,0.390625,0.17578125,"Retention is frequency under declared balanced sensitivity scenarios, not probability/confidence."
9fa922c857f792de9b4a,4.0,3.0,4.0,0.30859375,3.0,2.0,3.0,0.5,3.0,2.0,4.0,0.33203125,3.0,2.0,3.0,0.51953125,0.66796875,"Retention is frequency under declared balanced sensitivity scenarios, not probability/confidence."
9fa9a03b4cba2a9e3237,1.0,1.0,2.0,0.5,,,,,2.0,1.0,3.0,0.32421875,1.0,1.0,2.0,0.41015625,0.1640625,"Retention is frequency under declared balanced sensitivity scenarios, not probability/confidence."
9fae0ec57013f44bce85,,,,,,,,,,,,,,,,,0.4921875,"Retention is frequency under declared balanced sensitivity scenarios, not probability/confidence."
9fb6c11ebaf691988ee4,3.0,3.0,4.0,0.7734375,,,,,3.0,2.0,3.0,0.23828125,2.0,2.0,3.0,0.49609375,0.4296875,"Retention is frequency under declared balanced sensitivity scenarios, not probability/confidence."
9fe3139235bac7af6f18,,,,,,,,,,,,,,,,,1.0,"Retention is frequency under declared balanced sensitivity scenarios, not probability/confidence."
9fe887ad8d1a7cc34f7b,3.0,2.0,3.0,0.390625,,,,,2.0,1.0,3.0,0.29296875,2.0,2.0,3.0,0.50390625,0.6484375,"Retention is frequency under declared balanced sensitivity scenarios, not probability/confidence."
a008929942efc276b0a7,,,,,,,,,,,,,,,,,1.0,"Retention is frequency under declared balanced sensitivity scenarios, not probability/confidence."
a02c517b26e2102d2f6d,3.0,3.0,4.0,0.765625,,,,,3.0,2.0,3.0,0.26171875,2.0,2.0,3.0,0.49609375,0.65234375,"Retention is frequency under declared balanced sensitivity scenarios, not probability/confidence."
a0352243e1e9d579512d,4.0,3.0,4.0,0.30859375,1.0,1.0,2.0,0.5,3.0,2.0,4.0,0.33203125,3.0,2.0,3.0,0.51953125,0.75390625,"Retention is frequency under declared balanced sensitivity scenarios, not probability/confidence."
a036a8a488701795ee3b,2.0,1.0,2.0,0.5,,,,,3.0,2.0,3.0,0.22265625,1.0,1.0,2.0,0.43359375,0.3828125,"Retention is frequency under declared balanced sensitivity scenarios, not probability/confidence."
a037765bfb341ae7c014,3.0,3.0,4.0,0.765625,,,,,3.0,2.0,3.0,0.26171875,2.0,2.0,3.0,0.49609375,0.65234375,"Retention is frequency under declared balanced sensitivity scenarios, not probability/confidence."
a03f11c19dd5703854be,1.0,1.0,2.0,0.5,,,,,2.0,1.0,3.0,0.33984375,1.0,1.0,2.0,0.390625,0.17578125,"Retention is frequency under declared balanced sensitivity scenarios, not probability/confidence."
a0500d7a040060a19644,2.0,2.0,3.0,0.62109375,,,,,3.0,2.0,3.0,0.23046875,2.0,2.0,3.0,0.51953125,0.0390625,"Retention is frequency under declared balanced sensitivity scenarios, not probability/confidence."
a06d42cd9cb0a0f843a6,2.0,1.0,2.0,0.5,,,,,3.0,2.0,3.0,0.22265625,1.0,1.0,2.0,0.43359375,0.25390625,"Retention is frequency under declared balanced sensitivity scenarios, not probability/confidence."
a070507f565d2d774162,,,,,,,,,2.0,1.0,3.0,0.30859375,4.0,3.0,4.0,0.65234375,0.66796875,"Retention is frequency under declared balanced sensitivity scenarios, not probability/confidence."
a095967475243817db4d,4.0,3.0,4.0,0.30859375,3.0,2.0,3.0,0.5,3.0,2.0,4.0,0.33203125,3.0,2.0,3.0,0.51953125,0.66796875,"Retention is frequency under declared balanced sensitivity scenarios, not probability/confidence."
a09c8c29119060e8b09e,4.0,3.0,4.0,0.35546875,,,,,4.0,3.0,4.0,0.2421875,4.0,3.0,4.0,0.70703125,0.6640625,"Retention is frequency under declared balanced sensitivity scenarios, not probability/confidence."
a0a33c595797ef896e2d,4.0,3.0,4.0,0.30859375,3.0,2.0,3.0,0.5,3.0,2.0,4.0,0.33203125,3.0,2.0,3.0,0.51953125,0.66796875,"Retention is frequency under declared balanced sensitivity scenarios, not probability/confidence."
a0b8799d3427bb7517fd,,,,,,,,,,,,,,,,,1.0,"Retention is frequency under declared balanced sensitivity scenarios, not probability/confidence."
a0c034b41845bbdcd683,2.0,2.0,3.0,0.6328125,,,,,2.0,1.0,3.0,0.50390625,3.0,2.0,3.0,0.53125,0.01953125,"Retention is frequency under declared balanced sensitivity scenarios, not probability/confidence."
a0c3cc12068215b70ada,4.0,3.0,4.0,0.35546875,,,,,4.0,3.0,4.0,0.2421875,4.0,3.0,4.0,0.70703125,0.66796875,"Retention is frequency under declared balanced sensitivity scenarios, not probability/confidence."
a0e115f0168dd6a720c6,,,,,,,,,,,,,,,,,0.4921875,"Retention is frequency under declared balanced sensitivity scenarios, not probability/confidence."
a0e27195e1de7b4bbc99,1.0,1.0,2.0,0.5,,,,,2.0,1.0,3.0,0.33984375,1.0,1.0,2.0,0.390625,0.17578125,"Retention is frequency under declared balanced sensitivity scenarios, not probability/confidence."
a0e28d0d5608c97bdb02,,,,,,,,,,,,,,,,,1.0,"Retention is frequency under declared balanced sensitivity scenarios, not probability/confidence."
a0ec4a0dcaf94bc20507,4.0,3.0,4.0,0.30859375,1.0,1.0,2.0,0.5,3.0,2.0,4.0,0.33203125,3.0,2.0,3.0,0.51953125,0.75390625,"Retention is frequency under declared balanced sensitivity scenarios, not probability/confidence."
a0fae30285cb5135efe7,1.0,1.0,2.0,0.5,,,,,2.0,1.0,3.0,0.32421875,1.0,1.0,2.0,0.41015625,0.1640625,"Retention is frequency under declared balanced sensitivity scenarios, not probability/confidence."
a0fc394f548dc7c3fe71,,,,,,,,,,,,,,,,,1.0,"Retention is frequency under declared balanced sensitivity scenarios, not probability/confidence."
a119762a6145cf3757b4,4.0,3.0,4.0,0.30859375,3.0,2.0,3.0,0.5,3.0,2.0,4.0,0.33203125,3.0,2.0,3.0,0.51953125,0.66796875,"Retention is frequency under declared balanced sensitivity scenarios, not probability/confidence."
a11cda7b2f8a51a6fb17,4.0,3.0,4.0,0.375,4.0,3.0,4.0,0.23828125,4.0,3.0,4.0,0.2421875,3.0,2.0,3.0,0.75390625,0.2109375,"Retention is frequency under declared balanced sensitivity scenarios, not probability/confidence."
a12283ee5ab43dc8c515,,,,,,,,,,,,,,,,,0.5,"Retention is frequency under declared balanced sensitivity scenarios, not probability/confidence."
a142e92ca0925261a38a,3.0,2.0,3.0,0.390625,,,,,2.0,1.0,3.0,0.29296875,2.0,2.0,3.0,0.50390625,0.40625,"Retention is frequency under declared balanced sensitivity scenarios, not probability/confidence."
a14f93ddf9f3a36a739d,4.0,3.0,4.0,0.296875,,,,,4.0,3.0,4.0,0.2421875,4.0,3.0,4.0,0.70703125,0.50390625,"Retention is frequency under declared balanced sensitivity scenarios, not probability/confidence."
a17847f305fbe57034b2,1.0,1.0,2.0,0.5,,,,,2.0,1.0,3.0,0.33984375,1.0,1.0,2.0,0.390625,0.17578125,"Retention is frequency under declared balanced sensitivity scenarios, not probability/confidence."
a18ae903585826b75d0e,1.0,1.0,2.0,0.5,,,,,2.0,1.0,3.0,0.32421875,1.0,1.0,2.0,0.41015625,0.1640625,"Retention is frequency under declared balanced sensitivity scenarios, not probability/confidence."
a18d7759f2075c6570bd,1.0,1.0,2.0,0.5,,,,,2.0,1.0,3.0,0.33984375,1.0,1.0,2.0,0.390625,0.17578125,"Retention is frequency under declared balanced sensitivity scenarios, not probability/confidence."
a19c84f72bd06103b390,4.0,3.0,4.0,0.30859375,3.0,2.0,3.0,0.5,3.0,2.0,4.0,0.33203125,3.0,2.0,3.0,0.51953125,0.66796875,"Retention is frequency under declared balanced sensitivity scenarios, not probability/confidence."
a1a0d52badde95d76863,4.0,3.0,4.0,0.35546875,,,,,4.0,3.0,4.0,0.2421875,4.0,3.0,4.0,0.70703125,0.66796875,"Retention is frequency under declared balanced sensitivity scenarios, not probability/confidence."
a1ae102359514743a71a,4.0,3.0,4.0,0.30859375,1.0,1.0,2.0,0.5,3.0,2.0,4.0,0.33203125,3.0,2.0,3.0,0.51953125,0.265625,"Retention is frequency under declared balanced sensitivity scenarios, not probability/confidence."
a1b4f3f0e62cedf63bc2,1.0,1.0,2.0,0.5,,,,,2.0,1.0,3.0,0.32421875,1.0,1.0,2.0,0.41015625,0.1640625,"Retention is frequency under declared balanced sensitivity scenarios, not probability/confidence."
a1b8df22ef86561d6d3c,,,,,,,,,,,,,,,,,1.0,"Retention is frequency under declared balanced sensitivity scenarios, not probability/confidence."
a1c54c9991d13040bd2c,2.0,2.0,3.0,0.62109375,,,,,3.0,2.0,3.0,0.23046875,2.0,2.0,3.0,0.51953125,0.0390625,"Retention is frequency under declared balanced sensitivity scenarios, not probability/confidence."
a1d1e156418911d564b8,3.0,3.0,4.0,0.7734375,,,,,3.0,2.0,3.0,0.23828125,2.0,2.0,3.0,0.49609375,0.625,"Retention is frequency under declared balanced sensitivity scenarios, not probability/confidence."
a1e88fc84ac457fccedc,3.0,3.0,4.0,0.7734375,,,,,3.0,2.0,3.0,0.23828125,2.0,2.0,3.0,0.49609375,0.625,"Retention is frequency under declared balanced sensitivity scenarios, not probability/confidence."
a1ec313d537b24db9aae,3.0,3.0,4.0,0.765625,,,,,3.0,2.0,3.0,0.26171875,2.0,2.0,3.0,0.49609375,0.4140625,"Retention is frequency under declared balanced sensitivity scenarios, not probability/confidence."
a1fd75d0b4fa6db075aa,3.0,3.0,4.0,0.765625,,,,,3.0,2.0,3.0,0.26171875,2.0,2.0,3.0,0.49609375,0.65234375,"Retention is frequency under declared balanced sensitivity scenarios, not probability/confidence."
a20137ca7ea0c40b6532,,,,,,,,,,,,,,,,,1.0,"Retention is frequency under declared balanced sensitivity scenarios, not probability/confidence."
a202bf712620168bfd83,4.0,3.0,4.0,0.35546875,,,,,4.0,3.0,4.0,0.2421875,4.0,3.0,4.0,0.70703125,0.6640625,"Retention is frequency under declared balanced sensitivity scenarios, not probability/confidence."
a20f6bd8b7921e1300d6,3.0,2.0,3.0,0.390625,,,,,2.0,1.0,3.0,0.29296875,2.0,2.0,3.0,0.50390625,0.6484375,"Retention is frequency under declared balanced sensitivity scenarios, not probability/confidence."
a252cbae42bb4aaf4b1b,1.0,1.0,2.0,0.5,,,,,2.0,1.0,3.0,0.33984375,1.0,1.0,2.0,0.390625,0.17578125,"Retention is frequency under declared balanced sensitivity scenarios, not probability/confidence."
a2536ce7e9e943d2534a,4.0,3.0,4.0,0.35546875,,,,,4.0,3.0,4.0,0.2421875,4.0,3.0,4.0,0.70703125,0.66796875,"Retention is frequency under declared balanced sensitivity scenarios, not probability/confidence."
a261ae98dbac0a84d570,3.0,3.0,4.0,0.765625,,,,,3.0,2.0,3.0,0.26171875,2.0,2.0,3.0,0.49609375,0.65234375,"Retention is frequency under declared balanced sensitivity scenarios, not probability/confidence."
a298c931647fd783ee66,,,,,,,,,,,,,,,,,1.0,"Retention is frequency under declared balanced sensitivity scenarios, not probability/confidence."
a29aaece548de5bf38f3,,,,,,,,,,,,,,,,,0.4921875,"Retention is frequency under declared balanced sensitivity scenarios, not probability/confidence."
a29af05a500313262e40,4.0,3.0,4.0,0.35546875,,,,,4.0,3.0,4.0,0.2421875,4.0,3.0,4.0,0.70703125,0.66796875,"Retention is frequency under declared balanced sensitivity scenarios, not probability/confidence."
a2c3b127d39a2a6053ab,4.0,3.0,4.0,0.375,4.0,3.0,4.0,0.24609375,4.0,3.0,4.0,0.2421875,3.0,2.0,3.0,0.75390625,0.34375,"Retention is frequency under declared balanced sensitivity scenarios, not probability/confidence."
a2cdfc1364f2cdfbd775,3.0,3.0,4.0,0.7734375,,,,,3.0,2.0,3.0,0.23828125,2.0,2.0,3.0,0.49609375,0.625,"Retention is frequency under declared balanced sensitivity scenarios, not probability/confidence."
a2d9ef61b515ce6ef2fb,4.0,3.0,4.0,0.30859375,3.0,2.0,3.0,0.5,3.0,2.0,4.0,0.33203125,3.0,2.0,3.0,0.51953125,0.66796875,"Retention is frequency under declared balanced sensitivity scenarios, not probability/confidence."
a2f95dfe85e052c2a6aa,1.0,1.0,2.0,0.5,,,,,2.0,1.0,3.0,0.33984375,1.0,1.0,2.0,0.390625,0.17578125,"Retention is frequency under declared balanced sensitivity scenarios, not probability/confidence."
a30698effc50ae58edf3,,,,,,,,,,,,,,,,,1.0,"Retention is frequency under declared balanced sensitivity scenarios, not probability/confidence."
a3074327f9aac9d34c1f,4.0,3.0,4.0,0.30859375,3.0,2.0,3.0,0.5,3.0,2.0,4.0,0.33203125,3.0,2.0,3.0,0.51953125,0.43359375,"Retention is frequency under declared balanced sensitivity scenarios, not probability/confidence."
a317a6651623966f7962,4.0,3.0,4.0,0.35546875,,,,,4.0,3.0,4.0,0.2421875,4.0,3.0,4.0,0.70703125,0.66796875,"Retention is frequency under declared balanced sensitivity scenarios, not probability/confidence."
a32ee8689ecff4459eb5,1.0,1.0,2.0,0.5,,,,,2.0,1.0,3.0,0.32421875,1.0,1.0,2.0,0.41015625,0.1640625,"Retention is frequency under declared balanced sensitivity scenarios, not probability/confidence."
a33db37600f5c2e77eba,4.0,3.0,4.0,0.35546875,,,,,4.0,3.0,4.0,0.2421875,4.0,3.0,4.0,0.70703125,0.66796875,"Retention is frequency under declared balanced sensitivity scenarios, not probability/confidence."
a373633dfac58f5011ea,,,,,,,,,,,,,,,,,0.4921875,"Retention is frequency under declared balanced sensitivity scenarios, not probability/confidence."
a381b80b8172baa005d3,2.0,1.0,2.0,0.5,,,,,3.0,2.0,3.0,0.26171875,2.0,1.0,2.0,0.73046875,0.1640625,"Retention is frequency under declared balanced sensitivity scenarios, not probability/confidence."
a3b261ad727aac674be3,4.0,3.0,4.0,0.296875,,,,,4.0,3.0,4.0,0.2421875,4.0,3.0,4.0,0.70703125,0.50390625,"Retention is frequency under declared balanced sensitivity scenarios, not probability/confidence."
a3b440c2169e0c527371,4.0,3.0,4.0,0.375,4.0,3.0,4.0,0.24609375,4.0,3.0,4.0,0.2421875,3.0,2.0,3.0,0.75390625,0.2421875,"Retention is frequency under declared balanced sensitivity scenarios, not probability/confidence."
a3c86bebb057c1331053,2.0,2.0,3.0,0.62109375,,,,,3.0,2.0,3.0,0.23046875,2.0,2.0,3.0,0.51953125,0.0390625,"Retention is frequency under declared balanced sensitivity scenarios, not probability/confidence."
a3d79026531e24b0135c,4.0,3.0,4.0,0.375,4.0,3.0,4.0,0.24609375,4.0,3.0,4.0,0.2421875,3.0,2.0,3.0,0.75390625,0.2421875,"Retention is frequency under declared balanced sensitivity scenarios, not probability/confidence."
a4045b5cc04179c204cc,,,,,,,,,2.0,1.0,3.0,0.30859375,4.0,3.0,4.0,0.65234375,0.66796875,"Retention is frequency under declared balanced sensitivity scenarios, not probability/confidence."
a40726fa1dd05fe8d19d,,,,,,,,,,,,,,,,,1.0,"Retention is frequency under declared balanced sensitivity scenarios, not probability/confidence."
a418f850eb58bbe38313,4.0,3.0,4.0,0.375,1.0,1.0,2.0,0.33203125,4.0,3.0,4.0,0.41015625,3.0,2.0,3.0,0.75390625,0.47265625,"Retention is frequency under declared balanced sensitivity scenarios, not probability/confidence."
a41a6963ccf740675bad,,,,,,,,,,,,,,,,,1.0,"Retention is frequency under declared balanced sensitivity scenarios, not probability/confidence."
a43150c462620d8527bf,4.0,3.0,4.0,0.375,1.0,1.0,2.0,0.33203125,4.0,3.0,4.0,0.41015625,3.0,2.0,3.0,0.75390625,0.47265625,"Retention is frequency under declared balanced sensitivity scenarios, not probability/confidence."
a4520632216333d95b84,,,,,,,,,,,,,,,,,1.0,"Retention is frequency under declared balanced sensitivity scenarios, not probability/confidence."
a47bf874205181d3be57,2.0,2.0,3.0,0.6328125,,,,,2.0,1.0,3.0,0.50390625,3.0,2.0,3.0,0.53125,0.01953125,"Retention is frequency under declared balanced sensitivity scenarios, not probability/confidence."
a48714eed9cd6621f2a7,4.0,3.0,4.0,0.296875,,,,,4.0,3.0,4.0,0.2421875,4.0,3.0,4.0,0.70703125,0.50390625,"Retention is frequency under declared balanced sensitivity scenarios, not probability/confidence."
a4bacdbdb60f3cf8fa2b,,,,,,,,,,,,,,,,,0.4921875,"Retention is frequency under declared balanced sensitivity scenarios, not probability/confidence."
a4c0f966bdcf0a817543,2.0,2.0,3.0,0.62890625,,,,,2.0,1.0,2.0,0.24609375,4.0,4.0,4.0,1.0,0.44921875,"Retention is frequency under declared balanced sensitivity scenarios, not probability/confidence."
a4ed96b6140c30292b7d,2.0,2.0,3.0,0.62890625,,,,,2.0,1.0,2.0,0.24609375,4.0,4.0,4.0,1.0,0.44140625,"Retention is frequency under declared balanced sensitivity scenarios, not probability/confidence."
a4f10da8efecf9c459e2,3.0,3.0,4.0,0.765625,,,,,3.0,2.0,3.0,0.26171875,2.0,2.0,3.0,0.49609375,0.65234375,"Retention is frequency under declared balanced sensitivity scenarios, not probability/confidence."
a50dc3acbb2a1b8df243,1.0,1.0,2.0,0.5,,,,,2.0,1.0,3.0,0.33984375,1.0,1.0,2.0,0.390625,0.17578125,"Retention is frequency under declared balanced sensitivity scenarios, not probability/confidence."
a52433c1c5d4fde7fab8,3.0,2.0,3.0,0.390625,,,,,2.0,1.0,3.0,0.29296875,2.0,2.0,3.0,0.50390625,0.6484375,"Retention is frequency under declared balanced sensitivity scenarios, not probability/confidence."
a52b73c898ee0a62c806,4.0,3.0,4.0,0.35546875,,,,,4.0,3.0,4.0,0.2421875,4.0,3.0,4.0,0.70703125,0.6640625,"Retention is frequency under declared balanced sensitivity scenarios, not probability/confidence."
a53cd0089979df69019d,,,,,,,,,,,,,,,,,1.0,"Retention is frequency under declared balanced sensitivity scenarios, not probability/confidence."
a5478c887c8570c74844,4.0,3.0,4.0,0.30859375,3.0,2.0,3.0,0.5,3.0,2.0,4.0,0.33203125,3.0,2.0,3.0,0.51953125,0.43359375,"Retention is frequency under declared balanced sensitivity scenarios, not probability/confidence."
a5516d30c4e716b1cc5c,2.0,2.0,3.0,0.6328125,1.0,1.0,2.0,0.5,2.0,1.0,3.0,0.50390625,3.0,2.0,3.0,0.53125,0.4765625,"Retention is frequency under declared balanced sensitivity scenarios, not probability/confidence."
a5594442d68f179a9397,,,,,,,,,,,,,,,,,1.0,"Retention is frequency under declared balanced sensitivity scenarios, not probability/confidence."
a562800d79b41f31b87d,1.0,1.0,2.0,0.5,,,,,2.0,1.0,3.0,0.32421875,1.0,1.0,2.0,0.41015625,0.1640625,"Retention is frequency under declared balanced sensitivity scenarios, not probability/confidence."
a564c86d22b2d6812912,,,,,,,,,,,,,,,,,1.0,"Retention is frequency under declared balanced sensitivity scenarios, not probability/confidence."
a57eb8985bcbfcb5dbf9,4.0,3.0,4.0,0.30859375,3.0,2.0,3.0,0.5,3.0,2.0,4.0,0.33203125,3.0,2.0,3.0,0.51953125,0.66796875,"Retention is frequency under declared balanced sensitivity scenarios, not probability/confidence."
a5a477c38dc9e98313f8,4.0,3.0,4.0,0.30859375,3.0,2.0,3.0,0.5,3.0,2.0,4.0,0.33203125,3.0,2.0,3.0,0.51953125,0.66796875,"Retention is frequency under declared balanced sensitivity scenarios, not probability/confidence."
a5b12252923e573bf1c3,2.0,2.0,3.0,0.62890625,,,,,2.0,1.0,2.0,0.24609375,4.0,4.0,4.0,1.0,0.44921875,"Retention is frequency under declared balanced sensitivity scenarios, not probability/confidence."
a5b342ffa7a223e10f1f,2.0,2.0,3.0,0.6328125,,,,,2.0,1.0,3.0,0.50390625,3.0,2.0,3.0,0.53125,0.01953125,"Retention is frequency under declared balanced sensitivity scenarios, not probability/confidence."
a5b79fbe746d5cfb3e57,1.0,1.0,2.0,0.5,,,,,2.0,1.0,3.0,0.33984375,1.0,1.0,2.0,0.390625,0.17578125,"Retention is frequency under declared balanced sensitivity scenarios, not probability/confidence."
a5c225a52258255a2aad,3.0,3.0,4.0,0.765625,,,,,3.0,2.0,3.0,0.26171875,2.0,2.0,3.0,0.49609375,0.65234375,"Retention is frequency under declared balanced sensitivity scenarios, not probability/confidence."
a5ce6e554cb87730a2fb,1.0,1.0,2.0,0.5,,,,,2.0,1.0,3.0,0.33984375,1.0,1.0,2.0,0.390625,0.17578125,"Retention is frequency under declared balanced sensitivity scenarios, not probability/confidence."
a6177e8d566dc03bd386,2.0,2.0,3.0,0.62109375,,,,,3.0,2.0,3.0,0.23046875,2.0,2.0,3.0,0.51953125,0.0390625,"Retention is frequency under declared balanced sensitivity scenarios, not probability/confidence."
a61c501a22ffd450e8d1,3.0,3.0,4.0,0.765625,,,,,3.0,2.0,3.0,0.26171875,2.0,2.0,3.0,0.49609375,0.65234375,"Retention is frequency under declared balanced sensitivity scenarios, not probability/confidence."
a626df88da32f77ef2a9,1.0,1.0,2.0,0.5,,,,,2.0,1.0,3.0,0.33984375,1.0,1.0,2.0,0.390625,0.17578125,"Retention is frequency under declared balanced sensitivity scenarios, not probability/confidence."
a6416ef6371781341e9a,3.0,3.0,4.0,0.765625,,,,,3.0,2.0,3.0,0.26171875,2.0,2.0,3.0,0.49609375,0.65234375,"Retention is frequency under declared balanced sensitivity scenarios, not probability/confidence."
a6e392baa8cc5db9eab9,2.0,2.0,3.0,0.6328125,3.0,2.0,3.0,0.23828125,2.0,1.0,3.0,0.50390625,3.0,2.0,3.0,0.53125,0.23046875,"Retention is frequency under declared balanced sensitivity scenarios, not probability/confidence."
a6f1e652c7c9513a65a0,2.0,2.0,3.0,0.62890625,,,,,2.0,1.0,2.0,0.24609375,4.0,4.0,4.0,1.0,0.44921875,"Retention is frequency under declared balanced sensitivity scenarios, not probability/confidence."
a717ef81d816a85cd253,3.0,2.0,3.0,0.390625,,,,,2.0,1.0,3.0,0.29296875,2.0,2.0,3.0,0.50390625,0.6484375,"Retention is frequency under declared balanced sensitivity scenarios, not probability/confidence."
a7362335b9d7f25990f4,4.0,3.0,4.0,0.296875,,,,,4.0,3.0,4.0,0.2421875,4.0,3.0,4.0,0.70703125,0.50390625,"Retention is frequency under declared balanced sensitivity scenarios, not probability/confidence."
a74b2677b1191f668c2d,4.0,3.0,4.0,0.30859375,1.0,1.0,2.0,0.5,3.0,2.0,4.0,0.33203125,3.0,2.0,3.0,0.51953125,0.5078125,"Retention is frequency under declared balanced sensitivity scenarios, not probability/confidence."
a77281d9958de30d1d92,4.0,3.0,4.0,0.30859375,3.0,2.0,3.0,0.5,3.0,2.0,4.0,0.33203125,3.0,2.0,3.0,0.51953125,0.66796875,"Retention is frequency under declared balanced sensitivity scenarios, not probability/confidence."
a778bce7f67d23412ca9,,,,,,,,,,,,,,,,,0.5,"Retention is frequency under declared balanced sensitivity scenarios, not probability/confidence."
a779eb0aa29e92714982,,,,,,,,,,,,,,,,,0.4921875,"Retention is frequency under declared balanced sensitivity scenarios, not probability/confidence."
a77a15463f684953773c,4.0,3.0,4.0,0.30859375,3.0,2.0,3.0,0.5,3.0,2.0,4.0,0.33203125,3.0,2.0,3.0,0.51953125,0.66796875,"Retention is frequency under declared balanced sensitivity scenarios, not probability/confidence."
a7829cf6d0017243f65d,2.0,2.0,3.0,0.6328125,,,,,2.0,1.0,3.0,0.50390625,3.0,2.0,3.0,0.53125,0.01953125,"Retention is frequency under declared balanced sensitivity scenarios, not probability/confidence."
a78787bd4bb559780afb,2.0,1.0,2.0,0.5,,,,,3.0,2.0,3.0,0.26171875,2.0,1.0,2.0,0.73046875,0.046875,"Retention is frequency under declared balanced sensitivity scenarios, not probability/confidence."
a7894d8c16bfb6508fdc,4.0,3.0,4.0,0.375,4.0,3.0,4.0,0.24609375,4.0,3.0,4.0,0.2421875,3.0,2.0,3.0,0.75390625,0.2421875,"Retention is frequency under declared balanced sensitivity scenarios, not probability/confidence."
a79c2fa7a3943c3953b8,4.0,3.0,4.0,0.296875,,,,,4.0,3.0,4.0,0.2421875,4.0,3.0,4.0,0.70703125,0.84765625,"Retention is frequency under declared balanced sensitivity scenarios, not probability/confidence."
a7a070613ee3af847e0d,,,,,,,,,,,,,,,,,1.0,"Retention is frequency under declared balanced sensitivity scenarios, not probability/confidence."
a7b6b2de4b9efb682839,,,,,,,,,2.0,1.0,3.0,0.30859375,4.0,3.0,4.0,0.65234375,0.6640625,"Retention is frequency under declared balanced sensitivity scenarios, not probability/confidence."
a7be5f7a56814a15ccbd,4.0,3.0,4.0,0.375,1.0,1.0,2.0,0.33203125,4.0,3.0,4.0,0.41015625,3.0,2.0,3.0,0.75390625,0.44921875,"Retention is frequency under declared balanced sensitivity scenarios, not probability/confidence."
a7c1b6c53d4ba127b365,,,,,,,,,,,,,,,,,1.0,"Retention is frequency under declared balanced sensitivity scenarios, not probability/confidence."
a7c7da663c9498a1ffb2,4.0,3.0,4.0,0.30859375,3.0,2.0,3.0,0.5,3.0,2.0,4.0,0.33203125,3.0,2.0,3.0,0.51953125,0.66796875,"Retention is frequency under declared balanced sensitivity scenarios, not probability/confidence."
a7d315149b87a91ed637,3.0,3.0,4.0,0.7734375,,,,,3.0,2.0,3.0,0.23828125,2.0,2.0,3.0,0.49609375,0.625,"Retention is frequency under declared balanced sensitivity scenarios, not probability/confidence."
a8322b90da1511a0c6ae,4.0,3.0,4.0,0.30859375,3.0,2.0,3.0,0.5,3.0,2.0,4.0,0.33203125,3.0,2.0,3.0,0.51953125,0.66796875,"Retention is frequency under declared balanced sensitivity scenarios, not probability/confidence."
a8344e302595e6a2bae8,3.0,2.0,3.0,0.390625,,,,,2.0,1.0,3.0,0.29296875,2.0,2.0,3.0,0.50390625,0.6484375,"Retention is frequency under declared balanced sensitivity scenarios, not probability/confidence."
a88c62ad5023a5678c78,4.0,3.0,4.0,0.30859375,3.0,2.0,3.0,0.5,3.0,2.0,4.0,0.33203125,3.0,2.0,3.0,0.51953125,0.66796875,"Retention is frequency under declared balanced sensitivity scenarios, not probability/confidence."
a8aadd186cb846bf33d4,3.0,3.0,4.0,0.7734375,,,,,3.0,2.0,3.0,0.23828125,2.0,2.0,3.0,0.49609375,0.4296875,"Retention is frequency under declared balanced sensitivity scenarios, not probability/confidence."
a8ac45991f80e4dca76e,,,,,,,,,,,,,,,,,1.0,"Retention is frequency under declared balanced sensitivity scenarios, not probability/confidence."
a8b01c0e2f1eef4046a9,,,,,,,,,,,,,,,,,0.4921875,"Retention is frequency under declared balanced sensitivity scenarios, not probability/confidence."
a8b41604b2153ff52808,,,,,,,,,,,,,,,,,1.0,"Retention is frequency under declared balanced sensitivity scenarios, not probability/confidence."
a8c816767ff1848c6e74,,,,,,,,,,,,,,,,,0.5,"Retention is frequency under declared balanced sensitivity scenarios, not probability/confidence."
a8d427fd6fa94071a5dc,,,,,,,,,2.0,1.0,3.0,0.30859375,4.0,3.0,4.0,0.65234375,0.66796875,"Retention is frequency under declared balanced sensitivity scenarios, not probability/confidence."
a8d4d1353ef0ca2299e4,4.0,3.0,4.0,0.30859375,3.0,2.0,3.0,0.5,3.0,2.0,4.0,0.33203125,3.0,2.0,3.0,0.51953125,0.66796875,"Retention is frequency under declared balanced sensitivity scenarios, not probability/confidence."
a8d5113f684f42e2883d,2.0,1.0,2.0,0.5,,,,,3.0,2.0,3.0,0.22265625,1.0,1.0,2.0,0.43359375,0.3828125,"Retention is frequency under declared balanced sensitivity scenarios, not probability/confidence."
a900121f3f9b75fec5dc,2.0,1.0,2.0,0.5,,,,,3.0,2.0,3.0,0.22265625,1.0,1.0,2.0,0.43359375,0.3828125,"Retention is frequency under declared balanced sensitivity scenarios, not probability/confidence."
a908e548aa847e2c35f7,4.0,3.0,4.0,0.30859375,1.0,1.0,2.0,0.5,3.0,2.0,4.0,0.33203125,3.0,2.0,3.0,0.51953125,0.5078125,"Retention is frequency under declared balanced sensitivity scenarios, not probability/confidence."
a930ee8de3659984e37d,1.0,1.0,2.0,0.5,,,,,2.0,1.0,3.0,0.32421875,1.0,1.0,2.0,0.41015625,0.1640625,"Retention is frequency under declared balanced sensitivity scenarios, not probability/confidence."
a95d17b63670c3ac827b,,,,,,,,,,,,,,,,,1.0,"Retention is frequency under declared balanced sensitivity scenarios, not probability/confidence."
a996af7bd372802d4702,4.0,3.0,4.0,0.30859375,1.0,1.0,2.0,0.5,3.0,2.0,4.0,0.33203125,3.0,2.0,3.0,0.51953125,0.75390625,"Retention is frequency under declared balanced sensitivity scenarios, not probability/confidence."
a9b04a74a3ec9340035f,2.0,2.0,3.0,0.62109375,,,,,3.0,2.0,3.0,0.23046875,2.0,2.0,3.0,0.51953125,0.01953125,"Retention is frequency under declared balanced sensitivity scenarios, not probability/confidence."
a9b9c9d523cd84562d8d,2.0,2.0,3.0,0.6328125,,,,,2.0,1.0,3.0,0.50390625,3.0,2.0,3.0,0.53125,0.01953125,"Retention is frequency under declared balanced sensitivity scenarios, not probability/confidence."
a9d0e7a560f53df67c86,4.0,3.0,4.0,0.30859375,3.0,2.0,3.0,0.5,3.0,2.0,4.0,0.33203125,3.0,2.0,3.0,0.51953125,0.66796875,"Retention is frequency under declared balanced sensitivity scenarios, not probability/confidence."
a9e5972105ca1bb79397,,,,,,,,,,,,,,,,,0.34765625,"Retention is frequency under declared balanced sensitivity scenarios, not probability/confidence."
aa0b4811c72b7ee12278,3.0,3.0,4.0,0.765625,,,,,3.0,2.0,3.0,0.26171875,2.0,2.0,3.0,0.49609375,0.65234375,"Retention is frequency under declared balanced sensitivity scenarios, not probability/confidence."
aa0c80f7c1dc8abe8545,,,,,,,,,,,,,,,,,0.4921875,"Retention is frequency under declared balanced sensitivity scenarios, not probability/confidence."
aa160a8e8ddb1f94efda,,,,,,,,,,,,,,,,,1.0,"Retention is frequency under declared balanced sensitivity scenarios, not probability/confidence."
aa203cbbe26d5f40d31d,1.0,1.0,2.0,0.5,,,,,2.0,1.0,3.0,0.32421875,1.0,1.0,2.0,0.41015625,0.1640625,"Retention is frequency under declared balanced sensitivity scenarios, not probability/confidence."
aa4309afc433e0360e1e,2.0,2.0,3.0,0.62109375,,,,,3.0,2.0,3.0,0.23046875,2.0,2.0,3.0,0.51953125,0.0390625,"Retention is frequency under declared balanced sensitivity scenarios, not probability/confidence."
aa441d79536ce863b736,1.0,1.0,2.0,0.5,,,,,2.0,1.0,3.0,0.33984375,1.0,1.0,2.0,0.390625,0.17578125,"Retention is frequency under declared balanced sensitivity scenarios, not probability/confidence."
aa4f61b158e83ca780bc,,,,,,,,,,,,,,,,,1.0,"Retention is frequency under declared balanced sensitivity scenarios, not probability/confidence."
aa57632908ba36d14f92,2.0,1.0,2.0,0.5,,,,,3.0,2.0,3.0,0.26171875,2.0,1.0,2.0,0.73046875,0.046875,"Retention is frequency under declared balanced sensitivity scenarios, not probability/confidence."
aa65870a5926b3724c46,,,,,,,,,,,,,,,,,0.4921875,"Retention is frequency under declared balanced sensitivity scenarios, not probability/confidence."
aa6ffa51c3943ada3949,4.0,3.0,4.0,0.375,4.0,3.0,4.0,0.23828125,4.0,3.0,4.0,0.2421875,3.0,2.0,3.0,0.75390625,0.2109375,"Retention is frequency under declared balanced sensitivity scenarios, not probability/confidence."
aa7df67e1c57e813879f,4.0,3.0,4.0,0.30859375,3.0,2.0,3.0,0.5,3.0,2.0,4.0,0.33203125,3.0,2.0,3.0,0.51953125,0.43359375,"Retention is frequency under declared balanced sensitivity scenarios, not probability/confidence."
aab4ec697760f8715788,,,,,,,,,2.0,1.0,3.0,0.30859375,4.0,3.0,4.0,0.65234375,0.66796875,"Retention is frequency under declared balanced sensitivity scenarios, not probability/confidence."
aabed900747f2462d10a,4.0,3.0,4.0,0.35546875,,,,,4.0,3.0,4.0,0.2421875,4.0,3.0,4.0,0.70703125,0.66796875,"Retention is frequency under declared balanced sensitivity scenarios, not probability/confidence."
aac06e7b9ea859d956fe,1.0,1.0,2.0,0.5,,,,,2.0,1.0,3.0,0.33984375,1.0,1.0,2.0,0.390625,0.17578125,"Retention is frequency under declared balanced sensitivity scenarios, not probability/confidence."
aac26a64749dce1a4a81,1.0,1.0,2.0,0.5,,,,,2.0,1.0,3.0,0.33984375,1.0,1.0,2.0,0.390625,0.17578125,"Retention is frequency under declared balanced sensitivity scenarios, not probability/confidence."
aacc76ab15a8d618fb86,2.0,2.0,3.0,0.62109375,,,,,3.0,2.0,3.0,0.23046875,2.0,2.0,3.0,0.51953125,0.01953125,"Retention is frequency under declared balanced sensitivity scenarios, not probability/confidence."
aadb83cd11d4eb465657,4.0,3.0,4.0,0.30859375,3.0,2.0,3.0,0.5,3.0,2.0,4.0,0.33203125,3.0,2.0,3.0,0.51953125,0.66796875,"Retention is frequency under declared balanced sensitivity scenarios, not probability/confidence."
aade0669beb768536c86,4.0,3.0,4.0,0.30859375,3.0,2.0,3.0,0.5,3.0,2.0,4.0,0.33203125,3.0,2.0,3.0,0.51953125,0.66796875,"Retention is frequency under declared balanced sensitivity scenarios, not probability/confidence."
aafbed7f7f008304ac87,4.0,3.0,4.0,0.30859375,1.0,1.0,2.0,0.5,3.0,2.0,4.0,0.33203125,3.0,2.0,3.0,0.51953125,0.75390625,"Retention is frequency under declared balanced sensitivity scenarios, not probability/confidence."
ab132145ee22ab0306b2,4.0,3.0,4.0,0.35546875,,,,,4.0,3.0,4.0,0.2421875,4.0,3.0,4.0,0.70703125,0.66796875,"Retention is frequency under declared balanced sensitivity scenarios, not probability/confidence."
ab145a42da5a0e36288a,2.0,1.0,2.0,0.5,,,,,3.0,2.0,3.0,0.26171875,2.0,1.0,2.0,0.73046875,0.1640625,"Retention is frequency under declared balanced sensitivity scenarios, not probability/confidence."
ab20fbe389dd424af1ec,,,,,,,,,,,,,,,,,1.0,"Retention is frequency under declared balanced sensitivity scenarios, not probability/confidence."
ab407a91017c67fccc55,4.0,3.0,4.0,0.30859375,3.0,2.0,3.0,0.5,3.0,2.0,4.0,0.33203125,3.0,2.0,3.0,0.51953125,0.66796875,"Retention is frequency under declared balanced sensitivity scenarios, not probability/confidence."
ab5c942a5df6aa781d76,2.0,1.0,2.0,0.5,,,,,3.0,2.0,3.0,0.26171875,2.0,1.0,2.0,0.73046875,0.046875,"Retention is frequency under declared balanced sensitivity scenarios, not probability/confidence."
ab8066988813850d4a45,2.0,1.0,2.0,0.5,,,,,3.0,2.0,3.0,0.26171875,2.0,1.0,2.0,0.73046875,0.046875,"Retention is frequency under declared balanced sensitivity scenarios, not probability/confidence."
aba21fcaa45cad794194,3.0,2.0,3.0,0.390625,,,,,2.0,1.0,3.0,0.29296875,2.0,2.0,3.0,0.50390625,0.6484375,"Retention is frequency under declared balanced sensitivity scenarios, not probability/confidence."
abba4b12dc46bc737e7c,4.0,3.0,4.0,0.35546875,,,,,4.0,3.0,4.0,0.2421875,4.0,3.0,4.0,0.70703125,0.66796875,"Retention is frequency under declared balanced sensitivity scenarios, not probability/confidence."
abc0bbbcd78663035a4c,3.0,2.0,3.0,0.390625,,,,,2.0,1.0,3.0,0.29296875,2.0,2.0,3.0,0.50390625,0.6484375,"Retention is frequency under declared balanced sensitivity scenarios, not probability/confidence."
abde7745fe728d8337f1,2.0,2.0,3.0,0.62109375,,,,,3.0,2.0,3.0,0.23046875,2.0,2.0,3.0,0.51953125,0.01953125,"Retention is frequency under declared balanced sensitivity scenarios, not probability/confidence."
abe12450329bb75390a2,2.0,1.0,2.0,0.5,,,,,3.0,2.0,3.0,0.26171875,2.0,1.0,2.0,0.73046875,0.1640625,"Retention is frequency under declared balanced sensitivity scenarios, not probability/confidence."
abf5ae85ec6c28270974,,,,,,,,,,,,,,,,,0.4921875,"Retention is frequency under declared balanced sensitivity scenarios, not probability/confidence."
ac14e796b4bfda66aadb,,,,,,,,,,,,,,,,,1.0,"Retention is frequency under declared balanced sensitivity scenarios, not probability/confidence."
ac24ec12ca410e23c5d9,4.0,3.0,4.0,0.5,,,,,4.0,3.0,4.0,0.5,4.0,3.0,4.0,0.70703125,0.66796875,"Retention is frequency under declared balanced sensitivity scenarios, not probability/confidence."
ac2ce09a9f23a54c7324,2.0,2.0,3.0,0.62109375,,,,,3.0,2.0,3.0,0.23046875,2.0,2.0,3.0,0.51953125,0.01953125,"Retention is frequency under declared balanced sensitivity scenarios, not probability/confidence."
ac32c51a55c6620b762b,,,,,,,,,,,,,,,,,0.4921875,"Retention is frequency under declared balanced sensitivity scenarios, not probability/confidence."
ac376a1ed431fdcad7cb,,,,,,,,,,,,,,,,,0.4921875,"Retention is frequency under declared balanced sensitivity scenarios, not probability/confidence."
ac4c9ebb45022d0070ea,1.0,1.0,2.0,0.5,,,,,2.0,1.0,3.0,0.32421875,1.0,1.0,2.0,0.41015625,0.1640625,"Retention is frequency under declared balanced sensitivity scenarios, not probability/confidence."
ac88c7a3cbc08d5ebc40,3.0,2.0,3.0,0.390625,,,,,2.0,1.0,3.0,0.29296875,2.0,2.0,3.0,0.50390625,0.6484375,"Retention is frequency under declared balanced sensitivity scenarios, not probability/confidence."
acc338e3c8e9fe04a838,3.0,3.0,4.0,0.765625,,,,,3.0,2.0,3.0,0.26171875,2.0,2.0,3.0,0.49609375,0.65234375,"Retention is frequency under declared balanced sensitivity scenarios, not probability/confidence."
acc7ce8df92c8febd726,1.0,1.0,2.0,0.5,,,,,2.0,1.0,3.0,0.33984375,1.0,1.0,2.0,0.390625,0.17578125,"Retention is frequency under declared balanced sensitivity scenarios, not probability/confidence."
acd03aefed25dba6ae34,,,,,,,,,,,,,,,,,1.0,"Retention is frequency under declared balanced sensitivity scenarios, not probability/confidence."
acd31066a7b8bf5d8386,1.0,1.0,2.0,0.5,,,,,2.0,1.0,3.0,0.33984375,1.0,1.0,2.0,0.390625,0.17578125,"Retention is frequency under declared balanced sensitivity scenarios, not probability/confidence."
ace6603895f83748b464,,,,,,,,,,,,,,,,,0.53125,"Retention is frequency under declared balanced sensitivity scenarios, not probability/confidence."
ace931c4ba4b6ad081ce,2.0,2.0,3.0,0.6328125,1.0,1.0,2.0,0.5,2.0,1.0,3.0,0.50390625,3.0,2.0,3.0,0.53125,0.48046875,"Retention is frequency under declared balanced sensitivity scenarios, not probability/confidence."
acfa7de9d2d6116412a3,1.0,1.0,2.0,0.5,,,,,2.0,1.0,3.0,0.32421875,1.0,1.0,2.0,0.41015625,0.1640625,"Retention is frequency under declared balanced sensitivity scenarios, not probability/confidence."
acfcfc14c6e42ef54cce,2.0,2.0,3.0,0.62109375,,,,,3.0,2.0,3.0,0.23046875,2.0,2.0,3.0,0.51953125,0.0390625,"Retention is frequency under declared balanced sensitivity scenarios, not probability/confidence."
ad03c7fb7ff3eef65c88,1.0,1.0,2.0,0.5,,,,,2.0,1.0,3.0,0.32421875,1.0,1.0,2.0,0.41015625,0.1640625,"Retention is frequency under declared balanced sensitivity scenarios, not probability/confidence."
ad082c164577dd1e1c28,2.0,1.0,2.0,0.5,,,,,3.0,2.0,3.0,0.26171875,2.0,1.0,2.0,0.73046875,0.046875,"Retention is frequency under declared balanced sensitivity scenarios, not probability/confidence."
ad136836bc463ae6ab38,1.0,1.0,2.0,0.5,,,,,2.0,1.0,3.0,0.33984375,1.0,1.0,2.0,0.390625,0.17578125,"Retention is frequency under declared balanced sensitivity scenarios, not probability/confidence."
ad21234d1a2a45e3a0b9,2.0,2.0,3.0,0.6328125,,,,,2.0,1.0,3.0,0.50390625,3.0,2.0,3.0,0.53125,0.01953125,"Retention is frequency under declared balanced sensitivity scenarios, not probability/confidence."
ad78bb2d52d8bf94ca1a,2.0,2.0,3.0,0.62890625,,,,,2.0,1.0,2.0,0.24609375,4.0,4.0,4.0,1.0,0.44921875,"Retention is frequency under declared balanced sensitivity scenarios, not probability/confidence."
ad79f0e147a691562f25,1.0,1.0,2.0,0.5,,,,,2.0,1.0,3.0,0.32421875,1.0,1.0,2.0,0.41015625,0.1640625,"Retention is frequency under declared balanced sensitivity scenarios, not probability/confidence."
ad7f0ae5143c6f6b8f5d,2.0,2.0,3.0,0.6328125,,,,,2.0,1.0,3.0,0.50390625,3.0,2.0,3.0,0.53125,0.01953125,"Retention is frequency under declared balanced sensitivity scenarios, not probability/confidence."
ada4a934b6bb5f07789f,2.0,2.0,3.0,0.62890625,,,,,2.0,1.0,2.0,0.24609375,4.0,4.0,4.0,1.0,0.44921875,"Retention is frequency under declared balanced sensitivity scenarios, not probability/confidence."
ada5b70d3686f31bbedc,,,,,,,,,,,,,,,,,1.0,"Retention is frequency under declared balanced sensitivity scenarios, not probability/confidence."
adf04d2b1344cb8e351a,2.0,2.0,3.0,0.6328125,,,,,2.0,1.0,3.0,0.50390625,3.0,2.0,3.0,0.53125,0.01953125,"Retention is frequency under declared balanced sensitivity scenarios, not probability/confidence."
adf7a6a4393ce511564b,1.0,1.0,2.0,0.5,,,,,2.0,1.0,3.0,0.33984375,1.0,1.0,2.0,0.390625,0.17578125,"Retention is frequency under declared balanced sensitivity scenarios, not probability/confidence."
ae2d933bd300c2d92318,2.0,2.0,3.0,0.62109375,,,,,3.0,2.0,3.0,0.23046875,2.0,2.0,3.0,0.51953125,0.01953125,"Retention is frequency under declared balanced sensitivity scenarios, not probability/confidence."
ae308011ab114f61950d,4.0,3.0,4.0,0.375,4.0,3.0,4.0,0.24609375,4.0,3.0,4.0,0.2421875,3.0,2.0,3.0,0.75390625,0.2421875,"Retention is frequency under declared balanced sensitivity scenarios, not probability/confidence."
ae38fce14cd1c3fc2276,4.0,3.0,4.0,0.30859375,3.0,2.0,3.0,0.5,3.0,2.0,4.0,0.33203125,3.0,2.0,3.0,0.51953125,0.66796875,"Retention is frequency under declared balanced sensitivity scenarios, not probability/confidence."
ae5503f07758e2d1253c,2.0,1.0,2.0,0.5,,,,,3.0,2.0,3.0,0.26171875,2.0,1.0,2.0,0.73046875,0.1640625,"Retention is frequency under declared balanced sensitivity scenarios, not probability/confidence."
ae5bc5c372e2c0ba6092,1.0,1.0,2.0,0.5,,,,,2.0,1.0,3.0,0.32421875,1.0,1.0,2.0,0.41015625,0.1640625,"Retention is frequency under declared balanced sensitivity scenarios, not probability/confidence."
ae6e9375d2ed70fc353a,3.0,2.0,3.0,0.390625,,,,,2.0,1.0,3.0,0.29296875,2.0,2.0,3.0,0.50390625,0.6484375,"Retention is frequency under declared balanced sensitivity scenarios, not probability/confidence."
ae71a4a1351018c6cdbd,1.0,1.0,2.0,0.5,,,,,2.0,1.0,3.0,0.33984375,1.0,1.0,2.0,0.390625,0.17578125,"Retention is frequency under declared balanced sensitivity scenarios, not probability/confidence."
ae842062974215460150,4.0,3.0,4.0,0.375,4.0,3.0,4.0,0.23828125,4.0,3.0,4.0,0.2421875,3.0,2.0,3.0,0.75390625,0.16796875,"Retention is frequency under declared balanced sensitivity scenarios, not probability/confidence."
ae921f23f16a910e4650,4.0,3.0,4.0,0.265625,,,,,4.0,3.0,4.0,0.2421875,4.0,3.0,4.0,0.70703125,0.23828125,"Retention is frequency under declared balanced sensitivity scenarios, not probability/confidence."
aeac2eb6687a9d3f1869,,,,,,,,,,,,,,,,,0.4921875,"Retention is frequency under declared balanced sensitivity scenarios, not probability/confidence."
aeb62b95baa588f1c827,4.0,3.0,4.0,0.35546875,,,,,4.0,3.0,4.0,0.2421875,4.0,3.0,4.0,0.70703125,0.66796875,"Retention is frequency under declared balanced sensitivity scenarios, not probability/confidence."
af0224e0ee59e8c1b020,,,,,,,,,,,,,,,,,1.0,"Retention is frequency under declared balanced sensitivity scenarios, not probability/confidence."
af2fcb8ef61111e08138,4.0,3.0,4.0,0.375,4.0,3.0,4.0,0.23828125,4.0,3.0,4.0,0.2421875,3.0,2.0,3.0,0.75390625,0.2109375,"Retention is frequency under declared balanced sensitivity scenarios, not probability/confidence."
af3f3753241c3d295af0,,,,,,,,,,,,,,,,,1.0,"Retention is frequency under declared balanced sensitivity scenarios, not probability/confidence."
af48cb623491d2d87e49,,,,,,,,,,,,,,,,,0.4921875,"Retention is frequency under declared balanced sensitivity scenarios, not probability/confidence."
af4ba4311eaae8fbc5f4,1.0,1.0,2.0,0.5,,,,,2.0,1.0,3.0,0.33984375,1.0,1.0,2.0,0.390625,0.17578125,"Retention is frequency under declared balanced sensitivity scenarios, not probability/confidence."
af6215b3709ab596a5de,,,,,,,,,2.0,1.0,3.0,0.30859375,4.0,3.0,4.0,0.65234375,0.66796875,"Retention is frequency under declared balanced sensitivity scenarios, not probability/confidence."
af66ce067b4346323c84,4.0,3.0,4.0,0.30859375,1.0,1.0,2.0,0.5,3.0,2.0,4.0,0.33203125,3.0,2.0,3.0,0.51953125,0.75390625,"Retention is frequency under declared balanced sensitivity scenarios, not probability/confidence."
af687f164e70db500f91,4.0,3.0,4.0,0.30859375,3.0,2.0,3.0,0.5,3.0,2.0,4.0,0.33203125,3.0,2.0,3.0,0.51953125,0.66796875,"Retention is frequency under declared balanced sensitivity scenarios, not probability/confidence."
af83b555118b1181d1ca,1.0,1.0,2.0,0.5,,,,,2.0,1.0,3.0,0.33984375,1.0,1.0,2.0,0.390625,0.07421875,"Retention is frequency under declared balanced sensitivity scenarios, not probability/confidence."
af96bacb5f057c74821c,4.0,3.0,4.0,0.375,4.0,3.0,4.0,0.23828125,4.0,3.0,4.0,0.2421875,3.0,2.0,3.0,0.75390625,0.2109375,"Retention is frequency under declared balanced sensitivity scenarios, not probability/confidence."
afb572eb98f7ef5ffd86,2.0,2.0,3.0,0.62890625,,,,,2.0,1.0,2.0,0.24609375,4.0,4.0,4.0,1.0,0.44921875,"Retention is frequency under declared balanced sensitivity scenarios, not probability/confidence."
afb6f4f6ac45929b3244,2.0,2.0,3.0,0.6328125,3.0,2.0,3.0,0.23828125,2.0,1.0,3.0,0.50390625,3.0,2.0,3.0,0.53125,0.234375,"Retention is frequency under declared balanced sensitivity scenarios, not probability/confidence."
afbb41fd19942f2702be,,,,,,,,,2.0,1.0,3.0,0.30859375,4.0,3.0,4.0,0.65234375,0.66796875,"Retention is frequency under declared balanced sensitivity scenarios, not probability/confidence."
afc8219baeededc4a5c6,,,,,,,,,,,,,,,,,0.5,"Retention is frequency under declared balanced sensitivity scenarios, not probability/confidence."
afe1fcde54fdb1ebb23e,2.0,2.0,3.0,0.62109375,,,,,3.0,2.0,3.0,0.23046875,2.0,2.0,3.0,0.51953125,0.0390625,"Retention is frequency under declared balanced sensitivity scenarios, not probability/confidence."
b011f7d36da1c656e839,,,,,,,,,2.0,1.0,3.0,0.30859375,4.0,3.0,4.0,0.65234375,0.66796875,"Retention is frequency under declared balanced sensitivity scenarios, not probability/confidence."
b022e92e9f65274d6fe0,4.0,3.0,4.0,0.30859375,3.0,2.0,3.0,0.5,3.0,2.0,4.0,0.33203125,3.0,2.0,3.0,0.51953125,0.66796875,"Retention is frequency under declared balanced sensitivity scenarios, not probability/confidence."
b03c8c36858c225e2085,2.0,2.0,3.0,0.62109375,,,,,3.0,2.0,3.0,0.23046875,2.0,2.0,3.0,0.51953125,0.0390625,"Retention is frequency under declared balanced sensitivity scenarios, not probability/confidence."
b04e96e024a5ad1f6679,1.0,1.0,2.0,0.5,,,,,2.0,1.0,3.0,0.32421875,1.0,1.0,2.0,0.41015625,0.1640625,"Retention is frequency under declared balanced sensitivity scenarios, not probability/confidence."
b0926d3de49586745a03,3.0,2.0,3.0,0.390625,,,,,2.0,1.0,3.0,0.29296875,2.0,2.0,3.0,0.50390625,0.6484375,"Retention is frequency under declared balanced sensitivity scenarios, not probability/confidence."
b09962f370058f43b53d,3.0,2.0,3.0,0.390625,,,,,2.0,1.0,3.0,0.29296875,2.0,2.0,3.0,0.50390625,0.6484375,"Retention is frequency under declared balanced sensitivity scenarios, not probability/confidence."
b0d337f1c406e60cdde6,,,,,,,,,,,,,,,,,1.0,"Retention is frequency under declared balanced sensitivity scenarios, not probability/confidence."
b0db0e6b05beca05942c,,,,,,,,,2.0,1.0,3.0,0.30859375,4.0,3.0,4.0,0.65234375,0.66796875,"Retention is frequency under declared balanced sensitivity scenarios, not probability/confidence."
b0fd07cf4d7cd47b58f5,2.0,2.0,3.0,0.62890625,,,,,2.0,1.0,2.0,0.24609375,4.0,4.0,4.0,1.0,0.44921875,"Retention is frequency under declared balanced sensitivity scenarios, not probability/confidence."
b1019340c8d4e1e50644,4.0,3.0,4.0,0.375,4.0,3.0,4.0,0.24609375,4.0,3.0,4.0,0.2421875,3.0,2.0,3.0,0.75390625,0.34375,"Retention is frequency under declared balanced sensitivity scenarios, not probability/confidence."
b10e632a9ca9ee1b70ee,2.0,2.0,3.0,0.62890625,,,,,2.0,1.0,2.0,0.24609375,4.0,4.0,4.0,1.0,0.44921875,"Retention is frequency under declared balanced sensitivity scenarios, not probability/confidence."
b1205962919a8ded8100,4.0,3.0,4.0,0.35546875,,,,,4.0,3.0,4.0,0.2421875,4.0,3.0,4.0,0.70703125,0.66796875,"Retention is frequency under declared balanced sensitivity scenarios, not probability/confidence."
b12073bd3471c3b20477,1.0,1.0,2.0,0.5,,,,,2.0,1.0,3.0,0.33984375,1.0,1.0,2.0,0.390625,0.17578125,"Retention is frequency under declared balanced sensitivity scenarios, not probability/confidence."
b12bf5b338ecbd0cc520,3.0,2.0,3.0,0.390625,,,,,2.0,1.0,3.0,0.29296875,2.0,2.0,3.0,0.50390625,0.6484375,"Retention is frequency under declared balanced sensitivity scenarios, not probability/confidence."
b12e5dcd9a28c5ee2616,4.0,3.0,4.0,0.296875,,,,,4.0,3.0,4.0,0.2421875,4.0,3.0,4.0,0.70703125,0.50390625,"Retention is frequency under declared balanced sensitivity scenarios, not probability/confidence."
b1360ccf55799ff7c237,3.0,2.0,3.0,0.390625,,,,,2.0,1.0,3.0,0.29296875,2.0,2.0,3.0,0.50390625,0.6484375,"Retention is frequency under declared balanced sensitivity scenarios, not probability/confidence."
b1556dd028f29c023c7f,,,,,,,,,,,,,,,,,1.0,"Retention is frequency under declared balanced sensitivity scenarios, not probability/confidence."
b168215e6c1cc07b2159,3.0,2.0,3.0,0.390625,,,,,2.0,1.0,3.0,0.29296875,2.0,2.0,3.0,0.50390625,0.6484375,"Retention is frequency under declared balanced sensitivity scenarios, not probability/confidence."
b171cd581f187ddbe77b,4.0,3.0,4.0,0.35546875,,,,,4.0,3.0,4.0,0.2421875,4.0,3.0,4.0,0.70703125,0.66796875,"Retention is frequency under declared balanced sensitivity scenarios, not probability/confidence."
b18236b37596d0bef596,,,,,,,,,,,,,,,,,0.34765625,"Retention is frequency under declared balanced sensitivity scenarios, not probability/confidence."
b186ed8b1bc2e88c3c9f,3.0,3.0,4.0,0.765625,,,,,3.0,2.0,3.0,0.26171875,2.0,2.0,3.0,0.49609375,0.4140625,"Retention is frequency under declared balanced sensitivity scenarios, not probability/confidence."
b199d92cd5d3ded64157,4.0,3.0,4.0,0.35546875,,,,,4.0,3.0,4.0,0.2421875,4.0,3.0,4.0,0.70703125,0.66796875,"Retention is frequency under declared balanced sensitivity scenarios, not probability/confidence."
b1a169a2b76178cc713a,3.0,3.0,4.0,0.7734375,,,,,3.0,2.0,3.0,0.23828125,2.0,2.0,3.0,0.49609375,0.4296875,"Retention is frequency under declared balanced sensitivity scenarios, not probability/confidence."
b1a57083804b0a30e729,2.0,2.0,3.0,0.62890625,,,,,2.0,1.0,2.0,0.24609375,4.0,4.0,4.0,1.0,0.44921875,"Retention is frequency under declared balanced sensitivity scenarios, not probability/confidence."
b1b92ca5cfed869ee389,4.0,3.0,4.0,0.35546875,,,,,4.0,3.0,4.0,0.2421875,4.0,3.0,4.0,0.70703125,0.66796875,"Retention is frequency under declared balanced sensitivity scenarios, not probability/confidence."
b1bbeacf97fe3d7ba2ef,,,,,,,,,,,,,,,,,1.0,"Retention is frequency under declared balanced sensitivity scenarios, not probability/confidence."
b1ce7ab8582fe77785ee,2.0,2.0,3.0,0.62109375,,,,,3.0,2.0,3.0,0.23046875,2.0,2.0,3.0,0.51953125,0.01953125,"Retention is frequency under declared balanced sensitivity scenarios, not probability/confidence."
b1d7e381cecb9323c1b9,4.0,3.0,4.0,0.375,4.0,3.0,4.0,0.24609375,4.0,3.0,4.0,0.2421875,3.0,2.0,3.0,0.75390625,0.2734375,"Retention is frequency under declared balanced sensitivity scenarios, not probability/confidence."
b1e9e7ba4b3ecae052d2,3.0,2.0,3.0,0.390625,,,,,2.0,1.0,3.0,0.29296875,2.0,2.0,3.0,0.50390625,0.6484375,"Retention is frequency under declared balanced sensitivity scenarios, not probability/confidence."
b1f486daf0f6aa06fab4,3.0,2.0,3.0,0.390625,,,,,2.0,1.0,3.0,0.29296875,2.0,2.0,3.0,0.50390625,0.6484375,"Retention is frequency under declared balanced sensitivity scenarios, not probability/confidence."
b1f725a1e29966757ea8,2.0,1.0,2.0,0.5,,,,,3.0,2.0,3.0,0.26171875,2.0,1.0,2.0,0.73046875,0.1640625,"Retention is frequency under declared balanced sensitivity scenarios, not probability/confidence."
b200384f73e72e958df8,1.0,1.0,2.0,0.5,,,,,2.0,1.0,3.0,0.32421875,1.0,1.0,2.0,0.41015625,0.08203125,"Retention is frequency under declared balanced sensitivity scenarios, not probability/confidence."
b22e7d0a639c0355425c,4.0,3.0,4.0,0.30859375,1.0,1.0,2.0,0.5,3.0,2.0,4.0,0.33203125,3.0,2.0,3.0,0.51953125,0.75390625,"Retention is frequency under declared balanced sensitivity scenarios, not probability/confidence."
b2351750847507cd1e92,2.0,2.0,3.0,0.62890625,,,,,2.0,1.0,2.0,0.24609375,4.0,4.0,4.0,1.0,0.44921875,"Retention is frequency under declared balanced sensitivity scenarios, not probability/confidence."
b242b9c18ef3969240e3,3.0,2.0,3.0,0.390625,,,,,2.0,1.0,3.0,0.29296875,2.0,2.0,3.0,0.50390625,0.6484375,"Retention is frequency under declared balanced sensitivity scenarios, not probability/confidence."
b2797e7d10095bf3d394,2.0,2.0,3.0,0.62109375,,,,,3.0,2.0,3.0,0.23046875,2.0,2.0,3.0,0.51953125,0.01953125,"Retention is frequency under declared balanced sensitivity scenarios, not probability/confidence."
b27fff36bdb0208172d8,2.0,1.0,2.0,0.5,,,,,3.0,2.0,3.0,0.26171875,2.0,1.0,2.0,0.73046875,0.046875,"Retention is frequency under declared balanced sensitivity scenarios, not probability/confidence."
b284f6085d7bbdb274e5,4.0,3.0,4.0,0.30859375,3.0,2.0,3.0,0.5,3.0,2.0,4.0,0.33203125,3.0,2.0,3.0,0.51953125,0.66796875,"Retention is frequency under declared balanced sensitivity scenarios, not probability/confidence."
b2b364b2ddd8ee66689b,1.0,1.0,2.0,0.5,,,,,2.0,1.0,3.0,0.32421875,1.0,1.0,2.0,0.41015625,0.1640625,"Retention is frequency under declared balanced sensitivity scenarios, not probability/confidence."
b2b54fdf4fb7a5dcf694,2.0,2.0,3.0,0.62109375,,,,,3.0,2.0,3.0,0.23046875,2.0,2.0,3.0,0.51953125,0.01953125,"Retention is frequency under declared balanced sensitivity scenarios, not probability/confidence."
b2b80114899dc5a4c7b1,,,,,,,,,,,,,,,,,1.0,"Retention is frequency under declared balanced sensitivity scenarios, not probability/confidence."
b2ce30e1ea542ad98515,1.0,1.0,2.0,0.5,,,,,2.0,1.0,3.0,0.32421875,1.0,1.0,2.0,0.41015625,0.08203125,"Retention is frequency under declared balanced sensitivity scenarios, not probability/confidence."
b2dbfcf8bcae1dce57ba,1.0,1.0,2.0,0.5,,,,,2.0,1.0,3.0,0.32421875,1.0,1.0,2.0,0.41015625,0.1640625,"Retention is frequency under declared balanced sensitivity scenarios, not probability/confidence."
b33a686574e19632aebf,,,,,,,,,,,,,,,,,0.4921875,"Retention is frequency under declared balanced sensitivity scenarios, not probability/confidence."
b3458c6ac9b29d9aa537,,,,,,,,,2.0,1.0,3.0,0.30859375,4.0,3.0,4.0,0.65234375,0.66796875,"Retention is frequency under declared balanced sensitivity scenarios, not probability/confidence."
b34b82c46f7cd67667f0,4.0,3.0,4.0,0.30859375,3.0,2.0,3.0,0.5,3.0,2.0,4.0,0.33203125,3.0,2.0,3.0,0.51953125,0.66796875,"Retention is frequency under declared balanced sensitivity scenarios, not probability/confidence."
b35ad5d1b2f3edb9892e,2.0,2.0,3.0,0.6328125,,,,,2.0,1.0,3.0,0.50390625,3.0,2.0,3.0,0.53125,0.01953125,"Retention is frequency under declared balanced sensitivity scenarios, not probability/confidence."
b35bff3cfd6a42633f8c,1.0,1.0,2.0,0.5,,,,,2.0,1.0,3.0,0.33984375,1.0,1.0,2.0,0.390625,0.17578125,"Retention is frequency under declared balanced sensitivity scenarios, not probability/confidence."
b37effe8cea6a48ff2f5,2.0,2.0,3.0,0.6328125,,,,,2.0,1.0,3.0,0.50390625,3.0,2.0,3.0,0.53125,0.46875,"Retention is frequency under declared balanced sensitivity scenarios, not probability/confidence."
b37f603a98dbefeb0792,3.0,2.0,3.0,0.390625,,,,,2.0,1.0,3.0,0.29296875,2.0,2.0,3.0,0.50390625,0.40625,"Retention is frequency under declared balanced sensitivity scenarios, not probability/confidence."
b3856597884dd3b39e57,3.0,2.0,3.0,0.390625,,,,,2.0,1.0,3.0,0.29296875,2.0,2.0,3.0,0.50390625,0.6484375,"Retention is frequency under declared balanced sensitivity scenarios, not probability/confidence."
b3a0424181d5ae28d06f,4.0,3.0,4.0,0.375,4.0,3.0,4.0,0.23828125,4.0,3.0,4.0,0.2421875,3.0,2.0,3.0,0.75390625,0.2109375,"Retention is frequency under declared balanced sensitivity scenarios, not probability/confidence."
b3aaa607f757a46e1bfa,1.0,1.0,2.0,0.5,,,,,2.0,1.0,3.0,0.33984375,1.0,1.0,2.0,0.390625,0.17578125,"Retention is frequency under declared balanced sensitivity scenarios, not probability/confidence."
b3ae89668ec7fac846b0,1.0,1.0,2.0,0.5,,,,,2.0,1.0,3.0,0.32421875,1.0,1.0,2.0,0.41015625,0.1640625,"Retention is frequency under declared balanced sensitivity scenarios, not probability/confidence."
b3b72a0dc50bb3a47b18,,,,,,,,,,,,,,,,,0.4921875,"Retention is frequency under declared balanced sensitivity scenarios, not probability/confidence."
b3bd1d8f99bb43818ae6,,,,,,,,,2.0,1.0,3.0,0.30859375,4.0,3.0,4.0,0.65234375,0.66796875,"Retention is frequency under declared balanced sensitivity scenarios, not probability/confidence."
b3d7715342730c489c02,,,,,,,,,,,,,,,,,0.4921875,"Retention is frequency under declared balanced sensitivity scenarios, not probability/confidence."
b4532854b61a0edf1fb9,4.0,3.0,4.0,0.30859375,3.0,2.0,3.0,0.5,3.0,2.0,4.0,0.33203125,3.0,2.0,3.0,0.51953125,0.43359375,"Retention is frequency under declared balanced sensitivity scenarios, not probability/confidence."
b4576ea64d537732dd9d,2.0,2.0,3.0,0.62109375,,,,,3.0,2.0,3.0,0.23046875,2.0,2.0,3.0,0.51953125,0.0390625,"Retention is frequency under declared balanced sensitivity scenarios, not probability/confidence."
b465d2e4d11b6062867b,2.0,2.0,3.0,0.62109375,,,,,3.0,2.0,3.0,0.23046875,2.0,2.0,3.0,0.51953125,0.01953125,"Retention is frequency under declared balanced sensitivity scenarios, not probability/confidence."
b478ba126f204f68edf5,4.0,3.0,4.0,0.35546875,,,,,4.0,3.0,4.0,0.2421875,4.0,3.0,4.0,0.70703125,0.66796875,"Retention is frequency under declared balanced sensitivity scenarios, not probability/confidence."
b48d0cb3f5e1e445f358,1.0,1.0,2.0,0.5,,,,,2.0,1.0,3.0,0.32421875,1.0,1.0,2.0,0.41015625,0.1640625,"Retention is frequency under declared balanced sensitivity scenarios, not probability/confidence."
b4a03f742d2cf0fc991a,4.0,3.0,4.0,0.375,1.0,1.0,2.0,0.2578125,4.0,3.0,4.0,0.52734375,3.0,2.0,3.0,0.75390625,0.47265625,"Retention is frequency under declared balanced sensitivity scenarios, not probability/confidence."
b4a5a71d8c3cbfc3ea0d,4.0,3.0,4.0,0.265625,,,,,4.0,3.0,4.0,0.2421875,4.0,3.0,4.0,0.70703125,0.23828125,"Retention is frequency under declared balanced sensitivity scenarios, not probability/confidence."
b4beaff46628e5661e14,2.0,2.0,3.0,0.6328125,,,,,2.0,1.0,3.0,0.50390625,3.0,2.0,3.0,0.53125,0.46875,"Retention is frequency under declared balanced sensitivity scenarios, not probability/confidence."
b4f3acc8767f6c312f57,3.0,3.0,4.0,0.765625,,,,,3.0,2.0,3.0,0.26171875,2.0,2.0,3.0,0.49609375,0.65234375,"Retention is frequency under declared balanced sensitivity scenarios, not probability/confidence."
b518c07b23103ca357bd,4.0,3.0,4.0,0.30859375,1.0,1.0,2.0,0.5,3.0,2.0,4.0,0.33203125,3.0,2.0,3.0,0.51953125,0.75390625,"Retention is frequency under declared balanced sensitivity scenarios, not probability/confidence."
b52b6535cb303217ee88,4.0,3.0,4.0,0.30859375,3.0,2.0,3.0,0.5,3.0,2.0,4.0,0.33203125,3.0,2.0,3.0,0.51953125,0.66796875,"Retention is frequency under declared balanced sensitivity scenarios, not probability/confidence."
b54eae1c298bfdc080d6,4.0,3.0,4.0,0.30859375,3.0,2.0,3.0,0.5,3.0,2.0,4.0,0.33203125,3.0,2.0,3.0,0.51953125,0.66796875,"Retention is frequency under declared balanced sensitivity scenarios, not probability/confidence."
b561037de296b0c9c8d3,2.0,2.0,3.0,0.62890625,,,,,2.0,1.0,2.0,0.24609375,4.0,4.0,4.0,1.0,0.44921875,"Retention is frequency under declared balanced sensitivity scenarios, not probability/confidence."
b56188f2f71391e07b6f,4.0,3.0,4.0,0.30859375,1.0,1.0,2.0,0.5,3.0,2.0,4.0,0.33203125,3.0,2.0,3.0,0.51953125,0.75390625,"Retention is frequency under declared balanced sensitivity scenarios, not probability/confidence."
b5d6b069cd78cdc5d071,2.0,1.0,2.0,0.5,,,,,3.0,2.0,3.0,0.22265625,1.0,1.0,2.0,0.35546875,0.35546875,"Retention is frequency under declared balanced sensitivity scenarios, not probability/confidence."
b60441dc4b9e642bf6bc,2.0,2.0,3.0,0.62109375,,,,,3.0,2.0,3.0,0.23046875,2.0,2.0,3.0,0.51953125,0.0390625,"Retention is frequency under declared balanced sensitivity scenarios, not probability/confidence."
b6145f743154421254e5,,,,,,,,,,,,,,,,,1.0,"Retention is frequency under declared balanced sensitivity scenarios, not probability/confidence."
b6190c8a9a49e8f55c01,,,,,,,,,,,,,,,,,1.0,"Retention is frequency under declared balanced sensitivity scenarios, not probability/confidence."
b63d2cc5c2a2be933e21,2.0,2.0,3.0,0.6328125,,,,,2.0,1.0,3.0,0.50390625,3.0,2.0,3.0,0.53125,0.01953125,"Retention is frequency under declared balanced sensitivity scenarios, not probability/confidence."
b64c078db88ad79aa4b5,,,,,,,,,,,,,,,,,0.5,"Retention is frequency under declared balanced sensitivity scenarios, not probability/confidence."
b66348dce76ed47d93a5,3.0,2.0,3.0,0.390625,,,,,2.0,1.0,3.0,0.29296875,2.0,2.0,3.0,0.50390625,0.6484375,"Retention is frequency under declared balanced sensitivity scenarios, not probability/confidence."
b6781e947b2678d39dc8,1.0,1.0,2.0,0.5,,,,,2.0,1.0,3.0,0.32421875,1.0,1.0,2.0,0.41015625,0.1640625,"Retention is frequency under declared balanced sensitivity scenarios, not probability/confidence."
b694182e9dbf88f8ffdf,2.0,2.0,3.0,0.6328125,,,,,2.0,1.0,3.0,0.50390625,3.0,2.0,3.0,0.53125,0.01953125,"Retention is frequency under declared balanced sensitivity scenarios, not probability/confidence."
b6a2233359dd383b0aff,,,,,,,,,,,,,,,,,1.0,"Retention is frequency under declared balanced sensitivity scenarios, not probability/confidence."
b7123d786ee8c44e4c90,1.0,1.0,2.0,0.5,,,,,2.0,1.0,3.0,0.32421875,1.0,1.0,2.0,0.41015625,0.1640625,"Retention is frequency under declared balanced sensitivity scenarios, not probability/confidence."
b72eed1427b6a282a029,3.0,2.0,3.0,0.390625,,,,,2.0,1.0,3.0,0.29296875,2.0,2.0,3.0,0.50390625,0.6484375,"Retention is frequency under declared balanced sensitivity scenarios, not probability/confidence."
b738f3a1cbdc58f70121,1.0,1.0,2.0,0.5,,,,,2.0,1.0,3.0,0.32421875,1.0,1.0,2.0,0.41015625,0.08203125,"Retention is frequency under declared balanced sensitivity scenarios, not probability/confidence."
b7399587b76bc23bbea2,2.0,2.0,3.0,0.62890625,,,,,2.0,1.0,2.0,0.24609375,4.0,4.0,4.0,1.0,0.44921875,"Retention is frequency under declared balanced sensitivity scenarios, not probability/confidence."
b73cfbe225c62576a522,,,,,,,,,2.0,1.0,3.0,0.30859375,4.0,3.0,4.0,0.65234375,0.66796875,"Retention is frequency under declared balanced sensitivity scenarios, not probability/confidence."
b742a21a0d1a7f6c6349,,,,,,,,,,,,,,,,,1.0,"Retention is frequency under declared balanced sensitivity scenarios, not probability/confidence."
b74357f4c011f8148df2,,,,,,,,,,,,,,,,,0.4921875,"Retention is frequency under declared balanced sensitivity scenarios, not probability/confidence."
b74cc1afb1a4924e1e1c,,,,,,,,,,,,,,,,,1.0,"Retention is frequency under declared balanced sensitivity scenarios, not probability/confidence."
b75b5a2de5d0b055ea96,3.0,2.0,3.0,0.390625,,,,,2.0,1.0,3.0,0.29296875,2.0,2.0,3.0,0.50390625,0.6484375,"Retention is frequency under declared balanced sensitivity scenarios, not probability/confidence."
b75eb46b8c13459b9391,2.0,2.0,3.0,0.62109375,,,,,3.0,2.0,3.0,0.23046875,2.0,2.0,3.0,0.51953125,0.01953125,"Retention is frequency under declared balanced sensitivity scenarios, not probability/confidence."
b76036c7ed6a8fe3dc53,1.0,1.0,2.0,0.5,,,,,2.0,1.0,3.0,0.33984375,1.0,1.0,2.0,0.390625,0.07421875,"Retention is frequency under declared balanced sensitivity scenarios, not probability/confidence."
b78f2915db38c767c67c,3.0,3.0,4.0,0.7734375,,,,,3.0,2.0,3.0,0.23828125,2.0,2.0,3.0,0.49609375,0.625,"Retention is frequency under declared balanced sensitivity scenarios, not probability/confidence."
b7997c1a1aeccba77b5b,1.0,1.0,2.0,0.5,,,,,2.0,1.0,3.0,0.33984375,1.0,1.0,2.0,0.390625,0.17578125,"Retention is frequency under declared balanced sensitivity scenarios, not probability/confidence."
b7ab16cdc889ff533084,2.0,2.0,3.0,0.6328125,,,,,2.0,1.0,3.0,0.50390625,3.0,2.0,3.0,0.53125,0.01953125,"Retention is frequency under declared balanced sensitivity scenarios, not probability/confidence."
b7d4df1b8107fe4a20a1,3.0,2.0,3.0,0.390625,,,,,2.0,1.0,3.0,0.29296875,2.0,2.0,3.0,0.50390625,0.6484375,"Retention is frequency under declared balanced sensitivity scenarios, not probability/confidence."
b7f21c2fc5357e6cfef2,2.0,2.0,3.0,0.6328125,,,,,2.0,1.0,3.0,0.50390625,3.0,2.0,3.0,0.53125,0.01953125,"Retention is frequency under declared balanced sensitivity scenarios, not probability/confidence."
b7f2af27aea101910de1,1.0,1.0,2.0,0.5,,,,,2.0,1.0,3.0,0.32421875,1.0,1.0,2.0,0.41015625,0.1640625,"Retention is frequency under declared balanced sensitivity scenarios, not probability/confidence."
b7f57dd97ccb771d83c7,,,,,,,,,,,,,,,,,1.0,"Retention is frequency under declared balanced sensitivity scenarios, not probability/confidence."
b846bd9556d2abf94d94,,,,,,,,,2.0,1.0,3.0,0.30859375,4.0,3.0,4.0,0.65234375,0.66796875,"Retention is frequency under declared balanced sensitivity scenarios, not probability/confidence."
b896de29f787761e7b91,4.0,3.0,4.0,0.375,4.0,3.0,4.0,0.24609375,4.0,3.0,4.0,0.2421875,3.0,2.0,3.0,0.75390625,0.1953125,"Retention is frequency under declared balanced sensitivity scenarios, not probability/confidence."
b8acfefc85a8c182e721,2.0,2.0,3.0,0.62109375,,,,,3.0,2.0,3.0,0.23046875,2.0,2.0,3.0,0.51953125,0.0390625,"Retention is frequency under declared balanced sensitivity scenarios, not probability/confidence."
b8d0076fbe16df6242e8,1.0,1.0,2.0,0.5,,,,,2.0,1.0,3.0,0.32421875,1.0,1.0,2.0,0.41015625,0.08203125,"Retention is frequency under declared balanced sensitivity scenarios, not probability/confidence."
b8d72953eb39b9ea25f0,3.0,2.0,3.0,0.390625,,,,,2.0,1.0,3.0,0.29296875,2.0,2.0,3.0,0.50390625,0.6484375,"Retention is frequency under declared balanced sensitivity scenarios, not probability/confidence."
b8df3d33827d0b050aec,4.0,3.0,4.0,0.30859375,3.0,2.0,3.0,0.5,3.0,2.0,4.0,0.33203125,3.0,2.0,3.0,0.51953125,0.66796875,"Retention is frequency under declared balanced sensitivity scenarios, not probability/confidence."
b8e3afb1ca912e0fc2d7,1.0,1.0,2.0,0.5,,,,,2.0,1.0,3.0,0.33984375,1.0,1.0,2.0,0.390625,0.17578125,"Retention is frequency under declared balanced sensitivity scenarios, not probability/confidence."
b8e6660d87fb87503d28,4.0,3.0,4.0,0.265625,,,,,4.0,3.0,4.0,0.2421875,4.0,3.0,4.0,0.70703125,0.23828125,"Retention is frequency under declared balanced sensitivity scenarios, not probability/confidence."
b8ff78c4703419b7c050,3.0,2.0,3.0,0.390625,,,,,2.0,1.0,3.0,0.29296875,2.0,2.0,3.0,0.50390625,0.6484375,"Retention is frequency under declared balanced sensitivity scenarios, not probability/confidence."
b927083bec2929022319,4.0,3.0,4.0,0.30859375,3.0,2.0,3.0,0.5,3.0,2.0,4.0,0.33203125,3.0,2.0,3.0,0.51953125,0.66796875,"Retention is frequency under declared balanced sensitivity scenarios, not probability/confidence."
b94afcc8033b79a24a25,4.0,3.0,4.0,0.375,4.0,3.0,4.0,0.24609375,4.0,3.0,4.0,0.2421875,3.0,2.0,3.0,0.75390625,0.2421875,"Retention is frequency under declared balanced sensitivity scenarios, not probability/confidence."
b95369edb3294d178e05,4.0,3.0,4.0,0.375,4.0,3.0,4.0,0.23828125,4.0,3.0,4.0,0.2421875,3.0,2.0,3.0,0.75390625,0.2109375,"Retention is frequency under declared balanced sensitivity scenarios, not probability/confidence."
b9549b79f7d205ab999f,3.0,3.0,4.0,0.7734375,,,,,3.0,2.0,3.0,0.23828125,2.0,2.0,3.0,0.49609375,0.625,"Retention is frequency under declared balanced sensitivity scenarios, not probability/confidence."
b964f06e1ab2a3f7bbc8,2.0,1.0,2.0,0.5,,,,,3.0,2.0,3.0,0.26171875,2.0,1.0,2.0,0.73046875,0.046875,"Retention is frequency under declared balanced sensitivity scenarios, not probability/confidence."
b986bba630a88cbf7da1,1.0,1.0,2.0,0.5,,,,,2.0,1.0,3.0,0.33984375,1.0,1.0,2.0,0.390625,0.17578125,"Retention is frequency under declared balanced sensitivity scenarios, not probability/confidence."
b98cf9d18ae0d61429a1,3.0,2.0,3.0,0.390625,,,,,2.0,1.0,3.0,0.29296875,2.0,2.0,3.0,0.50390625,0.6484375,"Retention is frequency under declared balanced sensitivity scenarios, not probability/confidence."
b996a502ecf7e88bab2c,2.0,2.0,3.0,0.62109375,,,,,3.0,2.0,3.0,0.23046875,2.0,2.0,3.0,0.51953125,0.0390625,"Retention is frequency under declared balanced sensitivity scenarios, not probability/confidence."
b9b6845b04be033723b0,2.0,2.0,3.0,0.62109375,,,,,3.0,2.0,3.0,0.23046875,2.0,2.0,3.0,0.51953125,0.01953125,"Retention is frequency under declared balanced sensitivity scenarios, not probability/confidence."
b9c980bac761a47d3487,,,,,,,,,,,,,,,,,1.0,"Retention is frequency under declared balanced sensitivity scenarios, not probability/confidence."
b9caad3904b3169f02cf,2.0,2.0,3.0,0.62109375,,,,,3.0,2.0,3.0,0.23046875,2.0,2.0,3.0,0.51953125,0.0390625,"Retention is frequency under declared balanced sensitivity scenarios, not probability/confidence."
b9edf51e4d8fbacb3bbf,4.0,3.0,4.0,0.30859375,3.0,2.0,3.0,0.5,3.0,2.0,4.0,0.33203125,3.0,2.0,3.0,0.51953125,0.66796875,"Retention is frequency under declared balanced sensitivity scenarios, not probability/confidence."
b9f3a3f19bd210778dad,1.0,1.0,2.0,0.5,,,,,2.0,1.0,3.0,0.32421875,1.0,1.0,2.0,0.41015625,0.1640625,"Retention is frequency under declared balanced sensitivity scenarios, not probability/confidence."
b9f88a0b77589030eea4,1.0,1.0,2.0,0.5,,,,,2.0,1.0,3.0,0.33984375,1.0,1.0,2.0,0.390625,0.17578125,"Retention is frequency under declared balanced sensitivity scenarios, not probability/confidence."
ba06832b81168bb116a4,3.0,2.0,3.0,0.390625,,,,,2.0,1.0,3.0,0.29296875,2.0,2.0,3.0,0.50390625,0.40625,"Retention is frequency under declared balanced sensitivity scenarios, not probability/confidence."
ba134d88fcfd6b64a5ce,3.0,2.0,3.0,0.390625,,,,,2.0,1.0,3.0,0.29296875,2.0,2.0,3.0,0.50390625,0.6484375,"Retention is frequency under declared balanced sensitivity scenarios, not probability/confidence."
ba209579a1308452c21e,,,,,,,,,,,,,,,,,1.0,"Retention is frequency under declared balanced sensitivity scenarios, not probability/confidence."
ba34e214d29d3bde945b,,,,,,,,,,,,,,,,,0.4921875,"Retention is frequency under declared balanced sensitivity scenarios, not probability/confidence."
ba3dde691e2fe729ed6b,2.0,1.0,2.0,0.5,,,,,3.0,2.0,3.0,0.26171875,2.0,1.0,2.0,0.73046875,0.046875,"Retention is frequency under declared balanced sensitivity scenarios, not probability/confidence."
ba573060e195edea74bf,1.0,1.0,2.0,0.5,,,,,2.0,1.0,3.0,0.33984375,1.0,1.0,2.0,0.390625,0.17578125,"Retention is frequency under declared balanced sensitivity scenarios, not probability/confidence."
ba6693bd48bd5814c438,3.0,3.0,4.0,0.7734375,,,,,3.0,2.0,3.0,0.23828125,2.0,2.0,3.0,0.49609375,0.625,"Retention is frequency under declared balanced sensitivity scenarios, not probability/confidence."
ba6f26cbe837044fb11d,,,,,,,,,,,,,,,,,0.4921875,"Retention is frequency under declared balanced sensitivity scenarios, not probability/confidence."
ba7e0c82cca9091c958a,2.0,2.0,3.0,0.62109375,,,,,3.0,2.0,3.0,0.23046875,2.0,2.0,3.0,0.51953125,0.01953125,"Retention is frequency under declared balanced sensitivity scenarios, not probability/confidence."
ba93c24b1735c52088dd,3.0,3.0,4.0,0.765625,,,,,3.0,2.0,3.0,0.26171875,2.0,2.0,3.0,0.49609375,0.65234375,"Retention is frequency under declared balanced sensitivity scenarios, not probability/confidence."
bab35ef9d68d9d4caf82,4.0,3.0,4.0,0.30859375,1.0,1.0,2.0,0.5,3.0,2.0,4.0,0.33203125,3.0,2.0,3.0,0.51953125,0.75390625,"Retention is frequency under declared balanced sensitivity scenarios, not probability/confidence."
bab5a79b87942d4e3bd1,3.0,2.0,3.0,0.390625,,,,,2.0,1.0,3.0,0.29296875,2.0,2.0,3.0,0.50390625,0.6484375,"Retention is frequency under declared balanced sensitivity scenarios, not probability/confidence."
bab8fd70c42b07074b48,3.0,2.0,3.0,0.390625,,,,,2.0,1.0,3.0,0.29296875,2.0,2.0,3.0,0.50390625,0.6484375,"Retention is frequency under declared balanced sensitivity scenarios, not probability/confidence."
bb02590c568bdca11c6b,4.0,3.0,4.0,0.35546875,,,,,4.0,3.0,4.0,0.2421875,4.0,3.0,4.0,0.70703125,0.66796875,"Retention is frequency under declared balanced sensitivity scenarios, not probability/confidence."
bb086d4106d7a632bddb,4.0,3.0,4.0,0.296875,,,,,4.0,3.0,4.0,0.2421875,4.0,3.0,4.0,0.70703125,0.50390625,"Retention is frequency under declared balanced sensitivity scenarios, not probability/confidence."
bb1d3abaa154d55b3445,4.0,3.0,4.0,0.37109375,,,,,4.0,3.0,4.0,0.5,4.0,3.0,4.0,0.70703125,0.50390625,"Retention is frequency under declared balanced sensitivity scenarios, not probability/confidence."
bb1e3ee085159cf7a545,,,,,,,,,,,,,,,,,1.0,"Retention is frequency under declared balanced sensitivity scenarios, not probability/confidence."
bb3edb42fe09ec5c2c8b,4.0,3.0,4.0,0.30859375,3.0,2.0,3.0,0.5,3.0,2.0,4.0,0.33203125,3.0,2.0,3.0,0.51953125,0.66796875,"Retention is frequency under declared balanced sensitivity scenarios, not probability/confidence."
bb532e5c08d2fda3f611,,,,,,,,,,,,,,,,,1.0,"Retention is frequency under declared balanced sensitivity scenarios, not probability/confidence."
bb570eb1091a11353d84,1.0,1.0,2.0,0.5,,,,,2.0,1.0,3.0,0.33984375,1.0,1.0,2.0,0.390625,0.17578125,"Retention is frequency under declared balanced sensitivity scenarios, not probability/confidence."
bb5779671d4d8fde287f,2.0,1.0,2.0,0.5,,,,,3.0,2.0,3.0,0.22265625,1.0,1.0,2.0,0.43359375,0.3828125,"Retention is frequency under declared balanced sensitivity scenarios, not probability/confidence."
bb6583aa9c1a27e09af9,1.0,1.0,2.0,0.5,,,,,2.0,1.0,3.0,0.32421875,1.0,1.0,2.0,0.41015625,0.1640625,"Retention is frequency under declared balanced sensitivity scenarios, not probability/confidence."
bb674250d620cd40b241,2.0,2.0,3.0,0.62109375,,,,,3.0,2.0,3.0,0.23046875,2.0,2.0,3.0,0.51953125,0.0390625,"Retention is frequency under declared balanced sensitivity scenarios, not probability/confidence."
bb7751d77c5545ac268c,2.0,2.0,3.0,0.62890625,,,,,2.0,1.0,2.0,0.24609375,4.0,4.0,4.0,1.0,0.44921875,"Retention is frequency under declared balanced sensitivity scenarios, not probability/confidence."
bba332e88e4b305eb608,,,,,,,,,,,,,,,,,0.5,"Retention is frequency under declared balanced sensitivity scenarios, not probability/confidence."
bba63332a5fa89996409,2.0,1.0,2.0,0.5,,,,,3.0,2.0,3.0,0.22265625,1.0,1.0,2.0,0.43359375,0.25390625,"Retention is frequency under declared balanced sensitivity scenarios, not probability/confidence."
bbbc95a5350cb5c72b1d,,,,,,,,,2.0,1.0,3.0,0.30859375,4.0,3.0,4.0,0.65234375,0.66796875,"Retention is frequency under declared balanced sensitivity scenarios, not probability/confidence."
bbbffc57817da751e5e7,,,,,,,,,2.0,1.0,3.0,0.30859375,4.0,3.0,4.0,0.65234375,0.66796875,"Retention is frequency under declared balanced sensitivity scenarios, not probability/confidence."
bc1d7e633ee64fc4ae8b,4.0,3.0,4.0,0.35546875,,,,,4.0,3.0,4.0,0.2421875,4.0,3.0,4.0,0.70703125,0.66796875,"Retention is frequency under declared balanced sensitivity scenarios, not probability/confidence."
bc1fc7b228b69284c320,,,,,,,,,2.0,1.0,3.0,0.30859375,4.0,3.0,4.0,0.65234375,0.66796875,"Retention is frequency under declared balanced sensitivity scenarios, not probability/confidence."
bc62075e7695b0499de6,,,,,,,,,,,,,,,,,1.0,"Retention is frequency under declared balanced sensitivity scenarios, not probability/confidence."
bc6b12d4da4df1203a46,2.0,2.0,3.0,0.62109375,,,,,3.0,2.0,3.0,0.23046875,2.0,2.0,3.0,0.51953125,0.0390625,"Retention is frequency under declared balanced sensitivity scenarios, not probability/confidence."
bc8e2cbcf53b4a04b3b3,2.0,2.0,3.0,0.62109375,,,,,3.0,2.0,3.0,0.23046875,2.0,2.0,3.0,0.51953125,0.0390625,"Retention is frequency under declared balanced sensitivity scenarios, not probability/confidence."
bcac4138fa95ed02a455,,,,,,,,,,,,,,,,,1.0,"Retention is frequency under declared balanced sensitivity scenarios, not probability/confidence."
bcadd94017189c0c62ab,1.0,1.0,2.0,0.5,,,,,2.0,1.0,3.0,0.33984375,1.0,1.0,2.0,0.390625,0.17578125,"Retention is frequency under declared balanced sensitivity scenarios, not probability/confidence."
bcb56114666bdf36d202,,,,,,,,,,,,,,,,,1.0,"Retention is frequency under declared balanced sensitivity scenarios, not probability/confidence."
bcc399416bf31f9fbf03,4.0,3.0,4.0,0.30859375,3.0,2.0,3.0,0.5,3.0,2.0,4.0,0.33203125,3.0,2.0,3.0,0.51953125,0.66796875,"Retention is frequency under declared balanced sensitivity scenarios, not probability/confidence."
bccc23bb51f2f438b891,3.0,3.0,4.0,0.7734375,,,,,3.0,2.0,3.0,0.23828125,2.0,2.0,3.0,0.49609375,0.625,"Retention is frequency under declared balanced sensitivity scenarios, not probability/confidence."
bcdfb9a6117ae609c6f7,4.0,3.0,4.0,0.30859375,3.0,2.0,3.0,0.5,3.0,2.0,4.0,0.33203125,3.0,2.0,3.0,0.51953125,0.66796875,"Retention is frequency under declared balanced sensitivity scenarios, not probability/confidence."
bce5a4a9f740a4b9bd03,4.0,3.0,4.0,0.30859375,3.0,2.0,3.0,0.5,3.0,2.0,4.0,0.33203125,3.0,2.0,3.0,0.51953125,0.66796875,"Retention is frequency under declared balanced sensitivity scenarios, not probability/confidence."
bcedccf82583944e61c7,3.0,3.0,4.0,0.765625,,,,,3.0,2.0,3.0,0.26171875,2.0,2.0,3.0,0.49609375,0.65234375,"Retention is frequency under declared balanced sensitivity scenarios, not probability/confidence."
bcf35dac232407b877f4,2.0,2.0,3.0,0.6328125,3.0,2.0,3.0,0.23828125,2.0,1.0,3.0,0.50390625,3.0,2.0,3.0,0.53125,0.234375,"Retention is frequency under declared balanced sensitivity scenarios, not probability/confidence."
bcf39cae57bfa2539f63,,,,,,,,,2.0,1.0,3.0,0.30859375,4.0,3.0,4.0,0.65234375,0.66796875,"Retention is frequency under declared balanced sensitivity scenarios, not probability/confidence."
bcf5c9eb73ed26341109,1.0,1.0,2.0,0.5,,,,,2.0,1.0,3.0,0.33984375,1.0,1.0,2.0,0.390625,0.07421875,"Retention is frequency under declared balanced sensitivity scenarios, not probability/confidence."
bd077c8160a1b82ec6b1,4.0,3.0,4.0,0.375,4.0,3.0,4.0,0.24609375,4.0,3.0,4.0,0.2421875,3.0,2.0,3.0,0.75390625,0.2421875,"Retention is frequency under declared balanced sensitivity scenarios, not probability/confidence."
bd07c8cd1c2e0b57624c,4.0,3.0,4.0,0.30859375,3.0,2.0,3.0,0.5,3.0,2.0,4.0,0.33203125,3.0,2.0,3.0,0.51953125,0.66796875,"Retention is frequency under declared balanced sensitivity scenarios, not probability/confidence."
bd0f044c4b867ea127b5,3.0,3.0,4.0,0.765625,,,,,3.0,2.0,3.0,0.26171875,2.0,2.0,3.0,0.49609375,0.65234375,"Retention is frequency under declared balanced sensitivity scenarios, not probability/confidence."
bd228c66911343846fc9,4.0,3.0,4.0,0.35546875,,,,,4.0,3.0,4.0,0.2421875,4.0,3.0,4.0,0.70703125,0.66796875,"Retention is frequency under declared balanced sensitivity scenarios, not probability/confidence."
bd4166755293d5b96a42,1.0,1.0,2.0,0.5,,,,,2.0,1.0,3.0,0.33984375,1.0,1.0,2.0,0.390625,0.07421875,"Retention is frequency under declared balanced sensitivity scenarios, not probability/confidence."
bd44cdead4142b5990a8,1.0,1.0,2.0,0.5,,,,,2.0,1.0,3.0,0.33984375,1.0,1.0,2.0,0.390625,0.17578125,"Retention is frequency under declared balanced sensitivity scenarios, not probability/confidence."
bd461d4d36ff7f358856,4.0,3.0,4.0,0.30859375,1.0,1.0,2.0,0.5,3.0,2.0,4.0,0.33203125,3.0,2.0,3.0,0.51953125,0.75390625,"Retention is frequency under declared balanced sensitivity scenarios, not probability/confidence."
bd4934218fa06e8a8ae8,4.0,3.0,4.0,0.375,4.0,3.0,4.0,0.24609375,4.0,3.0,4.0,0.2421875,3.0,2.0,3.0,0.75390625,0.2734375,"Retention is frequency under declared balanced sensitivity scenarios, not probability/confidence."
bd4ecc9614e803b5f26e,2.0,2.0,3.0,0.6328125,1.0,1.0,2.0,0.5,2.0,1.0,3.0,0.50390625,3.0,2.0,3.0,0.53125,0.4765625,"Retention is frequency under declared balanced sensitivity scenarios, not probability/confidence."
bd4f259b0d53fedafc21,1.0,1.0,2.0,0.5,,,,,2.0,1.0,3.0,0.33984375,1.0,1.0,2.0,0.390625,0.07421875,"Retention is frequency under declared balanced sensitivity scenarios, not probability/confidence."
bd78dd23425dcdd2e085,,,,,,,,,,,,,,,,,1.0,"Retention is frequency under declared balanced sensitivity scenarios, not probability/confidence."
bd8295d9125150b11b06,2.0,2.0,3.0,0.6328125,,,,,2.0,1.0,3.0,0.50390625,3.0,2.0,3.0,0.53125,0.01953125,"Retention is frequency under declared balanced sensitivity scenarios, not probability/confidence."
bd8d6fa134d69e5ab9c0,2.0,2.0,3.0,0.62109375,,,,,3.0,2.0,3.0,0.23046875,2.0,2.0,3.0,0.51953125,0.01953125,"Retention is frequency under declared balanced sensitivity scenarios, not probability/confidence."
bd9132e41c967781b4af,,,,,,,,,,,,,,,,,0.34765625,"Retention is frequency under declared balanced sensitivity scenarios, not probability/confidence."
bd9c98034967da142e41,1.0,1.0,2.0,0.5,,,,,2.0,1.0,3.0,0.33984375,1.0,1.0,2.0,0.390625,0.17578125,"Retention is frequency under declared balanced sensitivity scenarios, not probability/confidence."
bd9e1593fc8a8cb24968,4.0,3.0,4.0,0.265625,,,,,4.0,3.0,4.0,0.2421875,4.0,3.0,4.0,0.70703125,0.23828125,"Retention is frequency under declared balanced sensitivity scenarios, not probability/confidence."
bda852e5fc95e7d9ba02,4.0,3.0,4.0,0.30859375,3.0,2.0,3.0,0.5,3.0,2.0,4.0,0.33203125,3.0,2.0,3.0,0.51953125,0.66796875,"Retention is frequency under declared balanced sensitivity scenarios, not probability/confidence."
bda9387fedde99f35506,,,,,,,,,,,,,,,,,1.0,"Retention is frequency under declared balanced sensitivity scenarios, not probability/confidence."
bdaaa10989ded5c0182e,2.0,2.0,3.0,0.62109375,,,,,3.0,2.0,3.0,0.23046875,2.0,2.0,3.0,0.51953125,0.0390625,"Retention is frequency under declared balanced sensitivity scenarios, not probability/confidence."
bdadba00d906e0ad32c5,4.0,3.0,4.0,0.296875,,,,,4.0,3.0,4.0,0.2421875,4.0,3.0,4.0,0.70703125,0.84765625,"Retention is frequency under declared balanced sensitivity scenarios, not probability/confidence."
bdb2c9ba5a73dc6f904d,2.0,2.0,3.0,0.62109375,,,,,3.0,2.0,3.0,0.23046875,2.0,2.0,3.0,0.51953125,0.01953125,"Retention is frequency under declared balanced sensitivity scenarios, not probability/confidence."
bde5cc93df740bb9a213,4.0,3.0,4.0,0.375,4.0,3.0,4.0,0.24609375,4.0,3.0,4.0,0.2421875,3.0,2.0,3.0,0.75390625,0.2421875,"Retention is frequency under declared balanced sensitivity scenarios, not probability/confidence."
bdf6866a0f4746e12de8,3.0,3.0,4.0,0.765625,,,,,3.0,2.0,3.0,0.26171875,2.0,2.0,3.0,0.49609375,0.65234375,"Retention is frequency under declared balanced sensitivity scenarios, not probability/confidence."
bdf94d27efd91d3e42f2,1.0,1.0,2.0,0.5,,,,,2.0,1.0,3.0,0.32421875,1.0,1.0,2.0,0.41015625,0.1640625,"Retention is frequency under declared balanced sensitivity scenarios, not probability/confidence."
bdf9c8813003de69b72a,,,,,,,,,2.0,1.0,3.0,0.30859375,4.0,3.0,4.0,0.65234375,0.6640625,"Retention is frequency under declared balanced sensitivity scenarios, not probability/confidence."
bdfbf6512297980427d8,3.0,2.0,3.0,0.390625,,,,,2.0,1.0,3.0,0.29296875,2.0,2.0,3.0,0.50390625,0.6484375,"Retention is frequency under declared balanced sensitivity scenarios, not probability/confidence."
be1d82f2f17bfa57e5cb,2.0,2.0,3.0,0.62890625,,,,,2.0,1.0,2.0,0.24609375,4.0,4.0,4.0,1.0,0.44140625,"Retention is frequency under declared balanced sensitivity scenarios, not probability/confidence."
be42e296e3c232b3dc8c,3.0,3.0,4.0,0.7734375,,,,,3.0,2.0,3.0,0.23828125,2.0,2.0,3.0,0.49609375,0.625,"Retention is frequency under declared balanced sensitivity scenarios, not probability/confidence."
be672c9cb73960498e6d,4.0,3.0,4.0,0.35546875,,,,,4.0,3.0,4.0,0.2421875,4.0,3.0,4.0,0.70703125,0.66796875,"Retention is frequency under declared balanced sensitivity scenarios, not probability/confidence."
be69af943040ad21256c,3.0,3.0,4.0,0.7734375,,,,,3.0,2.0,3.0,0.23828125,2.0,2.0,3.0,0.49609375,0.625,"Retention is frequency under declared balanced sensitivity scenarios, not probability/confidence."
be72ca7902e51de2e2e6,4.0,3.0,4.0,0.375,4.0,3.0,4.0,0.24609375,4.0,3.0,4.0,0.2421875,3.0,2.0,3.0,0.75390625,0.2421875,"Retention is frequency under declared balanced sensitivity scenarios, not probability/confidence."
be9397dda908a9d4b842,3.0,3.0,4.0,0.7734375,,,,,3.0,2.0,3.0,0.23828125,2.0,2.0,3.0,0.49609375,0.625,"Retention is frequency under declared balanced sensitivity scenarios, not probability/confidence."
bea9dc4102eb9af59759,3.0,2.0,3.0,0.390625,,,,,2.0,1.0,3.0,0.29296875,2.0,2.0,3.0,0.50390625,0.6484375,"Retention is frequency under declared balanced sensitivity scenarios, not probability/confidence."
beae37a0309cfc83c2d8,4.0,3.0,4.0,0.30859375,3.0,2.0,3.0,0.5,3.0,2.0,4.0,0.33203125,3.0,2.0,3.0,0.51953125,0.66796875,"Retention is frequency under declared balanced sensitivity scenarios, not probability/confidence."
beb06532ef5e1275a97f,2.0,2.0,3.0,0.6328125,,,,,2.0,1.0,3.0,0.50390625,3.0,2.0,3.0,0.53125,0.46875,"Retention is frequency under declared balanced sensitivity scenarios, not probability/confidence."
beb24b86d503c4d523bc,4.0,3.0,4.0,0.30859375,3.0,2.0,3.0,0.5,3.0,2.0,4.0,0.33203125,3.0,2.0,3.0,0.51953125,0.66796875,"Retention is frequency under declared balanced sensitivity scenarios, not probability/confidence."
bece015ae1924d5f9d89,,,,,,,,,,,,,,,,,0.4921875,"Retention is frequency under declared balanced sensitivity scenarios, not probability/confidence."
bee8fab6668a28d6cc69,1.0,1.0,2.0,0.5,,,,,2.0,1.0,3.0,0.33984375,1.0,1.0,2.0,0.390625,0.17578125,"Retention is frequency under declared balanced sensitivity scenarios, not probability/confidence."
bee9445f6e827dd0a259,2.0,2.0,3.0,0.62109375,,,,,3.0,2.0,3.0,0.23046875,2.0,2.0,3.0,0.51953125,0.01953125,"Retention is frequency under declared balanced sensitivity scenarios, not probability/confidence."
befbdf1ff45c56720171,4.0,3.0,4.0,0.30859375,3.0,2.0,3.0,0.5,3.0,2.0,4.0,0.33203125,3.0,2.0,3.0,0.51953125,0.66796875,"Retention is frequency under declared balanced sensitivity scenarios, not probability/confidence."
befd6c3bd2fa543ccf70,3.0,2.0,3.0,0.390625,,,,,2.0,1.0,3.0,0.29296875,2.0,2.0,3.0,0.50390625,0.40625,"Retention is frequency under declared balanced sensitivity scenarios, not probability/confidence."
bf7de3ed02a00c05b8ef,2.0,1.0,2.0,0.5,,,,,3.0,2.0,3.0,0.22265625,1.0,1.0,2.0,0.34375,0.265625,"Retention is frequency under declared balanced sensitivity scenarios, not probability/confidence."
bf87fb9ccf5e63135bec,2.0,2.0,3.0,0.6328125,,,,,2.0,1.0,3.0,0.50390625,3.0,2.0,3.0,0.53125,0.46875,"Retention is frequency under declared balanced sensitivity scenarios, not probability/confidence."
bf8b4db6e93d2ba9d0f2,2.0,2.0,3.0,0.6328125,,,,,2.0,1.0,3.0,0.50390625,3.0,2.0,3.0,0.53125,0.01953125,"Retention is frequency under declared balanced sensitivity scenarios, not probability/confidence."
bf99e63abcd99d3b350b,,,,,,,,,,,,,,,,,1.0,"Retention is frequency under declared balanced sensitivity scenarios, not probability/confidence."
bfa9f048bf47dac2d6b0,,,,,,,,,,,,,,,,,1.0,"Retention is frequency under declared balanced sensitivity scenarios, not probability/confidence."
bfb70a434b63a079ccbe,4.0,3.0,4.0,0.30859375,3.0,2.0,3.0,0.5,3.0,2.0,4.0,0.33203125,3.0,2.0,3.0,0.51953125,0.66796875,"Retention is frequency under declared balanced sensitivity scenarios, not probability/confidence."
bfd29394325d9f3759f2,2.0,2.0,3.0,0.62109375,,,,,3.0,2.0,3.0,0.23046875,2.0,2.0,3.0,0.51953125,0.0390625,"Retention is frequency under declared balanced sensitivity scenarios, not probability/confidence."
bfdea6dd6d5a48acdbf0,1.0,1.0,2.0,0.5,,,,,2.0,1.0,3.0,0.33984375,1.0,1.0,2.0,0.390625,0.17578125,"Retention is frequency under declared balanced sensitivity scenarios, not probability/confidence."
bfe6426301eb8109f186,2.0,2.0,3.0,0.62109375,,,,,3.0,2.0,3.0,0.23046875,2.0,2.0,3.0,0.51953125,0.01953125,"Retention is frequency under declared balanced sensitivity scenarios, not probability/confidence."
c00766cfa316d8704ecc,1.0,1.0,2.0,0.5,,,,,2.0,1.0,3.0,0.33984375,1.0,1.0,2.0,0.390625,0.17578125,"Retention is frequency under declared balanced sensitivity scenarios, not probability/confidence."
c028d1e12bda8e70d05a,2.0,2.0,3.0,0.62109375,,,,,3.0,2.0,3.0,0.23046875,2.0,2.0,3.0,0.51953125,0.0390625,"Retention is frequency under declared balanced sensitivity scenarios, not probability/confidence."
c06964d3f5a3b7477dc4,2.0,2.0,3.0,0.62890625,,,,,2.0,1.0,2.0,0.24609375,4.0,4.0,4.0,1.0,0.44921875,"Retention is frequency under declared balanced sensitivity scenarios, not probability/confidence."
c095440cea2c3774b2ce,4.0,3.0,4.0,0.35546875,,,,,4.0,3.0,4.0,0.2421875,4.0,3.0,4.0,0.70703125,0.66796875,"Retention is frequency under declared balanced sensitivity scenarios, not probability/confidence."
c098209cee03c63cd89b,3.0,3.0,4.0,0.765625,,,,,3.0,2.0,3.0,0.26171875,2.0,2.0,3.0,0.49609375,0.65234375,"Retention is frequency under declared balanced sensitivity scenarios, not probability/confidence."
c0a7c118eabf98173b2d,3.0,2.0,3.0,0.390625,,,,,2.0,1.0,3.0,0.29296875,2.0,2.0,3.0,0.50390625,0.6484375,"Retention is frequency under declared balanced sensitivity scenarios, not probability/confidence."
c0afe34bd9cdba8e5560,,,,,,,,,,,,,,,,,1.0,"Retention is frequency under declared balanced sensitivity scenarios, not probability/confidence."
c0b219e8557083002f3a,2.0,2.0,3.0,0.62109375,,,,,3.0,2.0,3.0,0.23046875,2.0,2.0,3.0,0.51953125,0.0390625,"Retention is frequency under declared balanced sensitivity scenarios, not probability/confidence."
c0b4ed4f03a1d7d9cb95,3.0,3.0,4.0,0.765625,,,,,3.0,2.0,3.0,0.26171875,2.0,2.0,3.0,0.49609375,0.4140625,"Retention is frequency under declared balanced sensitivity scenarios, not probability/confidence."
c0c135882280589053a9,4.0,3.0,4.0,0.30859375,3.0,2.0,3.0,0.5,3.0,2.0,4.0,0.33203125,3.0,2.0,3.0,0.51953125,0.66796875,"Retention is frequency under declared balanced sensitivity scenarios, not probability/confidence."
c0c3031c8c3083b2c4e2,4.0,3.0,4.0,0.375,1.0,1.0,2.0,0.33203125,4.0,3.0,4.0,0.41015625,3.0,2.0,3.0,0.75390625,0.47265625,"Retention is frequency under declared balanced sensitivity scenarios, not probability/confidence."
c0c42e63aa3023f0cc8e,4.0,3.0,4.0,0.375,4.0,3.0,4.0,0.23828125,4.0,3.0,4.0,0.2421875,3.0,2.0,3.0,0.75390625,0.2109375,"Retention is frequency under declared balanced sensitivity scenarios, not probability/confidence."
c0c681e2fcfbcc6e21bf,3.0,3.0,4.0,0.765625,,,,,3.0,2.0,3.0,0.26171875,2.0,2.0,3.0,0.49609375,0.65234375,"Retention is frequency under declared balanced sensitivity scenarios, not probability/confidence."
c0e2a98139c05cdaf941,1.0,1.0,2.0,0.5,,,,,2.0,1.0,3.0,0.32421875,1.0,1.0,2.0,0.41015625,0.1640625,"Retention is frequency under declared balanced sensitivity scenarios, not probability/confidence."
c0e87cbb0526cb8aeedd,1.0,1.0,2.0,0.5,,,,,2.0,1.0,3.0,0.33984375,1.0,1.0,2.0,0.390625,0.17578125,"Retention is frequency under declared balanced sensitivity scenarios, not probability/confidence."
c1060498b6a68eeb554e,2.0,2.0,3.0,0.62890625,,,,,2.0,1.0,2.0,0.24609375,4.0,4.0,4.0,1.0,0.44921875,"Retention is frequency under declared balanced sensitivity scenarios, not probability/confidence."
c10a0694b47670489dd0,1.0,1.0,2.0,0.5,,,,,2.0,1.0,3.0,0.32421875,1.0,1.0,2.0,0.41015625,0.1640625,"Retention is frequency under declared balanced sensitivity scenarios, not probability/confidence."
c10aaf1ce4e8ed325433,4.0,3.0,4.0,0.30859375,1.0,1.0,2.0,0.5,3.0,2.0,4.0,0.33203125,3.0,2.0,3.0,0.51953125,0.75390625,"Retention is frequency under declared balanced sensitivity scenarios, not probability/confidence."
c10d70089e125e465f2f,,,,,,,,,,,,,,,,,1.0,"Retention is frequency under declared balanced sensitivity scenarios, not probability/confidence."
c10f048193090ed93d1a,1.0,1.0,2.0,0.5,,,,,2.0,1.0,3.0,0.33984375,1.0,1.0,2.0,0.390625,0.17578125,"Retention is frequency under declared balanced sensitivity scenarios, not probability/confidence."
c1247e2b068d4289097d,3.0,3.0,4.0,0.765625,,,,,3.0,2.0,3.0,0.26171875,2.0,2.0,3.0,0.49609375,0.65234375,"Retention is frequency under declared balanced sensitivity scenarios, not probability/confidence."
c13b362c10a72e7e1e0b,,,,,,,,,,,,,,,,,0.4921875,"Retention is frequency under declared balanced sensitivity scenarios, not probability/confidence."
c142c12ec8a9114a5df5,4.0,3.0,4.0,0.375,1.0,1.0,2.0,0.2578125,4.0,3.0,4.0,0.52734375,3.0,2.0,3.0,0.75390625,0.44921875,"Retention is frequency under declared balanced sensitivity scenarios, not probability/confidence."
c14b3a2910d1e111cf0b,4.0,3.0,4.0,0.296875,,,,,4.0,3.0,4.0,0.2421875,4.0,3.0,4.0,0.70703125,0.50390625,"Retention is frequency under declared balanced sensitivity scenarios, not probability/confidence."
c15903893431eb3241a8,3.0,2.0,3.0,0.390625,,,,,2.0,1.0,3.0,0.29296875,2.0,2.0,3.0,0.50390625,0.6484375,"Retention is frequency under declared balanced sensitivity scenarios, not probability/confidence."
c181943cdcc98054ebe7,2.0,1.0,2.0,0.5,,,,,3.0,2.0,3.0,0.22265625,1.0,1.0,2.0,0.35546875,0.35546875,"Retention is frequency under declared balanced sensitivity scenarios, not probability/confidence."
c199372c7b47393690e5,2.0,1.0,2.0,0.5,,,,,3.0,2.0,3.0,0.22265625,1.0,1.0,2.0,0.43359375,0.3828125,"Retention is frequency under declared balanced sensitivity scenarios, not probability/confidence."
c19ef16817d850190cfc,,,,,,,,,,,,,,,,,0.4921875,"Retention is frequency under declared balanced sensitivity scenarios, not probability/confidence."
c1a6ad6551a7b8d7c083,3.0,2.0,3.0,0.390625,,,,,2.0,1.0,3.0,0.29296875,2.0,2.0,3.0,0.50390625,0.40625,"Retention is frequency under declared balanced sensitivity scenarios, not probability/confidence."
c1b3a4d0f0ea6fdd7a69,,,,,,,,,,,,,,,,,1.0,"Retention is frequency under declared balanced sensitivity scenarios, not probability/confidence."
c1b7d274f3ff3175ed14,,,,,,,,,,,,,,,,,1.0,"Retention is frequency under declared balanced sensitivity scenarios, not probability/confidence."
c1baf22112fc2d29dd37,2.0,2.0,3.0,0.6328125,,,,,2.0,1.0,3.0,0.50390625,3.0,2.0,3.0,0.53125,0.01953125,"Retention is frequency under declared balanced sensitivity scenarios, not probability/confidence."
c1d5a298eb2b9f318992,3.0,2.0,3.0,0.390625,,,,,2.0,1.0,3.0,0.29296875,2.0,2.0,3.0,0.50390625,0.6484375,"Retention is frequency under declared balanced sensitivity scenarios, not probability/confidence."
c1d919e56c0b503bc16d,,,,,,,,,2.0,1.0,3.0,0.30859375,4.0,3.0,4.0,0.65234375,0.66796875,"Retention is frequency under declared balanced sensitivity scenarios, not probability/confidence."
c1f54fb2c968be1caedf,,,,,,,,,2.0,1.0,3.0,0.30859375,4.0,3.0,4.0,0.65234375,0.66796875,"Retention is frequency under declared balanced sensitivity scenarios, not probability/confidence."
c2068a72c1596592f25a,2.0,1.0,2.0,0.5,,,,,3.0,2.0,3.0,0.22265625,1.0,1.0,2.0,0.43359375,0.3828125,"Retention is frequency under declared balanced sensitivity scenarios, not probability/confidence."
c229cac20f3de33ac75e,4.0,3.0,4.0,0.30859375,3.0,2.0,3.0,0.5,3.0,2.0,4.0,0.33203125,3.0,2.0,3.0,0.51953125,0.66796875,"Retention is frequency under declared balanced sensitivity scenarios, not probability/confidence."
c22dc90970c5889c2b1c,1.0,1.0,2.0,0.5,,,,,2.0,1.0,3.0,0.33984375,1.0,1.0,2.0,0.390625,0.17578125,"Retention is frequency under declared balanced sensitivity scenarios, not probability/confidence."
c2301e9c3de2eb7b50e1,,,,,,,,,,,,,,,,,1.0,"Retention is frequency under declared balanced sensitivity scenarios, not probability/confidence."
c23d4bf78719ccabaef1,2.0,2.0,3.0,0.6328125,,,,,2.0,1.0,3.0,0.50390625,3.0,2.0,3.0,0.53125,0.01953125,"Retention is frequency under declared balanced sensitivity scenarios, not probability/confidence."
c2522ff7c623e1f7311a,3.0,3.0,4.0,0.765625,,,,,3.0,2.0,3.0,0.26171875,2.0,2.0,3.0,0.49609375,0.4140625,"Retention is frequency under declared balanced sensitivity scenarios, not probability/confidence."
c27be82081491f6596ea,2.0,1.0,2.0,0.5,,,,,3.0,2.0,3.0,0.22265625,1.0,1.0,2.0,0.34375,0.265625,"Retention is frequency under declared balanced sensitivity scenarios, not probability/confidence."
c28a9707e5732f95d2f0,,,,,,,,,,,,,,,,,0.4921875,"Retention is frequency under declared balanced sensitivity scenarios, not probability/confidence."
c28ad9f345b46c2db23e,,,,,,,,,,,,,,,,,1.0,"Retention is frequency under declared balanced sensitivity scenarios, not probability/confidence."
c28f256181f1bbd1f9fe,2.0,2.0,3.0,0.62109375,,,,,3.0,2.0,3.0,0.23046875,2.0,2.0,3.0,0.51953125,0.01953125,"Retention is frequency under declared balanced sensitivity scenarios, not probability/confidence."
c29c55e2869e5c9ce02e,4.0,3.0,4.0,0.35546875,,,,,4.0,3.0,4.0,0.2421875,4.0,3.0,4.0,0.70703125,0.66796875,"Retention is frequency under declared balanced sensitivity scenarios, not probability/confidence."
c2ab79781e34e0a4650a,3.0,3.0,4.0,0.7734375,,,,,3.0,2.0,3.0,0.23828125,2.0,2.0,3.0,0.49609375,0.625,"Retention is frequency under declared balanced sensitivity scenarios, not probability/confidence."
c2c9861b24678aaf3176,2.0,1.0,2.0,0.5,,,,,3.0,2.0,3.0,0.26171875,2.0,1.0,2.0,0.73046875,0.1640625,"Retention is frequency under declared balanced sensitivity scenarios, not probability/confidence."
c2dc56890fb9d5b6c427,4.0,3.0,4.0,0.30859375,3.0,2.0,3.0,0.5,3.0,2.0,4.0,0.33203125,3.0,2.0,3.0,0.51953125,0.66796875,"Retention is frequency under declared balanced sensitivity scenarios, not probability/confidence."
c2f735b68de76b434483,4.0,3.0,4.0,0.375,4.0,3.0,4.0,0.24609375,4.0,3.0,4.0,0.2421875,3.0,2.0,3.0,0.75390625,0.2421875,"Retention is frequency under declared balanced sensitivity scenarios, not probability/confidence."
c35270cca2029fab3ce8,2.0,2.0,3.0,0.6328125,,,,,2.0,1.0,3.0,0.50390625,3.0,2.0,3.0,0.53125,0.01953125,"Retention is frequency under declared balanced sensitivity scenarios, not probability/confidence."
c361c51268bbe96f1b7c,4.0,3.0,4.0,0.375,1.0,1.0,2.0,0.33203125,4.0,3.0,4.0,0.41015625,3.0,2.0,3.0,0.75390625,0.47265625,"Retention is frequency under declared balanced sensitivity scenarios, not probability/confidence."
c36d482e87ac9d18201a,4.0,3.0,4.0,0.375,1.0,1.0,2.0,0.33203125,4.0,3.0,4.0,0.41015625,3.0,2.0,3.0,0.75390625,0.47265625,"Retention is frequency under declared balanced sensitivity scenarios, not probability/confidence."
c3759740c31cf391bc27,1.0,1.0,2.0,0.5,,,,,2.0,1.0,3.0,0.33984375,1.0,1.0,2.0,0.390625,0.17578125,"Retention is frequency under declared balanced sensitivity scenarios, not probability/confidence."
c37cf6bf40db39f9ea1f,3.0,3.0,4.0,0.765625,,,,,3.0,2.0,3.0,0.26171875,2.0,2.0,3.0,0.49609375,0.65234375,"Retention is frequency under declared balanced sensitivity scenarios, not probability/confidence."
c3a27f756ac70424f05e,2.0,2.0,3.0,0.6328125,,,,,2.0,1.0,3.0,0.50390625,3.0,2.0,3.0,0.53125,0.46875,"Retention is frequency under declared balanced sensitivity scenarios, not probability/confidence."
c3a2984897a0843e1d50,4.0,3.0,4.0,0.35546875,,,,,4.0,3.0,4.0,0.2421875,4.0,3.0,4.0,0.70703125,0.66796875,"Retention is frequency under declared balanced sensitivity scenarios, not probability/confidence."
c3a71fef79bbb7920eed,,,,,,,,,,,,,,,,,1.0,"Retention is frequency under declared balanced sensitivity scenarios, not probability/confidence."
c3ab3412ab4fb49e78d5,1.0,1.0,2.0,0.5,,,,,2.0,1.0,3.0,0.32421875,1.0,1.0,2.0,0.41015625,0.08203125,"Retention is frequency under declared balanced sensitivity scenarios, not probability/confidence."
c3ac6ad08ef9c913cdca,1.0,1.0,2.0,0.5,,,,,2.0,1.0,3.0,0.32421875,1.0,1.0,2.0,0.41015625,0.08203125,"Retention is frequency under declared balanced sensitivity scenarios, not probability/confidence."
c3c9b628de3262e06d93,2.0,1.0,2.0,0.5,,,,,3.0,2.0,3.0,0.26171875,2.0,1.0,2.0,0.73046875,0.1640625,"Retention is frequency under declared balanced sensitivity scenarios, not probability/confidence."
c3e236c5912acd8a0b9b,4.0,3.0,4.0,0.30859375,3.0,2.0,3.0,0.5,3.0,2.0,4.0,0.33203125,3.0,2.0,3.0,0.51953125,0.66796875,"Retention is frequency under declared balanced sensitivity scenarios, not probability/confidence."
c3ecb47724986fd7e1ef,4.0,3.0,4.0,0.375,4.0,3.0,4.0,0.24609375,4.0,3.0,4.0,0.2421875,3.0,2.0,3.0,0.75390625,0.2421875,"Retention is frequency under declared balanced sensitivity scenarios, not probability/confidence."
c3fa7126c295e217af6c,1.0,1.0,2.0,0.5,,,,,2.0,1.0,3.0,0.33984375,1.0,1.0,2.0,0.390625,0.07421875,"Retention is frequency under declared balanced sensitivity scenarios, not probability/confidence."
c40c0505f8ec432e288a,2.0,1.0,2.0,0.5,,,,,3.0,2.0,3.0,0.22265625,1.0,1.0,2.0,0.35546875,0.35546875,"Retention is frequency under declared balanced sensitivity scenarios, not probability/confidence."
c41bf985293ac0021612,4.0,3.0,4.0,0.30859375,3.0,2.0,3.0,0.5,3.0,2.0,4.0,0.33203125,3.0,2.0,3.0,0.51953125,0.66796875,"Retention is frequency under declared balanced sensitivity scenarios, not probability/confidence."
c41c4ff1c9cd32371239,4.0,3.0,4.0,0.375,4.0,3.0,4.0,0.24609375,4.0,3.0,4.0,0.2421875,3.0,2.0,3.0,0.75390625,0.2421875,"Retention is frequency under declared balanced sensitivity scenarios, not probability/confidence."
c42102854c8cef738659,1.0,1.0,2.0,0.5,,,,,2.0,1.0,3.0,0.33984375,1.0,1.0,2.0,0.390625,0.07421875,"Retention is frequency under declared balanced sensitivity scenarios, not probability/confidence."
c42cd89eefe780d90673,2.0,2.0,3.0,0.62109375,,,,,3.0,2.0,3.0,0.23046875,2.0,2.0,3.0,0.51953125,0.0390625,"Retention is frequency under declared balanced sensitivity scenarios, not probability/confidence."
c45ae4f46967a9ef4c36,1.0,1.0,2.0,0.5,,,,,2.0,1.0,3.0,0.33984375,1.0,1.0,2.0,0.390625,0.17578125,"Retention is frequency under declared balanced sensitivity scenarios, not probability/confidence."
c460ea64b724b6c490f9,,,,,,,,,,,,,,,,,1.0,"Retention is frequency under declared balanced sensitivity scenarios, not probability/confidence."
c461e53f7c1a9cf16088,3.0,2.0,3.0,0.390625,,,,,2.0,1.0,3.0,0.29296875,2.0,2.0,3.0,0.50390625,0.40625,"Retention is frequency under declared balanced sensitivity scenarios, not probability/confidence."
c465522a3092b6cdcc2e,1.0,1.0,2.0,0.5,,,,,2.0,1.0,3.0,0.32421875,1.0,1.0,2.0,0.41015625,0.08203125,"Retention is frequency under declared balanced sensitivity scenarios, not probability/confidence."
c46c5e456a7080c08312,1.0,1.0,2.0,0.5,,,,,2.0,1.0,3.0,0.33984375,1.0,1.0,2.0,0.390625,0.17578125,"Retention is frequency under declared balanced sensitivity scenarios, not probability/confidence."
c4a9e9a597d4655f3e29,4.0,3.0,4.0,0.30859375,3.0,2.0,3.0,0.5,3.0,2.0,4.0,0.33203125,3.0,2.0,3.0,0.51953125,0.66796875,"Retention is frequency under declared balanced sensitivity scenarios, not probability/confidence."
c4b88a47728e7b385d47,,,,,,,,,2.0,1.0,3.0,0.30859375,4.0,3.0,4.0,0.65234375,0.66796875,"Retention is frequency under declared balanced sensitivity scenarios, not probability/confidence."
c4cd88f1a94d555d94e5,4.0,3.0,4.0,0.375,4.0,3.0,4.0,0.24609375,4.0,3.0,4.0,0.2421875,3.0,2.0,3.0,0.75390625,0.34375,"Retention is frequency under declared balanced sensitivity scenarios, not probability/confidence."
c4e0a95019a6ec4dd374,1.0,1.0,2.0,0.5,,,,,2.0,1.0,3.0,0.32421875,1.0,1.0,2.0,0.41015625,0.08203125,"Retention is frequency under declared balanced sensitivity scenarios, not probability/confidence."
c4eb4faa249514904b28,4.0,3.0,4.0,0.265625,,,,,4.0,3.0,4.0,0.2421875,4.0,3.0,4.0,0.70703125,0.23828125,"Retention is frequency under declared balanced sensitivity scenarios, not probability/confidence."
c4f1661d16525c2d624b,3.0,3.0,4.0,0.7734375,,,,,3.0,2.0,3.0,0.23828125,2.0,2.0,3.0,0.49609375,0.625,"Retention is frequency under declared balanced sensitivity scenarios, not probability/confidence."
c4f69329025dcb25a1b2,4.0,3.0,4.0,0.30859375,3.0,2.0,3.0,0.5,3.0,2.0,4.0,0.33203125,3.0,2.0,3.0,0.51953125,0.66796875,"Retention is frequency under declared balanced sensitivity scenarios, not probability/confidence."
c54b8602786e85e55f5b,,,,,,,,,,,,,,,,,0.4921875,"Retention is frequency under declared balanced sensitivity scenarios, not probability/confidence."
c54e6d3aa701d1994c5b,3.0,3.0,4.0,0.765625,,,,,3.0,2.0,3.0,0.26171875,2.0,2.0,3.0,0.49609375,0.65234375,"Retention is frequency under declared balanced sensitivity scenarios, not probability/confidence."
c553583b6ec2c8c76b2b,2.0,1.0,2.0,0.5,,,,,3.0,2.0,3.0,0.26171875,2.0,1.0,2.0,0.73046875,0.1640625,"Retention is frequency under declared balanced sensitivity scenarios, not probability/confidence."
c557c151f625c2048e19,2.0,2.0,3.0,0.62890625,,,,,2.0,1.0,2.0,0.24609375,4.0,4.0,4.0,1.0,0.44921875,"Retention is frequency under declared balanced sensitivity scenarios, not probability/confidence."
c55add1abc2843697d0f,4.0,3.0,4.0,0.35546875,,,,,4.0,3.0,4.0,0.2421875,4.0,3.0,4.0,0.70703125,0.6640625,"Retention is frequency under declared balanced sensitivity scenarios, not probability/confidence."
c55be182fa4f004ad7c2,1.0,1.0,2.0,0.5,,,,,2.0,1.0,3.0,0.32421875,1.0,1.0,2.0,0.41015625,0.1640625,"Retention is frequency under declared balanced sensitivity scenarios, not probability/confidence."
c560e0181c8898b2645a,1.0,1.0,2.0,0.5,,,,,2.0,1.0,3.0,0.32421875,1.0,1.0,2.0,0.41015625,0.1640625,"Retention is frequency under declared balanced sensitivity scenarios, not probability/confidence."
c59098775a727a2588d9,1.0,1.0,2.0,0.5,,,,,2.0,1.0,3.0,0.32421875,1.0,1.0,2.0,0.41015625,0.1640625,"Retention is frequency under declared balanced sensitivity scenarios, not probability/confidence."
c59b97c16a1d1c60dfa1,,,,,,,,,2.0,1.0,3.0,0.30859375,4.0,3.0,4.0,0.65234375,0.66796875,"Retention is frequency under declared balanced sensitivity scenarios, not probability/confidence."
c5a217a4d2ab0c5206d6,,,,,,,,,2.0,1.0,3.0,0.30859375,4.0,3.0,4.0,0.65234375,0.66796875,"Retention is frequency under declared balanced sensitivity scenarios, not probability/confidence."
c5a6f268cac602008546,,,,,,,,,2.0,1.0,3.0,0.30859375,4.0,3.0,4.0,0.65234375,0.66796875,"Retention is frequency under declared balanced sensitivity scenarios, not probability/confidence."
c5b3fda76b0ad8a4d8f2,4.0,3.0,4.0,0.35546875,,,,,4.0,3.0,4.0,0.2421875,4.0,3.0,4.0,0.70703125,0.66796875,"Retention is frequency under declared balanced sensitivity scenarios, not probability/confidence."
c5beccee1f6e7d47bf7f,,,,,,,,,,,,,,,,,0.34765625,"Retention is frequency under declared balanced sensitivity scenarios, not probability/confidence."
c5e4a0ace3728864d59b,3.0,3.0,4.0,0.7734375,,,,,3.0,2.0,3.0,0.23828125,2.0,2.0,3.0,0.49609375,0.4296875,"Retention is frequency under declared balanced sensitivity scenarios, not probability/confidence."
c5e62cf33778bde9a327,1.0,1.0,2.0,0.5,,,,,2.0,1.0,3.0,0.32421875,1.0,1.0,2.0,0.41015625,0.1640625,"Retention is frequency under declared balanced sensitivity scenarios, not probability/confidence."
c5f0d2542aca0877e4f8,1.0,1.0,2.0,0.5,,,,,2.0,1.0,3.0,0.32421875,1.0,1.0,2.0,0.41015625,0.1640625,"Retention is frequency under declared balanced sensitivity scenarios, not probability/confidence."
c5f5724553d2e7fcf7c3,2.0,1.0,2.0,0.5,,,,,3.0,2.0,3.0,0.22265625,1.0,1.0,2.0,0.43359375,0.25390625,"Retention is frequency under declared balanced sensitivity scenarios, not probability/confidence."
c5f6003e08b4a5be8c8d,3.0,2.0,3.0,0.390625,,,,,2.0,1.0,3.0,0.29296875,2.0,2.0,3.0,0.50390625,0.6484375,"Retention is frequency under declared balanced sensitivity scenarios, not probability/confidence."
c6032ebe6959659dcd77,,,,,,,,,2.0,1.0,3.0,0.30859375,4.0,3.0,4.0,0.65234375,0.66796875,"Retention is frequency under declared balanced sensitivity scenarios, not probability/confidence."
c606422bc04c22edc52d,3.0,3.0,4.0,0.765625,,,,,3.0,2.0,3.0,0.26171875,2.0,2.0,3.0,0.49609375,0.65234375,"Retention is frequency under declared balanced sensitivity scenarios, not probability/confidence."
c6078aec301b84901ba3,1.0,1.0,2.0,0.5,,,,,2.0,1.0,3.0,0.33984375,1.0,1.0,2.0,0.390625,0.07421875,"Retention is frequency under declared balanced sensitivity scenarios, not probability/confidence."
c6080373d2f0052842aa,,,,,,,,,2.0,1.0,3.0,0.30859375,4.0,3.0,4.0,0.65234375,0.6640625,"Retention is frequency under declared balanced sensitivity scenarios, not probability/confidence."
c60b633bd36b973a53d4,,,,,,,,,,,,,,,,,0.5,"Retention is frequency under declared balanced sensitivity scenarios, not probability/confidence."
c61e14b0f1130f612060,3.0,3.0,4.0,0.7734375,,,,,3.0,2.0,3.0,0.23828125,2.0,2.0,3.0,0.49609375,0.4296875,"Retention is frequency under declared balanced sensitivity scenarios, not probability/confidence."
c62c4475a8de06111b27,,,,,,,,,,,,,,,,,1.0,"Retention is frequency under declared balanced sensitivity scenarios, not probability/confidence."
c65b739caba7ca94513d,1.0,1.0,2.0,0.5,,,,,2.0,1.0,3.0,0.33984375,1.0,1.0,2.0,0.390625,0.17578125,"Retention is frequency under declared balanced sensitivity scenarios, not probability/confidence."
c66feddf1f32e7f50c6d,1.0,1.0,2.0,0.5,,,,,2.0,1.0,3.0,0.32421875,1.0,1.0,2.0,0.41015625,0.1640625,"Retention is frequency under declared balanced sensitivity scenarios, not probability/confidence."
c67e446acc5b674287db,3.0,2.0,3.0,0.390625,,,,,2.0,1.0,3.0,0.29296875,2.0,2.0,3.0,0.50390625,0.6484375,"Retention is frequency under declared balanced sensitivity scenarios, not probability/confidence."
c69047b4805ed4871333,,,,,,,,,,,,,,,,,0.4921875,"Retention is frequency under declared balanced sensitivity scenarios, not probability/confidence."
c6a38055685814af188e,4.0,3.0,4.0,0.30859375,3.0,2.0,3.0,0.5,3.0,2.0,4.0,0.33203125,3.0,2.0,3.0,0.51953125,0.66796875,"Retention is frequency under declared balanced sensitivity scenarios, not probability/confidence."
c6bc91575bb321067f51,,,,,,,,,,,,,,,,,0.5,"Retention is frequency under declared balanced sensitivity scenarios, not probability/confidence."
c70236899b8065715956,,,,,,,,,,,,,,,,,1.0,"Retention is frequency under declared balanced sensitivity scenarios, not probability/confidence."
c71280ff9e23fcdde468,1.0,1.0,2.0,0.5,,,,,2.0,1.0,3.0,0.33984375,1.0,1.0,2.0,0.390625,0.17578125,"Retention is frequency under declared balanced sensitivity scenarios, not probability/confidence."
c72643f8219712eaeac7,,,,,,,,,,,,,,,,,1.0,"Retention is frequency under declared balanced sensitivity scenarios, not probability/confidence."
c72a9f649cfd4d32f6e8,3.0,2.0,3.0,0.390625,,,,,2.0,1.0,3.0,0.29296875,2.0,2.0,3.0,0.50390625,0.40625,"Retention is frequency under declared balanced sensitivity scenarios, not probability/confidence."
c733752bc671f6444fbb,3.0,2.0,3.0,0.390625,,,,,2.0,1.0,3.0,0.29296875,2.0,2.0,3.0,0.50390625,0.6484375,"Retention is frequency under declared balanced sensitivity scenarios, not probability/confidence."
c73cb78a3b5d7cd6474f,2.0,1.0,2.0,0.5,,,,,3.0,2.0,3.0,0.26171875,2.0,1.0,2.0,0.73046875,0.046875,"Retention is frequency under declared balanced sensitivity scenarios, not probability/confidence."
c776c32de38879f1cad3,4.0,3.0,4.0,0.375,1.0,1.0,2.0,0.2578125,4.0,3.0,4.0,0.52734375,3.0,2.0,3.0,0.75390625,0.47265625,"Retention is frequency under declared balanced sensitivity scenarios, not probability/confidence."
c7bc0757f2c3a08d4c17,2.0,2.0,3.0,0.62890625,,,,,2.0,1.0,2.0,0.24609375,4.0,4.0,4.0,1.0,0.44921875,"Retention is frequency under declared balanced sensitivity scenarios, not probability/confidence."
c7e6e4a6ae2391a0e2ae,4.0,3.0,4.0,0.30859375,3.0,2.0,3.0,0.5,3.0,2.0,4.0,0.33203125,3.0,2.0,3.0,0.51953125,0.66796875,"Retention is frequency under declared balanced sensitivity scenarios, not probability/confidence."
c7ec759b8d6ac2fd5637,,,,,,,,,2.0,1.0,3.0,0.30859375,4.0,3.0,4.0,0.65234375,0.66796875,"Retention is frequency under declared balanced sensitivity scenarios, not probability/confidence."
c7f154c09d1bf4669f91,1.0,1.0,2.0,0.5,,,,,2.0,1.0,3.0,0.32421875,1.0,1.0,2.0,0.41015625,0.1640625,"Retention is frequency under declared balanced sensitivity scenarios, not probability/confidence."
c8332dcc37b4ed853ff2,2.0,2.0,3.0,0.6328125,,,,,2.0,1.0,3.0,0.50390625,3.0,2.0,3.0,0.53125,0.01953125,"Retention is frequency under declared balanced sensitivity scenarios, not probability/confidence."
c84159687926b8234e47,2.0,2.0,3.0,0.62890625,,,,,2.0,1.0,2.0,0.24609375,4.0,4.0,4.0,1.0,0.44921875,"Retention is frequency under declared balanced sensitivity scenarios, not probability/confidence."
c8429f4d53e5d29181eb,3.0,2.0,3.0,0.390625,,,,,2.0,1.0,3.0,0.29296875,2.0,2.0,3.0,0.50390625,0.6484375,"Retention is frequency under declared balanced sensitivity scenarios, not probability/confidence."
c84f35eb0df2839d2677,2.0,2.0,3.0,0.6328125,,,,,2.0,1.0,3.0,0.50390625,3.0,2.0,3.0,0.53125,0.01953125,"Retention is frequency under declared balanced sensitivity scenarios, not probability/confidence."
c854bf0d05c092888b0f,1.0,1.0,2.0,0.5,,,,,2.0,1.0,3.0,0.32421875,1.0,1.0,2.0,0.41015625,0.1640625,"Retention is frequency under declared balanced sensitivity scenarios, not probability/confidence."
c86166d7d14eadd33fe8,4.0,3.0,4.0,0.375,4.0,3.0,4.0,0.24609375,4.0,3.0,4.0,0.2421875,3.0,2.0,3.0,0.75390625,0.2421875,"Retention is frequency under declared balanced sensitivity scenarios, not probability/confidence."
c86cb3317954364e431e,2.0,2.0,3.0,0.62109375,,,,,3.0,2.0,3.0,0.23046875,2.0,2.0,3.0,0.51953125,0.01953125,"Retention is frequency under declared balanced sensitivity scenarios, not probability/confidence."
c8aab486e0d2729aa98b,4.0,3.0,4.0,0.30859375,1.0,1.0,2.0,0.5,3.0,2.0,4.0,0.33203125,3.0,2.0,3.0,0.51953125,0.5078125,"Retention is frequency under declared balanced sensitivity scenarios, not probability/confidence."
c8b460dee4aa619596d7,,,,,,,,,,,,,,,,,1.0,"Retention is frequency under declared balanced sensitivity scenarios, not probability/confidence."
c8bfb31941df4a485ccd,,,,,,,,,,,,,,,,,1.0,"Retention is frequency under declared balanced sensitivity scenarios, not probability/confidence."
c8d02f4adb1639a69980,2.0,2.0,3.0,0.62109375,,,,,3.0,2.0,3.0,0.23046875,2.0,2.0,3.0,0.51953125,0.0390625,"Retention is frequency under declared balanced sensitivity scenarios, not probability/confidence."
c8de80228d6fff38e825,3.0,3.0,4.0,0.765625,,,,,3.0,2.0,3.0,0.26171875,2.0,2.0,3.0,0.49609375,0.4140625,"Retention is frequency under declared balanced sensitivity scenarios, not probability/confidence."
c8e1205e66deac0c522b,3.0,3.0,4.0,0.765625,,,,,3.0,2.0,3.0,0.26171875,2.0,2.0,3.0,0.49609375,0.4140625,"Retention is frequency under declared balanced sensitivity scenarios, not probability/confidence."
c8e4f8e40414c6b6dff8,,,,,,,,,2.0,1.0,3.0,0.30859375,4.0,3.0,4.0,0.65234375,0.66796875,"Retention is frequency under declared balanced sensitivity scenarios, not probability/confidence."
c8e74d6067680f7cfc61,2.0,2.0,3.0,0.62109375,,,,,3.0,2.0,3.0,0.23046875,2.0,2.0,3.0,0.51953125,0.01953125,"Retention is frequency under declared balanced sensitivity scenarios, not probability/confidence."
c8f1daa6dde51289238c,,,,,,,,,,,,,,,,,1.0,"Retention is frequency under declared balanced sensitivity scenarios, not probability/confidence."
c8ff98b328c02600e8b4,2.0,2.0,3.0,0.62109375,,,,,3.0,2.0,3.0,0.23046875,2.0,2.0,3.0,0.51953125,0.01953125,"Retention is frequency under declared balanced sensitivity scenarios, not probability/confidence."
c90f8dcf938fa4305c1e,1.0,1.0,2.0,0.5,,,,,2.0,1.0,3.0,0.32421875,1.0,1.0,2.0,0.41015625,0.1640625,"Retention is frequency under declared balanced sensitivity scenarios, not probability/confidence."
c92f1c705f759e3e3e14,3.0,2.0,3.0,0.390625,,,,,2.0,1.0,3.0,0.29296875,2.0,2.0,3.0,0.50390625,0.6484375,"Retention is frequency under declared balanced sensitivity scenarios, not probability/confidence."
c935a8b6c4eb94f4d191,,,,,,,,,,,,,,,,,0.5,"Retention is frequency under declared balanced sensitivity scenarios, not probability/confidence."
c93ae09f9fea9a6eeaef,2.0,2.0,3.0,0.62109375,,,,,3.0,2.0,3.0,0.23046875,2.0,2.0,3.0,0.51953125,0.0390625,"Retention is frequency under declared balanced sensitivity scenarios, not probability/confidence."
c9753f1f14125041eddb,3.0,2.0,3.0,0.390625,,,,,2.0,1.0,3.0,0.29296875,2.0,2.0,3.0,0.50390625,0.6484375,"Retention is frequency under declared balanced sensitivity scenarios, not probability/confidence."
c98540c252be4b06c252,,,,,,,,,2.0,1.0,3.0,0.30859375,4.0,3.0,4.0,0.65234375,0.66796875,"Retention is frequency under declared balanced sensitivity scenarios, not probability/confidence."
c990389322606434b82f,4.0,3.0,4.0,0.265625,,,,,4.0,3.0,4.0,0.2421875,4.0,3.0,4.0,0.70703125,0.23828125,"Retention is frequency under declared balanced sensitivity scenarios, not probability/confidence."
c9a03e1eeaee96a3d107,4.0,3.0,4.0,0.375,4.0,3.0,4.0,0.24609375,4.0,3.0,4.0,0.2421875,3.0,2.0,3.0,0.75390625,0.2734375,"Retention is frequency under declared balanced sensitivity scenarios, not probability/confidence."
c9c1ba3b2731dabd3354,3.0,3.0,4.0,0.765625,,,,,3.0,2.0,3.0,0.26171875,2.0,2.0,3.0,0.49609375,0.65234375,"Retention is frequency under declared balanced sensitivity scenarios, not probability/confidence."
c9dbaa73a36e32737dd2,3.0,3.0,4.0,0.7734375,,,,,3.0,2.0,3.0,0.23828125,2.0,2.0,3.0,0.49609375,0.625,"Retention is frequency under declared balanced sensitivity scenarios, not probability/confidence."
ca1034cc5124d4fde55f,2.0,1.0,2.0,0.5,,,,,3.0,2.0,3.0,0.22265625,1.0,1.0,2.0,0.35546875,0.25390625,"Retention is frequency under declared balanced sensitivity scenarios, not probability/confidence."
ca16a1e07f8e89edaf77,2.0,2.0,3.0,0.62109375,,,,,3.0,2.0,3.0,0.23046875,2.0,2.0,3.0,0.51953125,0.0390625,"Retention is frequency under declared balanced sensitivity scenarios, not probability/confidence."
ca22c8dfde0316352083,4.0,3.0,4.0,0.30859375,1.0,1.0,2.0,0.5,3.0,2.0,4.0,0.33203125,3.0,2.0,3.0,0.51953125,0.75390625,"Retention is frequency under declared balanced sensitivity scenarios, not probability/confidence."
ca28c3981248574d420e,2.0,2.0,3.0,0.62109375,,,,,3.0,2.0,3.0,0.23046875,2.0,2.0,3.0,0.51953125,0.0390625,"Retention is frequency under declared balanced sensitivity scenarios, not probability/confidence."
ca4af5aa036f982b8312,,,,,,,,,2.0,1.0,3.0,0.30859375,4.0,3.0,4.0,0.65234375,0.66796875,"Retention is frequency under declared balanced sensitivity scenarios, not probability/confidence."
ca5fe82b39fe3cecff45,,,,,,,,,2.0,1.0,3.0,0.30859375,4.0,3.0,4.0,0.65234375,0.66796875,"Retention is frequency under declared balanced sensitivity scenarios, not probability/confidence."
ca7f09025a82c539fdfd,,,,,,,,,,,,,,,,,1.0,"Retention is frequency under declared balanced sensitivity scenarios, not probability/confidence."
ca83b6de80fcb4a5087b,4.0,3.0,4.0,0.375,4.0,3.0,4.0,0.24609375,4.0,3.0,4.0,0.2421875,3.0,2.0,3.0,0.75390625,0.2421875,"Retention is frequency under declared balanced sensitivity scenarios, not probability/confidence."
ca8c95d1664ba097b3e9,3.0,3.0,4.0,0.7734375,,,,,3.0,2.0,3.0,0.23828125,2.0,2.0,3.0,0.49609375,0.4296875,"Retention is frequency under declared balanced sensitivity scenarios, not probability/confidence."
ca90954d5d5bc046222a,2.0,2.0,3.0,0.62109375,,,,,3.0,2.0,3.0,0.23046875,2.0,2.0,3.0,0.51953125,0.0390625,"Retention is frequency under declared balanced sensitivity scenarios, not probability/confidence."
ca9dff3c4526cef96fc6,4.0,3.0,4.0,0.375,1.0,1.0,2.0,0.2578125,4.0,3.0,4.0,0.52734375,3.0,2.0,3.0,0.75390625,0.47265625,"Retention is frequency under declared balanced sensitivity scenarios, not probability/confidence."
caa11923efe90ec2bf45,,,,,,,,,,,,,,,,,1.0,"Retention is frequency under declared balanced sensitivity scenarios, not probability/confidence."
caa33793fcfdc5e53285,1.0,1.0,2.0,0.5,,,,,2.0,1.0,3.0,0.33984375,1.0,1.0,2.0,0.390625,0.17578125,"Retention is frequency under declared balanced sensitivity scenarios, not probability/confidence."
cacc41945a83d3455756,1.0,1.0,2.0,0.5,,,,,2.0,1.0,3.0,0.32421875,1.0,1.0,2.0,0.41015625,0.1640625,"Retention is frequency under declared balanced sensitivity scenarios, not probability/confidence."
cad3aa45f5f7062fa03d,2.0,1.0,2.0,0.5,,,,,3.0,2.0,3.0,0.22265625,1.0,1.0,2.0,0.43359375,0.3828125,"Retention is frequency under declared balanced sensitivity scenarios, not probability/confidence."
cadf77c1eca06b60d1c0,,,,,,,,,,,,,,,,,1.0,"Retention is frequency under declared balanced sensitivity scenarios, not probability/confidence."
cb0342a0f411e82b151e,,,,,,,,,2.0,1.0,3.0,0.30859375,4.0,3.0,4.0,0.65234375,0.66796875,"Retention is frequency under declared balanced sensitivity scenarios, not probability/confidence."
cb2989a4964949c154c7,2.0,2.0,3.0,0.62109375,,,,,3.0,2.0,3.0,0.23046875,2.0,2.0,3.0,0.51953125,0.01953125,"Retention is frequency under declared balanced sensitivity scenarios, not probability/confidence."
cb2a276de4abcf96f380,4.0,3.0,4.0,0.30859375,1.0,1.0,2.0,0.5,3.0,2.0,4.0,0.33203125,3.0,2.0,3.0,0.51953125,0.75390625,"Retention is frequency under declared balanced sensitivity scenarios, not probability/confidence."
cb3ec21465e7d730103c,2.0,2.0,3.0,0.62890625,,,,,2.0,1.0,2.0,0.24609375,4.0,4.0,4.0,1.0,0.44921875,"Retention is frequency under declared balanced sensitivity scenarios, not probability/confidence."
cb6e5b93670452c6821e,3.0,2.0,3.0,0.390625,,,,,2.0,1.0,3.0,0.29296875,2.0,2.0,3.0,0.50390625,0.6484375,"Retention is frequency under declared balanced sensitivity scenarios, not probability/confidence."
cb71d49427df1857310f,4.0,3.0,4.0,0.35546875,,,,,4.0,3.0,4.0,0.2421875,4.0,3.0,4.0,0.70703125,0.6640625,"Retention is frequency under declared balanced sensitivity scenarios, not probability/confidence."
cb882d8543eb9a39efad,1.0,1.0,2.0,0.5,,,,,2.0,1.0,3.0,0.32421875,1.0,1.0,2.0,0.41015625,0.1640625,"Retention is frequency under declared balanced sensitivity scenarios, not probability/confidence."
cbb83de33dab0eb7180a,1.0,1.0,2.0,0.5,,,,,2.0,1.0,3.0,0.32421875,1.0,1.0,2.0,0.41015625,0.08203125,"Retention is frequency under declared balanced sensitivity scenarios, not probability/confidence."
cbe6ad8f3486818696aa,2.0,2.0,3.0,0.62890625,,,,,2.0,1.0,2.0,0.24609375,4.0,4.0,4.0,1.0,0.44140625,"Retention is frequency under declared balanced sensitivity scenarios, not probability/confidence."
cbe881cf5a0f0180d1c3,2.0,2.0,3.0,0.62109375,,,,,3.0,2.0,3.0,0.23046875,2.0,2.0,3.0,0.51953125,0.01953125,"Retention is frequency under declared balanced sensitivity scenarios, not probability/confidence."
cbe8852b0d8b7abe3174,2.0,1.0,2.0,0.5,,,,,3.0,2.0,3.0,0.26171875,2.0,1.0,2.0,0.73046875,0.046875,"Retention is frequency under declared balanced sensitivity scenarios, not probability/confidence."
cc0d4c5fac6614fe742f,2.0,1.0,2.0,0.5,,,,,3.0,2.0,3.0,0.26171875,2.0,1.0,2.0,0.73046875,0.046875,"Retention is frequency under declared balanced sensitivity scenarios, not probability/confidence."
cc25a564ca38f8a774d6,3.0,2.0,3.0,0.390625,,,,,2.0,1.0,3.0,0.29296875,2.0,2.0,3.0,0.50390625,0.6484375,"Retention is frequency under declared balanced sensitivity scenarios, not probability/confidence."
cc426f9977f82679bbd7,4.0,3.0,4.0,0.30859375,3.0,2.0,3.0,0.5,3.0,2.0,4.0,0.33203125,3.0,2.0,3.0,0.51953125,0.66796875,"Retention is frequency under declared balanced sensitivity scenarios, not probability/confidence."
cc510112332eda71a57b,4.0,3.0,4.0,0.30859375,1.0,1.0,2.0,0.5,3.0,2.0,4.0,0.33203125,3.0,2.0,3.0,0.51953125,0.75390625,"Retention is frequency under declared balanced sensitivity scenarios, not probability/confidence."
cc594fc221ce055274e0,1.0,1.0,2.0,0.5,,,,,2.0,1.0,3.0,0.32421875,1.0,1.0,2.0,0.41015625,0.1640625,"Retention is frequency under declared balanced sensitivity scenarios, not probability/confidence."
cc6062082b1cd77f5e2e,3.0,2.0,3.0,0.390625,,,,,2.0,1.0,3.0,0.29296875,2.0,2.0,3.0,0.50390625,0.40625,"Retention is frequency under declared balanced sensitivity scenarios, not probability/confidence."
cc6bb3876266481b1bb6,1.0,1.0,2.0,0.5,,,,,2.0,1.0,3.0,0.33984375,1.0,1.0,2.0,0.390625,0.17578125,"Retention is frequency under declared balanced sensitivity scenarios, not probability/confidence."
cc6c3c6087b5ea555537,,,,,,,,,2.0,1.0,3.0,0.30859375,4.0,3.0,4.0,0.65234375,0.66796875,"Retention is frequency under declared balanced sensitivity scenarios, not probability/confidence."
cc6d3bc377e71c7a135d,2.0,2.0,3.0,0.6328125,,,,,2.0,1.0,3.0,0.50390625,3.0,2.0,3.0,0.53125,0.01953125,"Retention is frequency under declared balanced sensitivity scenarios, not probability/confidence."
cc83d349f439ce7b40bd,,,,,,,,,,,,,,,,,1.0,"Retention is frequency under declared balanced sensitivity scenarios, not probability/confidence."
cc9102d055d72e385e40,4.0,3.0,4.0,0.35546875,,,,,4.0,3.0,4.0,0.2421875,4.0,3.0,4.0,0.70703125,0.66796875,"Retention is frequency under declared balanced sensitivity scenarios, not probability/confidence."
cc94aed9deb36a8275cc,2.0,1.0,2.0,0.5,,,,,3.0,2.0,3.0,0.22265625,1.0,1.0,2.0,0.35546875,0.35546875,"Retention is frequency under declared balanced sensitivity scenarios, not probability/confidence."
ccaa1460ee3b5ba6e240,1.0,1.0,2.0,0.5,,,,,2.0,1.0,3.0,0.32421875,1.0,1.0,2.0,0.41015625,0.1640625,"Retention is frequency under declared balanced sensitivity scenarios, not probability/confidence."
ccbe76991596849f85a4,2.0,2.0,3.0,0.6328125,,,,,2.0,1.0,3.0,0.50390625,3.0,2.0,3.0,0.53125,0.01953125,"Retention is frequency under declared balanced sensitivity scenarios, not probability/confidence."
ccca1ee604d68d6dcec6,3.0,2.0,3.0,0.390625,,,,,2.0,1.0,3.0,0.29296875,2.0,2.0,3.0,0.50390625,0.40625,"Retention is frequency under declared balanced sensitivity scenarios, not probability/confidence."
ccd81c8ead46ac9c15ee,3.0,3.0,4.0,0.765625,,,,,3.0,2.0,3.0,0.26171875,2.0,2.0,3.0,0.49609375,0.65234375,"Retention is frequency under declared balanced sensitivity scenarios, not probability/confidence."
ccee5fe2daa378e12577,4.0,3.0,4.0,0.265625,,,,,4.0,3.0,4.0,0.2421875,4.0,3.0,4.0,0.70703125,0.23828125,"Retention is frequency under declared balanced sensitivity scenarios, not probability/confidence."
cd01b1fffc5bc235cab2,,,,,,,,,,,,,,,,,1.0,"Retention is frequency under declared balanced sensitivity scenarios, not probability/confidence."
cd0a789986f82c511a22,,,,,,,,,,,,,,,,,0.4921875,"Retention is frequency under declared balanced sensitivity scenarios, not probability/confidence."
cd0cbc7757170bb3e573,4.0,3.0,4.0,0.296875,,,,,4.0,3.0,4.0,0.2421875,4.0,3.0,4.0,0.70703125,0.50390625,"Retention is frequency under declared balanced sensitivity scenarios, not probability/confidence."
cd22dc30b654898420c2,4.0,3.0,4.0,0.35546875,,,,,4.0,3.0,4.0,0.2421875,4.0,3.0,4.0,0.70703125,0.66796875,"Retention is frequency under declared balanced sensitivity scenarios, not probability/confidence."
cd4cb3e124263bba2faf,2.0,2.0,3.0,0.62109375,,,,,3.0,2.0,3.0,0.23046875,2.0,2.0,3.0,0.51953125,0.01953125,"Retention is frequency under declared balanced sensitivity scenarios, not probability/confidence."
cd5859d27789803e740e,2.0,1.0,2.0,0.5,,,,,3.0,2.0,3.0,0.26171875,2.0,1.0,2.0,0.73046875,0.1640625,"Retention is frequency under declared balanced sensitivity scenarios, not probability/confidence."
cd644e001286960f91b3,1.0,1.0,2.0,0.5,,,,,2.0,1.0,3.0,0.33984375,1.0,1.0,2.0,0.390625,0.17578125,"Retention is frequency under declared balanced sensitivity scenarios, not probability/confidence."
cd6d63965d4c49ccdfce,,,,,,,,,,,,,,,,,0.4921875,"Retention is frequency under declared balanced sensitivity scenarios, not probability/confidence."
cd80814e3ef0d682d669,2.0,2.0,3.0,0.62890625,,,,,2.0,1.0,2.0,0.24609375,4.0,4.0,4.0,1.0,0.44140625,"Retention is frequency under declared balanced sensitivity scenarios, not probability/confidence."
cd87dd9110aca17bf2af,2.0,1.0,2.0,0.5,,,,,3.0,2.0,3.0,0.22265625,1.0,1.0,2.0,0.43359375,0.3828125,"Retention is frequency under declared balanced sensitivity scenarios, not probability/confidence."
cda5438f8ac03a9d225e,4.0,3.0,4.0,0.375,4.0,3.0,4.0,0.23828125,4.0,3.0,4.0,0.2421875,3.0,2.0,3.0,0.75390625,0.2109375,"Retention is frequency under declared balanced sensitivity scenarios, not probability/confidence."
cdb147ab25edb264e489,2.0,2.0,3.0,0.62109375,,,,,3.0,2.0,3.0,0.23046875,2.0,2.0,3.0,0.51953125,0.01953125,"Retention is frequency under declared balanced sensitivity scenarios, not probability/confidence."
cdb4973f29e91e1049cd,1.0,1.0,2.0,0.5,,,,,2.0,1.0,3.0,0.33984375,1.0,1.0,2.0,0.390625,0.17578125,"Retention is frequency under declared balanced sensitivity scenarios, not probability/confidence."
cddd581455b1951230f7,1.0,1.0,2.0,0.5,,,,,2.0,1.0,3.0,0.33984375,1.0,1.0,2.0,0.390625,0.17578125,"Retention is frequency under declared balanced sensitivity scenarios, not probability/confidence."
cdfc3ffd35fc687fcdf7,2.0,2.0,3.0,0.62890625,,,,,2.0,1.0,2.0,0.24609375,4.0,4.0,4.0,1.0,0.44921875,"Retention is frequency under declared balanced sensitivity scenarios, not probability/confidence."
ce139e210dc8af142b29,2.0,1.0,2.0,0.5,,,,,3.0,2.0,3.0,0.26171875,2.0,1.0,2.0,0.73046875,0.046875,"Retention is frequency under declared balanced sensitivity scenarios, not probability/confidence."
ce290e5451641782d73d,4.0,3.0,4.0,0.375,4.0,3.0,4.0,0.24609375,4.0,3.0,4.0,0.2421875,3.0,2.0,3.0,0.75390625,0.2421875,"Retention is frequency under declared balanced sensitivity scenarios, not probability/confidence."
ce3cdac51d984aaab657,,,,,,,,,,,,,,,,,0.4921875,"Retention is frequency under declared balanced sensitivity scenarios, not probability/confidence."
ce4265890cefbd86e39e,,,,,,,,,,,,,,,,,1.0,"Retention is frequency under declared balanced sensitivity scenarios, not probability/confidence."
ce510cfd0d59ffd8e53b,2.0,2.0,3.0,0.62109375,,,,,3.0,2.0,3.0,0.23046875,2.0,2.0,3.0,0.51953125,0.01953125,"Retention is frequency under declared balanced sensitivity scenarios, not probability/confidence."
ce6c9d8adcfb88fe1c4f,,,,,,,,,,,,,,,,,1.0,"Retention is frequency under declared balanced sensitivity scenarios, not probability/confidence."
ce7b1cffd932dceae30d,2.0,2.0,3.0,0.6328125,,,,,2.0,1.0,3.0,0.50390625,3.0,2.0,3.0,0.53125,0.01953125,"Retention is frequency under declared balanced sensitivity scenarios, not probability/confidence."
ce7b9f6b3776f191546d,4.0,3.0,4.0,0.30859375,3.0,2.0,3.0,0.5,3.0,2.0,4.0,0.33203125,3.0,2.0,3.0,0.51953125,0.66796875,"Retention is frequency under declared balanced sensitivity scenarios, not probability/confidence."
ce87af7b0ab8a244ea29,4.0,3.0,4.0,0.296875,,,,,4.0,3.0,4.0,0.2421875,4.0,3.0,4.0,0.70703125,0.50390625,"Retention is frequency under declared balanced sensitivity scenarios, not probability/confidence."
ce8a0aaccabddf4586d8,2.0,2.0,3.0,0.62890625,,,,,2.0,1.0,2.0,0.24609375,4.0,4.0,4.0,1.0,0.44921875,"Retention is frequency under declared balanced sensitivity scenarios, not probability/confidence."
ce9df6a9a2f023f75002,1.0,1.0,2.0,0.5,,,,,2.0,1.0,3.0,0.33984375,1.0,1.0,2.0,0.390625,0.17578125,"Retention is frequency under declared balanced sensitivity scenarios, not probability/confidence."
cea8e1738dde4d10b478,,,,,,,,,,,,,,,,,0.4921875,"Retention is frequency under declared balanced sensitivity scenarios, not probability/confidence."
cee7f082c6e071c67258,4.0,3.0,4.0,0.35546875,,,,,4.0,3.0,4.0,0.2421875,4.0,3.0,4.0,0.70703125,0.66796875,"Retention is frequency under declared balanced sensitivity scenarios, not probability/confidence."
cefe3c276db06d700c9d,4.0,3.0,4.0,0.375,4.0,3.0,4.0,0.24609375,4.0,3.0,4.0,0.2421875,3.0,2.0,3.0,0.75390625,0.2421875,"Retention is frequency under declared balanced sensitivity scenarios, not probability/confidence."
cf02b5723a0acccbe0ba,4.0,3.0,4.0,0.30859375,3.0,2.0,3.0,0.5,3.0,2.0,4.0,0.33203125,3.0,2.0,3.0,0.51953125,0.43359375,"Retention is frequency under declared balanced sensitivity scenarios, not probability/confidence."
cf1a1af4475b9926c719,4.0,3.0,4.0,0.375,4.0,3.0,4.0,0.24609375,4.0,3.0,4.0,0.2421875,3.0,2.0,3.0,0.75390625,0.2421875,"Retention is frequency under declared balanced sensitivity scenarios, not probability/confidence."
cf1f39383144d46ae6dc,2.0,2.0,3.0,0.62109375,,,,,3.0,2.0,3.0,0.23046875,2.0,2.0,3.0,0.51953125,0.01953125,"Retention is frequency under declared balanced sensitivity scenarios, not probability/confidence."
cf2c8667f7d08278dd29,2.0,1.0,2.0,0.5,,,,,3.0,2.0,3.0,0.26171875,2.0,1.0,2.0,0.73046875,0.046875,"Retention is frequency under declared balanced sensitivity scenarios, not probability/confidence."
cf36478e434a56b54693,,,,,,,,,,,,,,,,,1.0,"Retention is frequency under declared balanced sensitivity scenarios, not probability/confidence."
cf40bb7ab10b03ac721a,2.0,2.0,3.0,0.62109375,,,,,3.0,2.0,3.0,0.23046875,2.0,2.0,3.0,0.51953125,0.0390625,"Retention is frequency under declared balanced sensitivity scenarios, not probability/confidence."
cf42a715c6822fa932b2,4.0,3.0,4.0,0.296875,,,,,4.0,3.0,4.0,0.2421875,4.0,3.0,4.0,0.70703125,0.50390625,"Retention is frequency under declared balanced sensitivity scenarios, not probability/confidence."
cf4a10cc76cd65d5abd4,4.0,3.0,4.0,0.35546875,,,,,4.0,3.0,4.0,0.2421875,4.0,3.0,4.0,0.70703125,0.66796875,"Retention is frequency under declared balanced sensitivity scenarios, not probability/confidence."
cf4f8795b0ff8fe91cfe,,,,,,,,,2.0,1.0,3.0,0.30859375,4.0,3.0,4.0,0.65234375,0.66796875,"Retention is frequency under declared balanced sensitivity scenarios, not probability/confidence."
cf540492033e97568cf7,,,,,,,,,,,,,,,,,0.5,"Retention is frequency under declared balanced sensitivity scenarios, not probability/confidence."
cf7a775055ee3496cb29,1.0,1.0,2.0,0.5,,,,,2.0,1.0,3.0,0.33984375,1.0,1.0,2.0,0.390625,0.17578125,"Retention is frequency under declared balanced sensitivity scenarios, not probability/confidence."
cf8ebaa2913a9add8088,4.0,3.0,4.0,0.30859375,1.0,1.0,2.0,0.5,3.0,2.0,4.0,0.33203125,3.0,2.0,3.0,0.51953125,0.75390625,"Retention is frequency under declared balanced sensitivity scenarios, not probability/confidence."
cfb863888103f88b8462,3.0,2.0,3.0,0.390625,,,,,2.0,1.0,3.0,0.29296875,2.0,2.0,3.0,0.50390625,0.6484375,"Retention is frequency under declared balanced sensitivity scenarios, not probability/confidence."
cfd898db3faa7c2b3b38,,,,,,,,,,,,,,,,,1.0,"Retention is frequency under declared balanced sensitivity scenarios, not probability/confidence."
cfdca0d3a05957699285,2.0,2.0,3.0,0.62109375,,,,,3.0,2.0,3.0,0.23046875,2.0,2.0,3.0,0.51953125,0.0390625,"Retention is frequency under declared balanced sensitivity scenarios, not probability/confidence."
cff2794ff990d96f28b7,2.0,1.0,2.0,0.5,,,,,3.0,2.0,3.0,0.26171875,2.0,1.0,2.0,0.73046875,0.1640625,"Retention is frequency under declared balanced sensitivity scenarios, not probability/confidence."
cffe88935d61fdb806b2,4.0,3.0,4.0,0.35546875,,,,,4.0,3.0,4.0,0.2421875,4.0,3.0,4.0,0.70703125,0.66796875,"Retention is frequency under declared balanced sensitivity scenarios, not probability/confidence."
d00346af7029f9228c41,2.0,2.0,3.0,0.62109375,,,,,3.0,2.0,3.0,0.23046875,2.0,2.0,3.0,0.51953125,0.01953125,"Retention is frequency under declared balanced sensitivity scenarios, not probability/confidence."
d0071b5c4e7b3425c220,4.0,3.0,4.0,0.30859375,3.0,2.0,3.0,0.5,3.0,2.0,4.0,0.33203125,3.0,2.0,3.0,0.51953125,0.66796875,"Retention is frequency under declared balanced sensitivity scenarios, not probability/confidence."
d0085bf43dbbb7ad4957,4.0,3.0,4.0,0.30859375,1.0,1.0,2.0,0.5,3.0,2.0,4.0,0.33203125,3.0,2.0,3.0,0.51953125,0.75390625,"Retention is frequency under declared balanced sensitivity scenarios, not probability/confidence."
d017d5bb34faf06c61c4,4.0,3.0,4.0,0.30859375,3.0,2.0,3.0,0.5,3.0,2.0,4.0,0.33203125,3.0,2.0,3.0,0.51953125,0.66796875,"Retention is frequency under declared balanced sensitivity scenarios, not probability/confidence."
d01ee859d4df378de2b1,2.0,2.0,3.0,0.62109375,,,,,3.0,2.0,3.0,0.23046875,2.0,2.0,3.0,0.51953125,0.01953125,"Retention is frequency under declared balanced sensitivity scenarios, not probability/confidence."
d02465d2df63fdd40df7,3.0,3.0,4.0,0.765625,,,,,3.0,2.0,3.0,0.26171875,2.0,2.0,3.0,0.49609375,0.65234375,"Retention is frequency under declared balanced sensitivity scenarios, not probability/confidence."
d033c92fc4c875e81013,3.0,3.0,4.0,0.765625,,,,,3.0,2.0,3.0,0.26171875,2.0,2.0,3.0,0.49609375,0.65234375,"Retention is frequency under declared balanced sensitivity scenarios, not probability/confidence."
d0389fc67a4fee2f9be9,2.0,2.0,3.0,0.62890625,,,,,2.0,1.0,2.0,0.24609375,4.0,4.0,4.0,1.0,0.44140625,"Retention is frequency under declared balanced sensitivity scenarios, not probability/confidence."
d03f2a6b3be04aa15949,2.0,2.0,3.0,0.62890625,,,,,2.0,1.0,2.0,0.24609375,4.0,4.0,4.0,1.0,0.44140625,"Retention is frequency under declared balanced sensitivity scenarios, not probability/confidence."
d04b83543c558405e772,,,,,,,,,,,,,,,,,0.5,"Retention is frequency under declared balanced sensitivity scenarios, not probability/confidence."
d05909599f547a5ca936,4.0,3.0,4.0,0.35546875,,,,,4.0,3.0,4.0,0.2421875,4.0,3.0,4.0,0.70703125,0.6640625,"Retention is frequency under declared balanced sensitivity scenarios, not probability/confidence."
d0849292e09680e1e8ce,,,,,,,,,,,,,,,,,1.0,"Retention is frequency under declared balanced sensitivity scenarios, not probability/confidence."
d0c19a817eda7babfc50,2.0,2.0,3.0,0.62890625,,,,,2.0,1.0,2.0,0.24609375,4.0,4.0,4.0,1.0,0.44921875,"Retention is frequency under declared balanced sensitivity scenarios, not probability/confidence."
d0c227b15ad8c08c7a5c,1.0,1.0,2.0,0.5,,,,,2.0,1.0,3.0,0.32421875,1.0,1.0,2.0,0.41015625,0.1640625,"Retention is frequency under declared balanced sensitivity scenarios, not probability/confidence."
d0d4e2953728934bee96,2.0,2.0,3.0,0.6328125,,,,,2.0,1.0,3.0,0.50390625,3.0,2.0,3.0,0.53125,0.01953125,"Retention is frequency under declared balanced sensitivity scenarios, not probability/confidence."
d0f0efe5e442293b1f00,1.0,1.0,2.0,0.5,,,,,2.0,1.0,3.0,0.33984375,1.0,1.0,2.0,0.390625,0.17578125,"Retention is frequency under declared balanced sensitivity scenarios, not probability/confidence."
d119da49cba3776fa08a,4.0,3.0,4.0,0.30859375,3.0,2.0,3.0,0.5,3.0,2.0,4.0,0.33203125,3.0,2.0,3.0,0.51953125,0.66796875,"Retention is frequency under declared balanced sensitivity scenarios, not probability/confidence."
d136eacea138aa0295ce,3.0,3.0,4.0,0.765625,,,,,3.0,2.0,3.0,0.26171875,2.0,2.0,3.0,0.49609375,0.65234375,"Retention is frequency under declared balanced sensitivity scenarios, not probability/confidence."
d13b24c47ff0533872ee,4.0,3.0,4.0,0.375,1.0,1.0,2.0,0.33203125,4.0,3.0,4.0,0.33984375,3.0,2.0,3.0,0.75390625,0.47265625,"Retention is frequency under declared balanced sensitivity scenarios, not probability/confidence."
d1494f52adf924814c12,2.0,2.0,3.0,0.6328125,,,,,2.0,1.0,3.0,0.50390625,3.0,2.0,3.0,0.53125,0.01953125,"Retention is frequency under declared balanced sensitivity scenarios, not probability/confidence."
d15490ac41222b08a42b,2.0,2.0,3.0,0.62890625,,,,,2.0,1.0,2.0,0.24609375,4.0,4.0,4.0,1.0,0.44921875,"Retention is frequency under declared balanced sensitivity scenarios, not probability/confidence."
d1c775adf303034ba941,1.0,1.0,2.0,0.5,,,,,2.0,1.0,3.0,0.33984375,1.0,1.0,2.0,0.390625,0.17578125,"Retention is frequency under declared balanced sensitivity scenarios, not probability/confidence."
d1cb23497a305c1d6f4a,,,,,,,,,,,,,,,,,0.5,"Retention is frequency under declared balanced sensitivity scenarios, not probability/confidence."
d1ce22100f7ca6c82cc3,,,,,,,,,,,,,,,,,1.0,"Retention is frequency under declared balanced sensitivity scenarios, not probability/confidence."
d1d3405a2e0d8487c6ce,,,,,,,,,,,,,,,,,1.0,"Retention is frequency under declared balanced sensitivity scenarios, not probability/confidence."
d1f16abea34bdbd5dbfc,,,,,,,,,,,,,,,,,1.0,"Retention is frequency under declared balanced sensitivity scenarios, not probability/confidence."
d1fffd1578bf7b48fe7e,,,,,,,,,2.0,1.0,3.0,0.30859375,4.0,3.0,4.0,0.65234375,0.66796875,"Retention is frequency under declared balanced sensitivity scenarios, not probability/confidence."
d201c68ec1b8e104f012,1.0,1.0,2.0,0.5,,,,,2.0,1.0,3.0,0.32421875,1.0,1.0,2.0,0.41015625,0.1640625,"Retention is frequency under declared balanced sensitivity scenarios, not probability/confidence."
d229e34adf18625fa5dd,2.0,2.0,3.0,0.62890625,,,,,2.0,1.0,2.0,0.24609375,4.0,4.0,4.0,1.0,0.44921875,"Retention is frequency under declared balanced sensitivity scenarios, not probability/confidence."
d23fac38114e281d8238,4.0,3.0,4.0,0.30859375,3.0,2.0,3.0,0.5,3.0,2.0,4.0,0.33203125,3.0,2.0,3.0,0.51953125,0.66796875,"Retention is frequency under declared balanced sensitivity scenarios, not probability/confidence."
d24499046dec9f215402,,,,,,,,,,,,,,,,,1.0,"Retention is frequency under declared balanced sensitivity scenarios, not probability/confidence."
d24a135c0d11ad5ff04e,1.0,1.0,2.0,0.5,,,,,2.0,1.0,3.0,0.33984375,1.0,1.0,2.0,0.390625,0.17578125,"Retention is frequency under declared balanced sensitivity scenarios, not probability/confidence."
d250361e5c1e655b2157,4.0,3.0,4.0,0.265625,,,,,4.0,3.0,4.0,0.2421875,4.0,3.0,4.0,0.70703125,0.23828125,"Retention is frequency under declared balanced sensitivity scenarios, not probability/confidence."
d254ccf253598025a71b,2.0,2.0,3.0,0.62109375,,,,,3.0,2.0,3.0,0.23046875,2.0,2.0,3.0,0.51953125,0.01953125,"Retention is frequency under declared balanced sensitivity scenarios, not probability/confidence."
d256beea4492cd195191,2.0,1.0,2.0,0.5,,,,,3.0,2.0,3.0,0.22265625,1.0,1.0,2.0,0.43359375,0.25390625,"Retention is frequency under declared balanced sensitivity scenarios, not probability/confidence."
d28341bb765f23228a8a,2.0,2.0,3.0,0.62890625,,,,,2.0,1.0,2.0,0.24609375,4.0,4.0,4.0,1.0,0.44921875,"Retention is frequency under declared balanced sensitivity scenarios, not probability/confidence."
d2c5599120fb9134a1df,,,,,,,,,,,,,,,,,1.0,"Retention is frequency under declared balanced sensitivity scenarios, not probability/confidence."
d2fffbeb929f87b99cbd,,,,,,,,,,,,,,,,,1.0,"Retention is frequency under declared balanced sensitivity scenarios, not probability/confidence."
d3037d36f5ff72e848b3,,,,,,,,,,,,,,,,,1.0,"Retention is frequency under declared balanced sensitivity scenarios, not probability/confidence."
d31203fe2bf0292f7984,2.0,2.0,3.0,0.62890625,,,,,2.0,1.0,2.0,0.24609375,4.0,4.0,4.0,1.0,0.44140625,"Retention is frequency under declared balanced sensitivity scenarios, not probability/confidence."
d312c7d7d3eec39107dc,3.0,2.0,3.0,0.390625,,,,,2.0,1.0,3.0,0.29296875,2.0,2.0,3.0,0.50390625,0.6484375,"Retention is frequency under declared balanced sensitivity scenarios, not probability/confidence."
d32373474fc8e71c2d44,2.0,2.0,3.0,0.62109375,,,,,3.0,2.0,3.0,0.23046875,2.0,2.0,3.0,0.51953125,0.0390625,"Retention is frequency under declared balanced sensitivity scenarios, not probability/confidence."
d336f28fc32459092c23,,,,,,,,,,,,,,,,,0.4921875,"Retention is frequency under declared balanced sensitivity scenarios, not probability/confidence."
d35c76e82418853d3554,1.0,1.0,2.0,0.5,,,,,2.0,1.0,3.0,0.32421875,1.0,1.0,2.0,0.41015625,0.1640625,"Retention is frequency under declared balanced sensitivity scenarios, not probability/confidence."
d3aa81050c073e41d3a1,2.0,2.0,3.0,0.6328125,,,,,2.0,1.0,3.0,0.50390625,3.0,2.0,3.0,0.53125,0.01953125,"Retention is frequency under declared balanced sensitivity scenarios, not probability/confidence."
d3c30a45d137da347398,3.0,3.0,4.0,0.7734375,,,,,3.0,2.0,3.0,0.23828125,2.0,2.0,3.0,0.49609375,0.4296875,"Retention is frequency under declared balanced sensitivity scenarios, not probability/confidence."
d3c4be682afb05ff855e,2.0,1.0,2.0,0.5,,,,,3.0,2.0,3.0,0.26171875,2.0,1.0,2.0,0.73046875,0.046875,"Retention is frequency under declared balanced sensitivity scenarios, not probability/confidence."
d3ca1847023f000c12d3,,,,,,,,,,,,,,,,,1.0,"Retention is frequency under declared balanced sensitivity scenarios, not probability/confidence."
d3d843cd852452323412,3.0,3.0,4.0,0.765625,,,,,3.0,2.0,3.0,0.26171875,2.0,2.0,3.0,0.49609375,0.65234375,"Retention is frequency under declared balanced sensitivity scenarios, not probability/confidence."
d3e3b051bf9f4f60fb00,,,,,,,,,2.0,1.0,3.0,0.30859375,4.0,3.0,4.0,0.65234375,0.66796875,"Retention is frequency under declared balanced sensitivity scenarios, not probability/confidence."
d3e68b6300b47aa4ef25,3.0,3.0,4.0,0.765625,,,,,3.0,2.0,3.0,0.26171875,2.0,2.0,3.0,0.49609375,0.65234375,"Retention is frequency under declared balanced sensitivity scenarios, not probability/confidence."
d3e85c55837be9b02980,4.0,3.0,4.0,0.375,4.0,3.0,4.0,0.24609375,4.0,3.0,4.0,0.2421875,3.0,2.0,3.0,0.75390625,0.2421875,"Retention is frequency under declared balanced sensitivity scenarios, not probability/confidence."
d3eb82f51f7ec3b960c6,,,,,,,,,,,,,,,,,0.4921875,"Retention is frequency under declared balanced sensitivity scenarios, not probability/confidence."
d3f035f24c621f17f798,2.0,2.0,3.0,0.62890625,,,,,2.0,1.0,2.0,0.24609375,4.0,4.0,4.0,1.0,0.44140625,"Retention is frequency under declared balanced sensitivity scenarios, not probability/confidence."
d3f4c25176c827df9112,1.0,1.0,2.0,0.5,,,,,2.0,1.0,3.0,0.33984375,1.0,1.0,2.0,0.390625,0.17578125,"Retention is frequency under declared balanced sensitivity scenarios, not probability/confidence."
d3f4c68deb7b9e6ef6b5,,,,,,,,,,,,,,,,,1.0,"Retention is frequency under declared balanced sensitivity scenarios, not probability/confidence."
d41737565385e2b12915,2.0,1.0,2.0,0.5,,,,,3.0,2.0,3.0,0.22265625,1.0,1.0,2.0,0.35546875,0.25390625,"Retention is frequency under declared balanced sensitivity scenarios, not probability/confidence."
d4208bf5edf24fed8e79,4.0,3.0,4.0,0.30859375,3.0,2.0,3.0,0.5,3.0,2.0,4.0,0.33203125,3.0,2.0,3.0,0.51953125,0.66796875,"Retention is frequency under declared balanced sensitivity scenarios, not probability/confidence."
d4231dc4eb27d20d44f5,,,,,,,,,,,,,,,,,0.4921875,"Retention is frequency under declared balanced sensitivity scenarios, not probability/confidence."
d42a399c78ddea7c350c,,,,,,,,,,,,,,,,,1.0,"Retention is frequency under declared balanced sensitivity scenarios, not probability/confidence."
d42d06fa937d2ffbc96b,3.0,3.0,4.0,0.765625,,,,,3.0,2.0,3.0,0.26171875,2.0,2.0,3.0,0.49609375,0.65234375,"Retention is frequency under declared balanced sensitivity scenarios, not probability/confidence."
d42e5489c4d924f5b009,1.0,1.0,2.0,0.5,,,,,2.0,1.0,3.0,0.33984375,1.0,1.0,2.0,0.390625,0.17578125,"Retention is frequency under declared balanced sensitivity scenarios, not probability/confidence."
d43775e7e86ab14e0061,4.0,3.0,4.0,0.35546875,,,,,4.0,3.0,4.0,0.2421875,4.0,3.0,4.0,0.70703125,0.66796875,"Retention is frequency under declared balanced sensitivity scenarios, not probability/confidence."
d438fc723dceaa5420b7,4.0,3.0,4.0,0.296875,,,,,4.0,3.0,4.0,0.2421875,4.0,3.0,4.0,0.70703125,0.84765625,"Retention is frequency under declared balanced sensitivity scenarios, not probability/confidence."
d4511d581415c38ce693,3.0,2.0,3.0,0.390625,,,,,2.0,1.0,3.0,0.29296875,2.0,2.0,3.0,0.50390625,0.6484375,"Retention is frequency under declared balanced sensitivity scenarios, not probability/confidence."
d46515cecaeebb7692ff,4.0,3.0,4.0,0.375,4.0,3.0,4.0,0.24609375,4.0,3.0,4.0,0.2421875,3.0,2.0,3.0,0.75390625,0.34375,"Retention is frequency under declared balanced sensitivity scenarios, not probability/confidence."
d47b5d52fa7d997cd132,3.0,2.0,3.0,0.390625,,,,,2.0,1.0,3.0,0.29296875,2.0,2.0,3.0,0.50390625,0.6484375,"Retention is frequency under declared balanced sensitivity scenarios, not probability/confidence."
d485787c886dad136fde,4.0,3.0,4.0,0.375,4.0,3.0,4.0,0.24609375,4.0,3.0,4.0,0.2421875,3.0,2.0,3.0,0.75390625,0.2421875,"Retention is frequency under declared balanced sensitivity scenarios, not probability/confidence."
d49fe458673aaff60e52,4.0,3.0,4.0,0.35546875,,,,,4.0,3.0,4.0,0.2421875,4.0,3.0,4.0,0.70703125,0.66796875,"Retention is frequency under declared balanced sensitivity scenarios, not probability/confidence."
d4b160b914bbeddc050e,2.0,2.0,3.0,0.62890625,,,,,2.0,1.0,2.0,0.24609375,4.0,4.0,4.0,1.0,0.44140625,"Retention is frequency under declared balanced sensitivity scenarios, not probability/confidence."
d4c1ea76eb7b4f941f46,4.0,3.0,4.0,0.30859375,3.0,2.0,3.0,0.5,3.0,2.0,4.0,0.33203125,3.0,2.0,3.0,0.51953125,0.66796875,"Retention is frequency under declared balanced sensitivity scenarios, not probability/confidence."
d4d2e1e6c3de7f78e2ab,1.0,1.0,2.0,0.5,,,,,2.0,1.0,3.0,0.33984375,1.0,1.0,2.0,0.390625,0.17578125,"Retention is frequency under declared balanced sensitivity scenarios, not probability/confidence."
d4e4b7f4ecef9fbe0dd1,,,,,,,,,2.0,1.0,3.0,0.30859375,4.0,3.0,4.0,0.65234375,0.66796875,"Retention is frequency under declared balanced sensitivity scenarios, not probability/confidence."
d4e7152795e98b062240,2.0,1.0,2.0,0.5,,,,,3.0,2.0,3.0,0.26171875,2.0,1.0,2.0,0.73046875,0.046875,"Retention is frequency under declared balanced sensitivity scenarios, not probability/confidence."
d4ec98a0bde1df8d8bec,,,,,,,,,2.0,1.0,3.0,0.30859375,4.0,3.0,4.0,0.65234375,0.66796875,"Retention is frequency under declared balanced sensitivity scenarios, not probability/confidence."
d4f7c1c3e20eb3584ddb,3.0,3.0,4.0,0.765625,,,,,3.0,2.0,3.0,0.26171875,2.0,2.0,3.0,0.49609375,0.65234375,"Retention is frequency under declared balanced sensitivity scenarios, not probability/confidence."
d4f86112f37d7d3c0ff8,2.0,2.0,3.0,0.62890625,,,,,2.0,1.0,2.0,0.24609375,4.0,4.0,4.0,1.0,0.44921875,"Retention is frequency under declared balanced sensitivity scenarios, not probability/confidence."
d4fa68d04ff6861e15c7,1.0,1.0,2.0,0.5,,,,,2.0,1.0,3.0,0.33984375,1.0,1.0,2.0,0.390625,0.17578125,"Retention is frequency under declared balanced sensitivity scenarios, not probability/confidence."
d4fad01aed86d9cf9a52,1.0,1.0,2.0,0.5,,,,,2.0,1.0,3.0,0.33984375,1.0,1.0,2.0,0.390625,0.17578125,"Retention is frequency under declared balanced sensitivity scenarios, not probability/confidence."
d519e5cd043ddbf850d8,4.0,3.0,4.0,0.375,4.0,3.0,4.0,0.24609375,4.0,3.0,4.0,0.2421875,3.0,2.0,3.0,0.75390625,0.2421875,"Retention is frequency under declared balanced sensitivity scenarios, not probability/confidence."
d52717b0867a4bb1dfff,,,,,,,,,2.0,1.0,3.0,0.30859375,4.0,3.0,4.0,0.65234375,0.66796875,"Retention is frequency under declared balanced sensitivity scenarios, not probability/confidence."
d556d9d39e611b450b12,,,,,,,,,,,,,,,,,1.0,"Retention is frequency under declared balanced sensitivity scenarios, not probability/confidence."
d5650755dc0ce1a1019d,,,,,,,,,,,,,,,,,1.0,"Retention is frequency under declared balanced sensitivity scenarios, not probability/confidence."
d570f543a8cfe4b76063,4.0,3.0,4.0,0.375,4.0,3.0,4.0,0.24609375,4.0,3.0,4.0,0.2421875,3.0,2.0,3.0,0.75390625,0.2421875,"Retention is frequency under declared balanced sensitivity scenarios, not probability/confidence."
d5710948c1eefd44c8a0,2.0,2.0,3.0,0.62890625,,,,,2.0,1.0,2.0,0.24609375,4.0,4.0,4.0,1.0,0.44921875,"Retention is frequency under declared balanced sensitivity scenarios, not probability/confidence."
d5ac1024f29c0ba22619,2.0,2.0,3.0,0.62109375,,,,,3.0,2.0,3.0,0.23046875,2.0,2.0,3.0,0.51953125,0.01953125,"Retention is frequency under declared balanced sensitivity scenarios, not probability/confidence."
d5d328e60aa6bcfe519a,,,,,,,,,2.0,1.0,3.0,0.30859375,4.0,3.0,4.0,0.65234375,0.6640625,"Retention is frequency under declared balanced sensitivity scenarios, not probability/confidence."
d5d770c3342efb032edb,,,,,,,,,2.0,1.0,3.0,0.30859375,4.0,3.0,4.0,0.65234375,0.66796875,"Retention is frequency under declared balanced sensitivity scenarios, not probability/confidence."
d5eac04ab3ff79b2772c,4.0,3.0,4.0,0.30859375,1.0,1.0,2.0,0.5,3.0,2.0,4.0,0.33203125,3.0,2.0,3.0,0.51953125,0.41796875,"Retention is frequency under declared balanced sensitivity scenarios, not probability/confidence."
d60ee06e43451f9d6a7e,,,,,,,,,,,,,,,,,1.0,"Retention is frequency under declared balanced sensitivity scenarios, not probability/confidence."
d620413a357def388571,3.0,3.0,4.0,0.765625,,,,,3.0,2.0,3.0,0.26171875,2.0,2.0,3.0,0.49609375,0.4140625,"Retention is frequency under declared balanced sensitivity scenarios, not probability/confidence."
d62318e8126a468d0774,4.0,3.0,4.0,0.30859375,1.0,1.0,2.0,0.5,3.0,2.0,4.0,0.33203125,3.0,2.0,3.0,0.51953125,0.5078125,"Retention is frequency under declared balanced sensitivity scenarios, not probability/confidence."
d627a6ec4ea9f87ef684,,,,,,,,,2.0,1.0,3.0,0.30859375,4.0,3.0,4.0,0.65234375,0.66796875,"Retention is frequency under declared balanced sensitivity scenarios, not probability/confidence."
d6530ac93578e72d26f9,3.0,3.0,4.0,0.7734375,,,,,3.0,2.0,3.0,0.23828125,2.0,2.0,3.0,0.49609375,0.4296875,"Retention is frequency under declared balanced sensitivity scenarios, not probability/confidence."
d65ced35625b209af131,4.0,3.0,4.0,0.30859375,3.0,2.0,3.0,0.5,3.0,2.0,4.0,0.33203125,3.0,2.0,3.0,0.51953125,0.66796875,"Retention is frequency under declared balanced sensitivity scenarios, not probability/confidence."
d6716cceeebd1b9d146e,1.0,1.0,2.0,0.5,,,,,2.0,1.0,3.0,0.32421875,1.0,1.0,2.0,0.41015625,0.1640625,"Retention is frequency under declared balanced sensitivity scenarios, not probability/confidence."
d6758fd9e8538971cb63,4.0,3.0,4.0,0.30859375,3.0,2.0,3.0,0.5,3.0,2.0,4.0,0.33203125,3.0,2.0,3.0,0.51953125,0.66796875,"Retention is frequency under declared balanced sensitivity scenarios, not probability/confidence."
d688cc096c19858c011e,,,,,,,,,,,,,,,,,1.0,"Retention is frequency under declared balanced sensitivity scenarios, not probability/confidence."
d693a73290f34227b846,,,,,,,,,,,,,,,,,0.4921875,"Retention is frequency under declared balanced sensitivity scenarios, not probability/confidence."
d6b88fdaba6470afd340,,,,,,,,,,,,,,,,,1.0,"Retention is frequency under declared balanced sensitivity scenarios, not probability/confidence."
d6bd4a4d7e316b75e128,3.0,3.0,4.0,0.765625,,,,,3.0,2.0,3.0,0.26171875,2.0,2.0,3.0,0.49609375,0.65234375,"Retention is frequency under declared balanced sensitivity scenarios, not probability/confidence."
d6ca95c83c6a670c9109,2.0,2.0,3.0,0.62109375,,,,,3.0,2.0,3.0,0.23046875,2.0,2.0,3.0,0.51953125,0.01953125,"Retention is frequency under declared balanced sensitivity scenarios, not probability/confidence."
d6dff97b10b7f260cf97,2.0,2.0,3.0,0.62890625,,,,,2.0,1.0,2.0,0.24609375,4.0,4.0,4.0,1.0,0.44140625,"Retention is frequency under declared balanced sensitivity scenarios, not probability/confidence."
d6e78842b6b836e18b54,1.0,1.0,2.0,0.5,,,,,2.0,1.0,3.0,0.33984375,1.0,1.0,2.0,0.390625,0.17578125,"Retention is frequency under declared balanced sensitivity scenarios, not probability/confidence."
d704046aa1c43d0c657d,4.0,3.0,4.0,0.375,4.0,3.0,4.0,0.24609375,4.0,3.0,4.0,0.2421875,3.0,2.0,3.0,0.75390625,0.2421875,"Retention is frequency under declared balanced sensitivity scenarios, not probability/confidence."
d721c807ec74fde13fe6,1.0,1.0,2.0,0.5,,,,,2.0,1.0,3.0,0.32421875,1.0,1.0,2.0,0.41015625,0.1640625,"Retention is frequency under declared balanced sensitivity scenarios, not probability/confidence."
d732612e240b7a36305c,2.0,2.0,3.0,0.62109375,,,,,3.0,2.0,3.0,0.23046875,2.0,2.0,3.0,0.51953125,0.01953125,"Retention is frequency under declared balanced sensitivity scenarios, not probability/confidence."
d73db605bc271933040a,2.0,2.0,3.0,0.6328125,,,,,2.0,1.0,3.0,0.50390625,3.0,2.0,3.0,0.53125,0.01953125,"Retention is frequency under declared balanced sensitivity scenarios, not probability/confidence."
d74208a236b7dd99d8c9,,,,,,,,,,,,,,,,,1.0,"Retention is frequency under declared balanced sensitivity scenarios, not probability/confidence."
d76b47e37a9ba3c9172b,4.0,3.0,4.0,0.25390625,,,,,4.0,3.0,4.0,0.2421875,4.0,3.0,4.0,0.70703125,0.3359375,"Retention is frequency under declared balanced sensitivity scenarios, not probability/confidence."
d76cb28b99aa0a41b494,1.0,1.0,2.0,0.5,,,,,2.0,1.0,3.0,0.33984375,1.0,1.0,2.0,0.390625,0.17578125,"Retention is frequency under declared balanced sensitivity scenarios, not probability/confidence."
d784492d839deb46034e,4.0,3.0,4.0,0.30859375,3.0,2.0,3.0,0.5,3.0,2.0,4.0,0.33203125,3.0,2.0,3.0,0.51953125,0.66796875,"Retention is frequency under declared balanced sensitivity scenarios, not probability/confidence."
d78fd7aedf7cbcd589af,1.0,1.0,2.0,0.5,,,,,2.0,1.0,3.0,0.32421875,1.0,1.0,2.0,0.41015625,0.1640625,"Retention is frequency under declared balanced sensitivity scenarios, not probability/confidence."
d79bb6ddda4b543e8858,4.0,3.0,4.0,0.35546875,,,,,4.0,3.0,4.0,0.2421875,4.0,3.0,4.0,0.70703125,0.66796875,"Retention is frequency under declared balanced sensitivity scenarios, not probability/confidence."
d79f50c73a7ffb2c1861,3.0,2.0,3.0,0.390625,,,,,2.0,1.0,3.0,0.29296875,2.0,2.0,3.0,0.50390625,0.6484375,"Retention is frequency under declared balanced sensitivity scenarios, not probability/confidence."
d7a632b26b363575a39c,4.0,3.0,4.0,0.375,4.0,3.0,4.0,0.23828125,4.0,3.0,4.0,0.2421875,3.0,2.0,3.0,0.75390625,0.13671875,"Retention is frequency under declared balanced sensitivity scenarios, not probability/confidence."
d7b5a346a4d94417409e,,,,,,,,,,,,,,,,,1.0,"Retention is frequency under declared balanced sensitivity scenarios, not probability/confidence."
d7badf466a2e89d7f1fc,2.0,2.0,3.0,0.62109375,,,,,3.0,2.0,3.0,0.23046875,2.0,2.0,3.0,0.51953125,0.0390625,"Retention is frequency under declared balanced sensitivity scenarios, not probability/confidence."
d7c0b402231af10fc369,4.0,3.0,4.0,0.375,4.0,3.0,4.0,0.23828125,4.0,3.0,4.0,0.2421875,3.0,2.0,3.0,0.75390625,0.2109375,"Retention is frequency under declared balanced sensitivity scenarios, not probability/confidence."
d7d6a55c507b29a875ec,,,,,,,,,,,,,,,,,0.4921875,"Retention is frequency under declared balanced sensitivity scenarios, not probability/confidence."
d7f02097799b615b9d66,2.0,2.0,3.0,0.6328125,,,,,2.0,1.0,3.0,0.50390625,3.0,2.0,3.0,0.53125,0.01953125,"Retention is frequency under declared balanced sensitivity scenarios, not probability/confidence."
d80aafb77cee28a7ca1e,,,,,,,,,2.0,1.0,3.0,0.30859375,4.0,3.0,4.0,0.65234375,0.66796875,"Retention is frequency under declared balanced sensitivity scenarios, not probability/confidence."
d83d7a485d99996e6a79,1.0,1.0,2.0,0.5,,,,,2.0,1.0,3.0,0.33984375,1.0,1.0,2.0,0.390625,0.17578125,"Retention is frequency under declared balanced sensitivity scenarios, not probability/confidence."
d8476dbd243dcd1c37e0,4.0,3.0,4.0,0.35546875,,,,,4.0,3.0,4.0,0.2421875,4.0,3.0,4.0,0.70703125,0.6640625,"Retention is frequency under declared balanced sensitivity scenarios, not probability/confidence."
d8558b3f278717dc4e5f,,,,,,,,,,,,,,,,,0.4921875,"Retention is frequency under declared balanced sensitivity scenarios, not probability/confidence."
d864378d599b7eddfd34,3.0,3.0,4.0,0.765625,,,,,3.0,2.0,3.0,0.26171875,2.0,2.0,3.0,0.49609375,0.65234375,"Retention is frequency under declared balanced sensitivity scenarios, not probability/confidence."
d866c294dc746eda03b9,3.0,2.0,3.0,0.390625,,,,,2.0,1.0,3.0,0.29296875,2.0,2.0,3.0,0.50390625,0.6484375,"Retention is frequency under declared balanced sensitivity scenarios, not probability/confidence."
d8716288372cd77c30de,4.0,3.0,4.0,0.30859375,1.0,1.0,2.0,0.5,3.0,2.0,4.0,0.33203125,3.0,2.0,3.0,0.51953125,0.75390625,"Retention is frequency under declared balanced sensitivity scenarios, not probability/confidence."
d8804b933375af4443fd,3.0,3.0,4.0,0.7734375,,,,,3.0,2.0,3.0,0.23828125,2.0,2.0,3.0,0.49609375,0.4296875,"Retention is frequency under declared balanced sensitivity scenarios, not probability/confidence."
d89ce35552d297059cc3,3.0,3.0,4.0,0.7734375,,,,,3.0,2.0,3.0,0.23828125,2.0,2.0,3.0,0.49609375,0.4296875,"Retention is frequency under declared balanced sensitivity scenarios, not probability/confidence."
d8abb2a5688114d5df66,4.0,3.0,4.0,0.35546875,,,,,4.0,3.0,4.0,0.2421875,4.0,3.0,4.0,0.70703125,0.6640625,"Retention is frequency under declared balanced sensitivity scenarios, not probability/confidence."
d8d2b3420a7c5537b2a7,,,,,,,,,,,,,,,,,1.0,"Retention is frequency under declared balanced sensitivity scenarios, not probability/confidence."
d91270f227a790b44842,,,,,,,,,2.0,1.0,3.0,0.30859375,4.0,3.0,4.0,0.65234375,0.66796875,"Retention is frequency under declared balanced sensitivity scenarios, not probability/confidence."
d9338db7c5661c50b65a,3.0,2.0,3.0,0.390625,,,,,2.0,1.0,3.0,0.29296875,2.0,2.0,3.0,0.50390625,0.6484375,"Retention is frequency under declared balanced sensitivity scenarios, not probability/confidence."
d938f35968dfa3f71cc4,,,,,,,,,2.0,1.0,3.0,0.30859375,4.0,3.0,4.0,0.65234375,0.66796875,"Retention is frequency under declared balanced sensitivity scenarios, not probability/confidence."
d942a4f987b11054993f,1.0,1.0,2.0,0.5,,,,,2.0,1.0,3.0,0.32421875,1.0,1.0,2.0,0.41015625,0.1640625,"Retention is frequency under declared balanced sensitivity scenarios, not probability/confidence."
d9548b1583c00b43cf38,2.0,2.0,3.0,0.62109375,,,,,3.0,2.0,3.0,0.23046875,2.0,2.0,3.0,0.51953125,0.0390625,"Retention is frequency under declared balanced sensitivity scenarios, not probability/confidence."
d9849586e016c31e13b8,4.0,3.0,4.0,0.30859375,3.0,2.0,3.0,0.5,3.0,2.0,4.0,0.33203125,3.0,2.0,3.0,0.51953125,0.43359375,"Retention is frequency under declared balanced sensitivity scenarios, not probability/confidence."
d995d3b2921d41ab4b64,4.0,3.0,4.0,0.30859375,3.0,2.0,3.0,0.5,3.0,2.0,4.0,0.33203125,3.0,2.0,3.0,0.51953125,0.66796875,"Retention is frequency under declared balanced sensitivity scenarios, not probability/confidence."
d9bf0ef0c482c5699b9b,,,,,,,,,,,,,,,,,0.34765625,"Retention is frequency under declared balanced sensitivity scenarios, not probability/confidence."
d9ced3ec97110fdb910c,2.0,1.0,2.0,0.5,,,,,3.0,2.0,3.0,0.26171875,2.0,1.0,2.0,0.73046875,0.1640625,"Retention is frequency under declared balanced sensitivity scenarios, not probability/confidence."
d9d5e5febf1218ac735d,,,,,,,,,,,,,,,,,0.34765625,"Retention is frequency under declared balanced sensitivity scenarios, not probability/confidence."
d9fa4cf07921f39172db,3.0,2.0,3.0,0.390625,,,,,2.0,1.0,3.0,0.29296875,2.0,2.0,3.0,0.50390625,0.6484375,"Retention is frequency under declared balanced sensitivity scenarios, not probability/confidence."
da08dedc4b5b05f19be9,,,,,,,,,2.0,1.0,3.0,0.30859375,4.0,3.0,4.0,0.65234375,0.66796875,"Retention is frequency under declared balanced sensitivity scenarios, not probability/confidence."
da0b3517e59edffe9173,4.0,3.0,4.0,0.25390625,,,,,4.0,3.0,4.0,0.2421875,4.0,3.0,4.0,0.70703125,0.3359375,"Retention is frequency under declared balanced sensitivity scenarios, not probability/confidence."
da129d23587626ecf19e,1.0,1.0,2.0,0.5,,,,,2.0,1.0,3.0,0.32421875,1.0,1.0,2.0,0.41015625,0.08203125,"Retention is frequency under declared balanced sensitivity scenarios, not probability/confidence."
da2730d3bbe3f7b66ba6,2.0,2.0,3.0,0.6328125,,,,,2.0,1.0,3.0,0.50390625,3.0,2.0,3.0,0.53125,0.01953125,"Retention is frequency under declared balanced sensitivity scenarios, not probability/confidence."
da514670021b85926f0e,4.0,3.0,4.0,0.375,1.0,1.0,2.0,0.33203125,4.0,3.0,4.0,0.33984375,3.0,2.0,3.0,0.75390625,0.47265625,"Retention is frequency under declared balanced sensitivity scenarios, not probability/confidence."
da7295f938c7bbad5db9,,,,,,,,,2.0,1.0,3.0,0.30859375,4.0,3.0,4.0,0.65234375,0.66796875,"Retention is frequency under declared balanced sensitivity scenarios, not probability/confidence."
da853f7d915dd735e1d8,1.0,1.0,2.0,0.5,,,,,2.0,1.0,3.0,0.33984375,1.0,1.0,2.0,0.390625,0.17578125,"Retention is frequency under declared balanced sensitivity scenarios, not probability/confidence."
da94654a87850cc78933,1.0,1.0,2.0,0.5,,,,,2.0,1.0,3.0,0.32421875,1.0,1.0,2.0,0.41015625,0.1640625,"Retention is frequency under declared balanced sensitivity scenarios, not probability/confidence."
daa4b02319b08a774d9e,3.0,2.0,3.0,0.390625,,,,,2.0,1.0,3.0,0.29296875,2.0,2.0,3.0,0.50390625,0.40625,"Retention is frequency under declared balanced sensitivity scenarios, not probability/confidence."
dac70f0926df01e571c0,,,,,,,,,2.0,1.0,3.0,0.30859375,4.0,3.0,4.0,0.65234375,0.66796875,"Retention is frequency under declared balanced sensitivity scenarios, not probability/confidence."
dacee54db76cbea830bd,1.0,1.0,2.0,0.5,,,,,2.0,1.0,3.0,0.32421875,1.0,1.0,2.0,0.41015625,0.1640625,"Retention is frequency under declared balanced sensitivity scenarios, not probability/confidence."
dad6c864c9b8cccb6050,4.0,3.0,4.0,0.30859375,1.0,1.0,2.0,0.5,3.0,2.0,4.0,0.33203125,3.0,2.0,3.0,0.51953125,0.41796875,"Retention is frequency under declared balanced sensitivity scenarios, not probability/confidence."
dae1345b3a7dbcfb25d4,4.0,3.0,4.0,0.265625,,,,,4.0,3.0,4.0,0.2421875,4.0,3.0,4.0,0.70703125,0.23828125,"Retention is frequency under declared balanced sensitivity scenarios, not probability/confidence."
daeb1a7e4cba48bfa4e7,,,,,,,,,,,,,,,,,0.4921875,"Retention is frequency under declared balanced sensitivity scenarios, not probability/confidence."
daf425add90955cdb9c6,3.0,2.0,3.0,0.390625,,,,,2.0,1.0,3.0,0.29296875,2.0,2.0,3.0,0.50390625,0.6484375,"Retention is frequency under declared balanced sensitivity scenarios, not probability/confidence."
db16d945e1bad34c5253,,,,,,,,,,,,,,,,,1.0,"Retention is frequency under declared balanced sensitivity scenarios, not probability/confidence."
db204ef03d75fb1612c7,,,,,,,,,,,,,,,,,1.0,"Retention is frequency under declared balanced sensitivity scenarios, not probability/confidence."
db20cb0971b45f1a75d6,4.0,3.0,4.0,0.30859375,3.0,2.0,3.0,0.5,3.0,2.0,4.0,0.33203125,3.0,2.0,3.0,0.51953125,0.66796875,"Retention is frequency under declared balanced sensitivity scenarios, not probability/confidence."
db225ef19b7b197a6ddb,1.0,1.0,2.0,0.5,,,,,2.0,1.0,3.0,0.33984375,1.0,1.0,2.0,0.390625,0.17578125,"Retention is frequency under declared balanced sensitivity scenarios, not probability/confidence."
db359038418a7ae9e28c,1.0,1.0,2.0,0.5,,,,,2.0,1.0,3.0,0.32421875,1.0,1.0,2.0,0.41015625,0.1640625,"Retention is frequency under declared balanced sensitivity scenarios, not probability/confidence."
db374a47e2d4c59babca,3.0,3.0,4.0,0.765625,,,,,3.0,2.0,3.0,0.26171875,2.0,2.0,3.0,0.49609375,0.65234375,"Retention is frequency under declared balanced sensitivity scenarios, not probability/confidence."
db47f0569eea80305d4c,,,,,,,,,,,,,,,,,0.34765625,"Retention is frequency under declared balanced sensitivity scenarios, not probability/confidence."
db4b3a02be514f829976,3.0,3.0,4.0,0.7734375,,,,,3.0,2.0,3.0,0.23828125,2.0,2.0,3.0,0.49609375,0.625,"Retention is frequency under declared balanced sensitivity scenarios, not probability/confidence."
db84837ab0abbbc2ef0d,4.0,3.0,4.0,0.30859375,1.0,1.0,2.0,0.5,3.0,2.0,4.0,0.33203125,3.0,2.0,3.0,0.51953125,0.75390625,"Retention is frequency under declared balanced sensitivity scenarios, not probability/confidence."
dba01b1b91e3b9bb34ac,2.0,2.0,3.0,0.6328125,,,,,2.0,1.0,3.0,0.50390625,3.0,2.0,3.0,0.53125,0.01953125,"Retention is frequency under declared balanced sensitivity scenarios, not probability/confidence."
dba83002a709959b5a60,1.0,1.0,2.0,0.5,,,,,2.0,1.0,3.0,0.33984375,1.0,1.0,2.0,0.390625,0.07421875,"Retention is frequency under declared balanced sensitivity scenarios, not probability/confidence."
dbaea17dcb4c5249b60d,2.0,2.0,3.0,0.6328125,,,,,2.0,1.0,3.0,0.50390625,3.0,2.0,3.0,0.53125,0.01953125,"Retention is frequency under declared balanced sensitivity scenarios, not probability/confidence."
dbbed921a1ff26a2041c,,,,,,,,,,,,,,,,,1.0,"Retention is frequency under declared balanced sensitivity scenarios, not probability/confidence."
dbc6f6339a3bec45b409,,,,,,,,,,,,,,,,,1.0,"Retention is frequency under declared balanced sensitivity scenarios, not probability/confidence."
dbddb794ad8bdb44ff68,,,,,,,,,2.0,1.0,3.0,0.30859375,4.0,3.0,4.0,0.65234375,0.66796875,"Retention is frequency under declared balanced sensitivity scenarios, not probability/confidence."
dbe62774e4382881d48a,2.0,2.0,3.0,0.62109375,,,,,3.0,2.0,3.0,0.23046875,2.0,2.0,3.0,0.51953125,0.0390625,"Retention is frequency under declared balanced sensitivity scenarios, not probability/confidence."
dbec9b7433c40cedfaec,2.0,2.0,3.0,0.6328125,3.0,2.0,3.0,0.23828125,2.0,1.0,3.0,0.50390625,3.0,2.0,3.0,0.53125,0.23046875,"Retention is frequency under declared balanced sensitivity scenarios, not probability/confidence."
dbf69dcf89edf4bbc7de,3.0,2.0,3.0,0.390625,,,,,2.0,1.0,3.0,0.29296875,2.0,2.0,3.0,0.50390625,0.6484375,"Retention is frequency under declared balanced sensitivity scenarios, not probability/confidence."
dc29519042f6ea44baa1,4.0,3.0,4.0,0.35546875,,,,,4.0,3.0,4.0,0.2421875,4.0,3.0,4.0,0.70703125,0.66796875,"Retention is frequency under declared balanced sensitivity scenarios, not probability/confidence."
dc4dbb932037e8d0718f,1.0,1.0,2.0,0.5,,,,,2.0,1.0,3.0,0.32421875,1.0,1.0,2.0,0.41015625,0.08203125,"Retention is frequency under declared balanced sensitivity scenarios, not probability/confidence."
dc62e78bf1d96fb76f72,2.0,2.0,3.0,0.62890625,,,,,2.0,1.0,2.0,0.24609375,4.0,4.0,4.0,1.0,0.44140625,"Retention is frequency under declared balanced sensitivity scenarios, not probability/confidence."
dc7159d960bf39e98a99,4.0,3.0,4.0,0.375,4.0,3.0,4.0,0.24609375,4.0,3.0,4.0,0.2421875,3.0,2.0,3.0,0.75390625,0.2421875,"Retention is frequency under declared balanced sensitivity scenarios, not probability/confidence."
dc88380df636105ea81d,,,,,,,,,,,,,,,,,1.0,"Retention is frequency under declared balanced sensitivity scenarios, not probability/confidence."
dc9d68cac716b7ea3bf5,2.0,2.0,3.0,0.6328125,1.0,1.0,2.0,0.5,2.0,1.0,3.0,0.50390625,3.0,2.0,3.0,0.53125,0.4765625,"Retention is frequency under declared balanced sensitivity scenarios, not probability/confidence."
dcceeec3046c040bc945,2.0,2.0,3.0,0.6328125,,,,,2.0,1.0,3.0,0.50390625,3.0,2.0,3.0,0.53125,0.01953125,"Retention is frequency under declared balanced sensitivity scenarios, not probability/confidence."
dcffda88ae1699dfb1c9,,,,,,,,,,,,,,,,,0.5,"Retention is frequency under declared balanced sensitivity scenarios, not probability/confidence."
dd4beaa9b7b0f6d77ad1,,,,,,,,,,,,,,,,,1.0,"Retention is frequency under declared balanced sensitivity scenarios, not probability/confidence."
dd6324420ea4c487485f,1.0,1.0,2.0,0.5,,,,,2.0,1.0,3.0,0.33984375,1.0,1.0,2.0,0.390625,0.17578125,"Retention is frequency under declared balanced sensitivity scenarios, not probability/confidence."
dd699bf66cf2be2c92af,2.0,2.0,3.0,0.62890625,,,,,2.0,1.0,2.0,0.24609375,4.0,4.0,4.0,1.0,0.44921875,"Retention is frequency under declared balanced sensitivity scenarios, not probability/confidence."
dd69dcf2227313a0dc2c,1.0,1.0,2.0,0.5,,,,,2.0,1.0,3.0,0.32421875,1.0,1.0,2.0,0.41015625,0.1640625,"Retention is frequency under declared balanced sensitivity scenarios, not probability/confidence."
dd6cde2d3a94180b17b9,,,,,,,,,,,,,,,,,1.0,"Retention is frequency under declared balanced sensitivity scenarios, not probability/confidence."
ddb6bc51329b2564bc0f,2.0,2.0,3.0,0.62109375,,,,,3.0,2.0,3.0,0.23046875,2.0,2.0,3.0,0.51953125,0.0390625,"Retention is frequency under declared balanced sensitivity scenarios, not probability/confidence."
ddd17a305f181a424201,1.0,1.0,2.0,0.5,,,,,2.0,1.0,3.0,0.33984375,1.0,1.0,2.0,0.390625,0.17578125,"Retention is frequency under declared balanced sensitivity scenarios, not probability/confidence."
ddd595e1b4d7d84285f7,3.0,2.0,3.0,0.390625,,,,,2.0,1.0,3.0,0.29296875,2.0,2.0,3.0,0.50390625,0.6484375,"Retention is frequency under declared balanced sensitivity scenarios, not probability/confidence."
ddf5ec8c61ac5122ddfb,2.0,2.0,3.0,0.6328125,,,,,2.0,1.0,3.0,0.50390625,3.0,2.0,3.0,0.53125,0.46875,"Retention is frequency under declared balanced sensitivity scenarios, not probability/confidence."
de22506c5a7add7cd4d5,,,,,,,,,,,,,,,,,0.5,"Retention is frequency under declared balanced sensitivity scenarios, not probability/confidence."
de3a5172c539e3d03e91,2.0,1.0,2.0,0.5,,,,,3.0,2.0,3.0,0.22265625,1.0,1.0,2.0,0.43359375,0.25390625,"Retention is frequency under declared balanced sensitivity scenarios, not probability/confidence."
de6e4c488f4c4618a1e5,4.0,3.0,4.0,0.35546875,,,,,4.0,3.0,4.0,0.2421875,4.0,3.0,4.0,0.70703125,0.6640625,"Retention is frequency under declared balanced sensitivity scenarios, not probability/confidence."
de74d4397ca6111e440c,2.0,2.0,3.0,0.6328125,,,,,2.0,1.0,3.0,0.50390625,3.0,2.0,3.0,0.53125,0.01953125,"Retention is frequency under declared balanced sensitivity scenarios, not probability/confidence."
de865a2cff338d388844,,,,,,,,,,,,,,,,,1.0,"Retention is frequency under declared balanced sensitivity scenarios, not probability/confidence."
de88b6999e1d4692a6da,4.0,3.0,4.0,0.30859375,3.0,2.0,3.0,0.5,3.0,2.0,4.0,0.33203125,3.0,2.0,3.0,0.51953125,0.66796875,"Retention is frequency under declared balanced sensitivity scenarios, not probability/confidence."
de942ed7ee6a87f1a636,,,,,,,,,,,,,,,,,1.0,"Retention is frequency under declared balanced sensitivity scenarios, not probability/confidence."
deae11b8324aa1b32899,1.0,1.0,2.0,0.5,,,,,2.0,1.0,3.0,0.33984375,1.0,1.0,2.0,0.390625,0.17578125,"Retention is frequency under declared balanced sensitivity scenarios, not probability/confidence."
dec216fbc6eb8ac5629e,1.0,1.0,2.0,0.5,,,,,2.0,1.0,3.0,0.32421875,1.0,1.0,2.0,0.41015625,0.08203125,"Retention is frequency under declared balanced sensitivity scenarios, not probability/confidence."
ded2b70b395771054207,,,,,,,,,,,,,,,,,1.0,"Retention is frequency under declared balanced sensitivity scenarios, not probability/confidence."
df0ac734beb1b85a0d29,4.0,3.0,4.0,0.375,4.0,3.0,4.0,0.24609375,4.0,3.0,4.0,0.2421875,3.0,2.0,3.0,0.75390625,0.2421875,"Retention is frequency under declared balanced sensitivity scenarios, not probability/confidence."
df1c0a095574a91a4840,3.0,3.0,4.0,0.7734375,,,,,3.0,2.0,3.0,0.23828125,2.0,2.0,3.0,0.49609375,0.625,"Retention is frequency under declared balanced sensitivity scenarios, not probability/confidence."
df1d3e7fec90e180ace2,,,,,,,,,2.0,1.0,3.0,0.30859375,4.0,3.0,4.0,0.65234375,0.66796875,"Retention is frequency under declared balanced sensitivity scenarios, not probability/confidence."
df40920a9b4c65bc274f,2.0,2.0,3.0,0.62109375,,,,,3.0,2.0,3.0,0.23046875,2.0,2.0,3.0,0.51953125,0.01953125,"Retention is frequency under declared balanced sensitivity scenarios, not probability/confidence."
df574e3a6593f5fc2da1,,,,,,,,,2.0,1.0,3.0,0.30859375,4.0,3.0,4.0,0.65234375,0.66796875,"Retention is frequency under declared balanced sensitivity scenarios, not probability/confidence."
df5fd19758b2b74c9db0,4.0,3.0,4.0,0.30859375,1.0,1.0,2.0,0.5,3.0,2.0,4.0,0.33203125,3.0,2.0,3.0,0.51953125,0.75390625,"Retention is frequency under declared balanced sensitivity scenarios, not probability/confidence."
df6373c1e73a4f1aebbc,1.0,1.0,2.0,0.5,,,,,2.0,1.0,3.0,0.32421875,1.0,1.0,2.0,0.41015625,0.1640625,"Retention is frequency under declared balanced sensitivity scenarios, not probability/confidence."
df747a541e939224c015,1.0,1.0,2.0,0.5,,,,,2.0,1.0,3.0,0.33984375,1.0,1.0,2.0,0.390625,0.17578125,"Retention is frequency under declared balanced sensitivity scenarios, not probability/confidence."
df7b09020b4589f3c06b,1.0,1.0,2.0,0.5,,,,,2.0,1.0,3.0,0.33984375,1.0,1.0,2.0,0.390625,0.17578125,"Retention is frequency under declared balanced sensitivity scenarios, not probability/confidence."
df7c26d4379c0af227f2,,,,,,,,,2.0,1.0,3.0,0.30859375,4.0,3.0,4.0,0.65234375,0.66796875,"Retention is frequency under declared balanced sensitivity scenarios, not probability/confidence."
df8ef95987bcddb4c486,2.0,2.0,3.0,0.62890625,,,,,2.0,1.0,2.0,0.24609375,4.0,4.0,4.0,1.0,0.44140625,"Retention is frequency under declared balanced sensitivity scenarios, not probability/confidence."
df944d93589d36819d92,4.0,3.0,4.0,0.30859375,3.0,2.0,3.0,0.5,3.0,2.0,4.0,0.33203125,3.0,2.0,3.0,0.51953125,0.66796875,"Retention is frequency under declared balanced sensitivity scenarios, not probability/confidence."
df954800631232dc29d1,3.0,2.0,3.0,0.390625,,,,,2.0,1.0,3.0,0.29296875,2.0,2.0,3.0,0.50390625,0.6484375,"Retention is frequency under declared balanced sensitivity scenarios, not probability/confidence."
df9dc4878fabddf93cf0,3.0,3.0,4.0,0.765625,,,,,3.0,2.0,3.0,0.26171875,2.0,2.0,3.0,0.49609375,0.65234375,"Retention is frequency under declared balanced sensitivity scenarios, not probability/confidence."
dfb0e7d9734cf680f0f2,1.0,1.0,2.0,0.5,,,,,2.0,1.0,3.0,0.32421875,1.0,1.0,2.0,0.41015625,0.08203125,"Retention is frequency under declared balanced sensitivity scenarios, not probability/confidence."
dfc13aceeeebdd8d3efd,2.0,2.0,3.0,0.62109375,,,,,3.0,2.0,3.0,0.23046875,2.0,2.0,3.0,0.51953125,0.01953125,"Retention is frequency under declared balanced sensitivity scenarios, not probability/confidence."
dfe9a3bd472c63f690be,2.0,1.0,2.0,0.5,,,,,3.0,2.0,3.0,0.26171875,2.0,1.0,2.0,0.73046875,0.046875,"Retention is frequency under declared balanced sensitivity scenarios, not probability/confidence."
dffa1bd643fdbb48e72a,1.0,1.0,2.0,0.5,,,,,2.0,1.0,3.0,0.33984375,1.0,1.0,2.0,0.390625,0.17578125,"Retention is frequency under declared balanced sensitivity scenarios, not probability/confidence."
e0194436a6df75e39dd2,3.0,2.0,3.0,0.390625,,,,,2.0,1.0,3.0,0.29296875,2.0,2.0,3.0,0.50390625,0.6484375,"Retention is frequency under declared balanced sensitivity scenarios, not probability/confidence."
e032906a5d879cba9883,4.0,3.0,4.0,0.30859375,1.0,1.0,2.0,0.5,3.0,2.0,4.0,0.33203125,3.0,2.0,3.0,0.51953125,0.5078125,"Retention is frequency under declared balanced sensitivity scenarios, not probability/confidence."
e052c6d82e86d4f69bd1,2.0,2.0,3.0,0.6328125,1.0,1.0,2.0,0.5,2.0,1.0,3.0,0.50390625,3.0,2.0,3.0,0.53125,0.4765625,"Retention is frequency under declared balanced sensitivity scenarios, not probability/confidence."
e07fb30d9a609342be43,3.0,3.0,4.0,0.7734375,,,,,3.0,2.0,3.0,0.23828125,2.0,2.0,3.0,0.49609375,0.4296875,"Retention is frequency under declared balanced sensitivity scenarios, not probability/confidence."
e099f2d3814b896abd9e,,,,,,,,,,,,,,,,,0.4921875,"Retention is frequency under declared balanced sensitivity scenarios, not probability/confidence."
e0a0a8a3e2047ebc97a8,,,,,,,,,,,,,,,,,1.0,"Retention is frequency under declared balanced sensitivity scenarios, not probability/confidence."
e0a64ec4d358bb73501d,3.0,3.0,4.0,0.765625,,,,,3.0,2.0,3.0,0.26171875,2.0,2.0,3.0,0.49609375,0.65234375,"Retention is frequency under declared balanced sensitivity scenarios, not probability/confidence."
e0a6c66e3d01681c7e68,3.0,2.0,3.0,0.390625,,,,,2.0,1.0,3.0,0.29296875,2.0,2.0,3.0,0.50390625,0.40625,"Retention is frequency under declared balanced sensitivity scenarios, not probability/confidence."
e0bee29d60fdff6e9f34,3.0,3.0,4.0,0.765625,,,,,3.0,2.0,3.0,0.26171875,2.0,2.0,3.0,0.49609375,0.65234375,"Retention is frequency under declared balanced sensitivity scenarios, not probability/confidence."
e0de3d5b3fea4aa01d58,3.0,2.0,3.0,0.390625,,,,,2.0,1.0,3.0,0.29296875,2.0,2.0,3.0,0.50390625,0.6484375,"Retention is frequency under declared balanced sensitivity scenarios, not probability/confidence."
e105a9ddb8e7d8ff225f,,,,,,,,,,,,,,,,,0.5,"Retention is frequency under declared balanced sensitivity scenarios, not probability/confidence."
e1121ad156c1c785122d,4.0,3.0,4.0,0.35546875,,,,,4.0,3.0,4.0,0.2421875,4.0,3.0,4.0,0.70703125,0.66796875,"Retention is frequency under declared balanced sensitivity scenarios, not probability/confidence."
e1465ce4108206c4678f,4.0,3.0,4.0,0.30859375,1.0,1.0,2.0,0.5,3.0,2.0,4.0,0.33203125,3.0,2.0,3.0,0.51953125,0.41796875,"Retention is frequency under declared balanced sensitivity scenarios, not probability/confidence."
e15633c761479396de12,1.0,1.0,2.0,0.5,,,,,2.0,1.0,3.0,0.33984375,1.0,1.0,2.0,0.390625,0.07421875,"Retention is frequency under declared balanced sensitivity scenarios, not probability/confidence."
e16102de427744a7efdb,,,,,,,,,2.0,1.0,3.0,0.30859375,4.0,3.0,4.0,0.65234375,0.66796875,"Retention is frequency under declared balanced sensitivity scenarios, not probability/confidence."
e1775bd459a774fe247a,,,,,,,,,,,,,,,,,0.34765625,"Retention is frequency under declared balanced sensitivity scenarios, not probability/confidence."
e1a292059860e2d58095,1.0,1.0,2.0,0.5,,,,,2.0,1.0,3.0,0.32421875,1.0,1.0,2.0,0.41015625,0.1640625,"Retention is frequency under declared balanced sensitivity scenarios, not probability/confidence."
e1a50db36fee92dbea67,1.0,1.0,2.0,0.5,,,,,2.0,1.0,3.0,0.32421875,1.0,1.0,2.0,0.41015625,0.1640625,"Retention is frequency under declared balanced sensitivity scenarios, not probability/confidence."
e1ae2bf89c2dbc9585ea,4.0,3.0,4.0,0.30859375,1.0,1.0,2.0,0.5,3.0,2.0,4.0,0.33203125,3.0,2.0,3.0,0.51953125,0.75390625,"Retention is frequency under declared balanced sensitivity scenarios, not probability/confidence."
e1c29b1988b6dea15f7f,2.0,1.0,2.0,0.5,,,,,3.0,2.0,3.0,0.22265625,1.0,1.0,2.0,0.35546875,0.35546875,"Retention is frequency under declared balanced sensitivity scenarios, not probability/confidence."
e1d2a5668a0eea87f1c0,4.0,3.0,4.0,0.375,1.0,1.0,2.0,0.33203125,4.0,3.0,4.0,0.41015625,3.0,2.0,3.0,0.75390625,0.47265625,"Retention is frequency under declared balanced sensitivity scenarios, not probability/confidence."
e1e6714efa65caeb5e4d,4.0,3.0,4.0,0.375,4.0,3.0,4.0,0.23828125,4.0,3.0,4.0,0.2421875,3.0,2.0,3.0,0.75390625,0.2109375,"Retention is frequency under declared balanced sensitivity scenarios, not probability/confidence."
e21848f6e7039bba2849,,,,,,,,,,,,,,,,,1.0,"Retention is frequency under declared balanced sensitivity scenarios, not probability/confidence."
e21eb78ad244b041b343,1.0,1.0,2.0,0.5,,,,,2.0,1.0,3.0,0.33984375,1.0,1.0,2.0,0.390625,0.07421875,"Retention is frequency under declared balanced sensitivity scenarios, not probability/confidence."
e23428c766f6d48bb79c,2.0,2.0,3.0,0.62109375,,,,,3.0,2.0,3.0,0.23046875,2.0,2.0,3.0,0.51953125,0.01953125,"Retention is frequency under declared balanced sensitivity scenarios, not probability/confidence."
e234f53edf02f320cc38,,,,,,,,,2.0,1.0,3.0,0.30859375,4.0,3.0,4.0,0.65234375,0.66796875,"Retention is frequency under declared balanced sensitivity scenarios, not probability/confidence."
e279e906c6e49f0927dd,,,,,,,,,2.0,1.0,3.0,0.30859375,4.0,3.0,4.0,0.65234375,0.66796875,"Retention is frequency under declared balanced sensitivity scenarios, not probability/confidence."
e28e002bf58e3d1e6999,,,,,,,,,,,,,,,,,1.0,"Retention is frequency under declared balanced sensitivity scenarios, not probability/confidence."
e29632d61b257e193278,2.0,2.0,3.0,0.62890625,,,,,2.0,1.0,2.0,0.24609375,4.0,4.0,4.0,1.0,0.44921875,"Retention is frequency under declared balanced sensitivity scenarios, not probability/confidence."
e2a9e7dab2dab9e65cf2,2.0,2.0,3.0,0.62109375,,,,,3.0,2.0,3.0,0.23046875,2.0,2.0,3.0,0.51953125,0.0390625,"Retention is frequency under declared balanced sensitivity scenarios, not probability/confidence."
e2ace8e12de6c82866a8,4.0,3.0,4.0,0.375,4.0,3.0,4.0,0.24609375,4.0,3.0,4.0,0.2421875,3.0,2.0,3.0,0.75390625,0.2421875,"Retention is frequency under declared balanced sensitivity scenarios, not probability/confidence."
e2c95aeccde0758ab929,,,,,,,,,,,,,,,,,1.0,"Retention is frequency under declared balanced sensitivity scenarios, not probability/confidence."
e2dd905967b6588924e8,2.0,2.0,3.0,0.62890625,,,,,2.0,1.0,2.0,0.24609375,4.0,4.0,4.0,1.0,0.44921875,"Retention is frequency under declared balanced sensitivity scenarios, not probability/confidence."
e2ecc2f587571c3c915d,4.0,3.0,4.0,0.375,4.0,3.0,4.0,0.24609375,4.0,3.0,4.0,0.2421875,3.0,2.0,3.0,0.75390625,0.2421875,"Retention is frequency under declared balanced sensitivity scenarios, not probability/confidence."
e31beda6cc9c490ef4d6,3.0,3.0,4.0,0.765625,,,,,3.0,2.0,3.0,0.26171875,2.0,2.0,3.0,0.49609375,0.65234375,"Retention is frequency under declared balanced sensitivity scenarios, not probability/confidence."
e32a489420dd4e711090,3.0,2.0,3.0,0.390625,,,,,2.0,1.0,3.0,0.29296875,2.0,2.0,3.0,0.50390625,0.6484375,"Retention is frequency under declared balanced sensitivity scenarios, not probability/confidence."
e34678bceb3c39465ec3,4.0,3.0,4.0,0.30859375,3.0,2.0,3.0,0.5,3.0,2.0,4.0,0.33203125,3.0,2.0,3.0,0.51953125,0.66796875,"Retention is frequency under declared balanced sensitivity scenarios, not probability/confidence."
e3705b78ba5c36b87cae,,,,,,,,,2.0,1.0,3.0,0.30859375,4.0,3.0,4.0,0.65234375,0.6640625,"Retention is frequency under declared balanced sensitivity scenarios, not probability/confidence."
e370e31577a9228dd1d8,4.0,3.0,4.0,0.375,,1.0,2.0,,4.0,3.0,4.0,0.33984375,3.0,2.0,3.0,0.75390625,0.27734375,"Retention is frequency under declared balanced sensitivity scenarios, not probability/confidence."
e3876ee0cf01b70b5581,,,,,,,,,,,,,,,,,0.4921875,"Retention is frequency under declared balanced sensitivity scenarios, not probability/confidence."
e3ac4b317d37cc401e3b,,,,,,,,,,,,,,,,,1.0,"Retention is frequency under declared balanced sensitivity scenarios, not probability/confidence."
e3afa6c8748348f1ce65,3.0,2.0,3.0,0.390625,,,,,2.0,1.0,3.0,0.29296875,2.0,2.0,3.0,0.50390625,0.6484375,"Retention is frequency under declared balanced sensitivity scenarios, not probability/confidence."
e3bb9c975f2d51060cff,,,,,,,,,,,,,,,,,0.5,"Retention is frequency under declared balanced sensitivity scenarios, not probability/confidence."
e3cf4cb388eb01a9261b,4.0,3.0,4.0,0.30859375,1.0,1.0,2.0,0.5,3.0,2.0,4.0,0.33203125,3.0,2.0,3.0,0.51953125,0.41796875,"Retention is frequency under declared balanced sensitivity scenarios, not probability/confidence."
e3d70fa5c5501e5a5073,4.0,3.0,4.0,0.375,1.0,1.0,2.0,0.33203125,4.0,3.0,4.0,0.33984375,3.0,2.0,3.0,0.75390625,0.47265625,"Retention is frequency under declared balanced sensitivity scenarios, not probability/confidence."
e3d895f555e8b7131cdb,,,,,,,,,,,,,,,,,0.4921875,"Retention is frequency under declared balanced sensitivity scenarios, not probability/confidence."
e3f1b0fd090ebc453efa,3.0,3.0,4.0,0.765625,,,,,3.0,2.0,3.0,0.26171875,2.0,2.0,3.0,0.49609375,0.65234375,"Retention is frequency under declared balanced sensitivity scenarios, not probability/confidence."
e42105b80ad6dbe7e354,,,,,,,,,,,,,,,,,1.0,"Retention is frequency under declared balanced sensitivity scenarios, not probability/confidence."
e42135aaa73d0dcaac19,,,,,,,,,,,,,,,,,1.0,"Retention is frequency under declared balanced sensitivity scenarios, not probability/confidence."
e4259a818047879ea3c9,,,,,,,,,,,,,,,,,1.0,"Retention is frequency under declared balanced sensitivity scenarios, not probability/confidence."
e42c3a3dd208fd37ed24,4.0,3.0,4.0,0.35546875,,,,,4.0,3.0,4.0,0.2421875,4.0,3.0,4.0,0.70703125,0.6640625,"Retention is frequency under declared balanced sensitivity scenarios, not probability/confidence."
e42d2b7567e6f246d973,4.0,3.0,4.0,0.35546875,,,,,4.0,3.0,4.0,0.2421875,4.0,3.0,4.0,0.70703125,0.66796875,"Retention is frequency under declared balanced sensitivity scenarios, not probability/confidence."
e44fa2d5a2bcebf324d1,,,,,,,,,,,,,,,,,0.34765625,"Retention is frequency under declared balanced sensitivity scenarios, not probability/confidence."
e46862a5d9eaa7208fec,3.0,2.0,3.0,0.390625,,,,,2.0,1.0,3.0,0.29296875,2.0,2.0,3.0,0.50390625,0.6484375,"Retention is frequency under declared balanced sensitivity scenarios, not probability/confidence."
e47716172ab81b0c07d3,,,,,,,,,,,,,,,,,0.4921875,"Retention is frequency under declared balanced sensitivity scenarios, not probability/confidence."
e47f334a1457501158cd,4.0,3.0,4.0,0.30859375,3.0,2.0,3.0,0.5,3.0,2.0,4.0,0.33203125,3.0,2.0,3.0,0.51953125,0.43359375,"Retention is frequency under declared balanced sensitivity scenarios, not probability/confidence."
e4b8bad9b0ec1b4bf120,2.0,1.0,2.0,0.5,,,,,3.0,2.0,3.0,0.22265625,1.0,1.0,2.0,0.35546875,0.35546875,"Retention is frequency under declared balanced sensitivity scenarios, not probability/confidence."
e4bd2da9bd18698cc112,2.0,1.0,2.0,0.5,,,,,3.0,2.0,3.0,0.26171875,2.0,1.0,2.0,0.73046875,0.1640625,"Retention is frequency under declared balanced sensitivity scenarios, not probability/confidence."
e4d9ced66261b9844117,2.0,1.0,2.0,0.5,,,,,3.0,2.0,3.0,0.26171875,2.0,1.0,2.0,0.73046875,0.1640625,"Retention is frequency under declared balanced sensitivity scenarios, not probability/confidence."
e4e102e3387b103ddbf9,4.0,3.0,4.0,0.30859375,3.0,2.0,3.0,0.5,3.0,2.0,4.0,0.33203125,3.0,2.0,3.0,0.51953125,0.66796875,"Retention is frequency under declared balanced sensitivity scenarios, not probability/confidence."
e501209273295b966389,1.0,1.0,2.0,0.5,,,,,2.0,1.0,3.0,0.33984375,1.0,1.0,2.0,0.390625,0.07421875,"Retention is frequency under declared balanced sensitivity scenarios, not probability/confidence."
e5035dedaea2f620a84e,2.0,2.0,3.0,0.62890625,,,,,2.0,1.0,2.0,0.24609375,4.0,4.0,4.0,1.0,0.44140625,"Retention is frequency under declared balanced sensitivity scenarios, not probability/confidence."
e50d0cb82252773f8a14,4.0,3.0,4.0,0.35546875,,,,,4.0,3.0,4.0,0.2421875,4.0,3.0,4.0,0.70703125,0.66796875,"Retention is frequency under declared balanced sensitivity scenarios, not probability/confidence."
e5149861f2edaa142e2e,2.0,2.0,3.0,0.62109375,,,,,3.0,2.0,3.0,0.23046875,2.0,2.0,3.0,0.51953125,0.0390625,"Retention is frequency under declared balanced sensitivity scenarios, not probability/confidence."
e519d53a5f1e4cb5ef34,4.0,3.0,4.0,0.35546875,,,,,4.0,3.0,4.0,0.2421875,4.0,3.0,4.0,0.70703125,0.6640625,"Retention is frequency under declared balanced sensitivity scenarios, not probability/confidence."
e51a3bb98abda3f9d624,,,,,,,,,2.0,1.0,3.0,0.30859375,4.0,3.0,4.0,0.65234375,0.66796875,"Retention is frequency under declared balanced sensitivity scenarios, not probability/confidence."
e53548ec526a4bb667ce,,,,,,,,,,,,,,,,,0.4921875,"Retention is frequency under declared balanced sensitivity scenarios, not probability/confidence."
e53a8cfba6d82874cce7,2.0,1.0,2.0,0.5,,,,,3.0,2.0,3.0,0.22265625,1.0,1.0,2.0,0.43359375,0.25390625,"Retention is frequency under declared balanced sensitivity scenarios, not probability/confidence."
e54b82ec10b6802fa006,2.0,2.0,3.0,0.6328125,,,,,2.0,1.0,3.0,0.50390625,3.0,2.0,3.0,0.53125,0.01953125,"Retention is frequency under declared balanced sensitivity scenarios, not probability/confidence."
e54e513c85ee2f3ef42a,4.0,3.0,4.0,0.296875,,,,,4.0,3.0,4.0,0.2421875,4.0,3.0,4.0,0.70703125,0.50390625,"Retention is frequency under declared balanced sensitivity scenarios, not probability/confidence."
e5794c4a26e0864cc863,4.0,3.0,4.0,0.30859375,1.0,1.0,2.0,0.5,3.0,2.0,4.0,0.33203125,3.0,2.0,3.0,0.51953125,0.75390625,"Retention is frequency under declared balanced sensitivity scenarios, not probability/confidence."
e58828a03cb2fcc11604,,,,,,,,,,,,,,,,,1.0,"Retention is frequency under declared balanced sensitivity scenarios, not probability/confidence."
e58d948a2017545f6d13,,,,,,,,,,,,,,,,,1.0,"Retention is frequency under declared balanced sensitivity scenarios, not probability/confidence."
e5979a8957c96177489b,4.0,3.0,4.0,0.30859375,3.0,2.0,3.0,0.5,3.0,2.0,4.0,0.33203125,3.0,2.0,3.0,0.51953125,0.66796875,"Retention is frequency under declared balanced sensitivity scenarios, not probability/confidence."
e5a10352c8e8187cc622,1.0,1.0,2.0,0.5,,,,,2.0,1.0,3.0,0.33984375,1.0,1.0,2.0,0.390625,0.17578125,"Retention is frequency under declared balanced sensitivity scenarios, not probability/confidence."
e5ae4b3a1a5199eaed15,2.0,1.0,2.0,0.5,,,,,3.0,2.0,3.0,0.26171875,2.0,1.0,2.0,0.73046875,0.046875,"Retention is frequency under declared balanced sensitivity scenarios, not probability/confidence."
e5d1ad18af9850a4bced,3.0,3.0,4.0,0.765625,,,,,3.0,2.0,3.0,0.26171875,2.0,2.0,3.0,0.49609375,0.65234375,"Retention is frequency under declared balanced sensitivity scenarios, not probability/confidence."
e5db0dfbcd0f0c12b8b7,2.0,2.0,3.0,0.62109375,,,,,3.0,2.0,3.0,0.23046875,2.0,2.0,3.0,0.51953125,0.0390625,"Retention is frequency under declared balanced sensitivity scenarios, not probability/confidence."
e61b05ddf13fd308822a,2.0,2.0,3.0,0.62109375,,,,,3.0,2.0,3.0,0.23046875,2.0,2.0,3.0,0.51953125,0.0390625,"Retention is frequency under declared balanced sensitivity scenarios, not probability/confidence."
e623ed140419ed259b42,3.0,3.0,4.0,0.765625,,,,,3.0,2.0,3.0,0.26171875,2.0,2.0,3.0,0.49609375,0.65234375,"Retention is frequency under declared balanced sensitivity scenarios, not probability/confidence."
e63f730e4869ad9c6b81,1.0,1.0,2.0,0.5,,,,,2.0,1.0,3.0,0.32421875,1.0,1.0,2.0,0.41015625,0.1640625,"Retention is frequency under declared balanced sensitivity scenarios, not probability/confidence."
e654358848c521c2d7b3,3.0,2.0,3.0,0.390625,,,,,2.0,1.0,3.0,0.29296875,2.0,2.0,3.0,0.50390625,0.6484375,"Retention is frequency under declared balanced sensitivity scenarios, not probability/confidence."
e65b492fe28e1564be2e,4.0,3.0,4.0,0.30859375,3.0,2.0,3.0,0.5,3.0,2.0,4.0,0.33203125,3.0,2.0,3.0,0.51953125,0.66796875,"Retention is frequency under declared balanced sensitivity scenarios, not probability/confidence."
e667fce8add0b5b2b8e3,,,,,,,,,2.0,1.0,3.0,0.30859375,4.0,3.0,4.0,0.65234375,0.66796875,"Retention is frequency under declared balanced sensitivity scenarios, not probability/confidence."
e67e95e29ce06f3e1996,2.0,2.0,3.0,0.6328125,,,,,2.0,1.0,3.0,0.50390625,3.0,2.0,3.0,0.53125,0.01953125,"Retention is frequency under declared balanced sensitivity scenarios, not probability/confidence."
e684c796ecb2fcb1b7be,4.0,3.0,4.0,0.375,4.0,3.0,4.0,0.24609375,4.0,3.0,4.0,0.2421875,3.0,2.0,3.0,0.75390625,0.2734375,"Retention is frequency under declared balanced sensitivity scenarios, not probability/confidence."
e68ef5a02432179d182c,3.0,3.0,4.0,0.7734375,,,,,3.0,2.0,3.0,0.23828125,2.0,2.0,3.0,0.49609375,0.4296875,"Retention is frequency under declared balanced sensitivity scenarios, not probability/confidence."
e68f9811868312ba34be,3.0,2.0,3.0,0.390625,,,,,2.0,1.0,3.0,0.29296875,2.0,2.0,3.0,0.50390625,0.40625,"Retention is frequency under declared balanced sensitivity scenarios, not probability/confidence."
e69525a0f421515f33cf,3.0,3.0,4.0,0.765625,,,,,3.0,2.0,3.0,0.26171875,2.0,2.0,3.0,0.49609375,0.65234375,"Retention is frequency under declared balanced sensitivity scenarios, not probability/confidence."
e6ad219e81eaf3c7845d,2.0,1.0,2.0,0.5,,,,,3.0,2.0,3.0,0.22265625,1.0,1.0,2.0,0.43359375,0.3828125,"Retention is frequency under declared balanced sensitivity scenarios, not probability/confidence."
e6cdfc678eaa108a7f51,,,,,,,,,,,,,,,,,1.0,"Retention is frequency under declared balanced sensitivity scenarios, not probability/confidence."
e6d71ef0405b5cb4e08d,2.0,1.0,2.0,0.5,,,,,3.0,2.0,3.0,0.26171875,2.0,1.0,2.0,0.73046875,0.046875,"Retention is frequency under declared balanced sensitivity scenarios, not probability/confidence."
e6eed5da3d6f6304c215,1.0,1.0,2.0,0.5,,,,,2.0,1.0,3.0,0.33984375,1.0,1.0,2.0,0.390625,0.17578125,"Retention is frequency under declared balanced sensitivity scenarios, not probability/confidence."
e703ad5ee13a25879e1e,4.0,3.0,4.0,0.375,4.0,3.0,4.0,0.24609375,4.0,3.0,4.0,0.2421875,3.0,2.0,3.0,0.75390625,0.17578125,"Retention is frequency under declared balanced sensitivity scenarios, not probability/confidence."
e7054ce00f20504accaf,2.0,1.0,2.0,0.5,,,,,3.0,2.0,3.0,0.22265625,1.0,1.0,2.0,0.34375,0.265625,"Retention is frequency under declared balanced sensitivity scenarios, not probability/confidence."
e705a1cf474be56a8327,,,,,,,,,,,,,,,,,1.0,"Retention is frequency under declared balanced sensitivity scenarios, not probability/confidence."
e7133204104725adbca4,1.0,1.0,2.0,0.5,,,,,2.0,1.0,3.0,0.32421875,1.0,1.0,2.0,0.41015625,0.1640625,"Retention is frequency under declared balanced sensitivity scenarios, not probability/confidence."
e745f6cb43a92581b867,1.0,1.0,2.0,0.5,,,,,2.0,1.0,3.0,0.32421875,1.0,1.0,2.0,0.41015625,0.1640625,"Retention is frequency under declared balanced sensitivity scenarios, not probability/confidence."
e7636ebf44385f6a50b1,2.0,2.0,3.0,0.62890625,,,,,2.0,1.0,2.0,0.24609375,4.0,4.0,4.0,1.0,0.44921875,"Retention is frequency under declared balanced sensitivity scenarios, not probability/confidence."
e770ccc27377c5ff748d,2.0,2.0,3.0,0.62109375,,,,,3.0,2.0,3.0,0.23046875,2.0,2.0,3.0,0.51953125,0.01953125,"Retention is frequency under declared balanced sensitivity scenarios, not probability/confidence."
e77fea1a2e5160f07a0f,2.0,2.0,3.0,0.62109375,,,,,3.0,2.0,3.0,0.23046875,2.0,2.0,3.0,0.51953125,0.01953125,"Retention is frequency under declared balanced sensitivity scenarios, not probability/confidence."
e7893fe2f23d143ba979,4.0,3.0,4.0,0.265625,,,,,4.0,3.0,4.0,0.2421875,4.0,3.0,4.0,0.70703125,0.23828125,"Retention is frequency under declared balanced sensitivity scenarios, not probability/confidence."
e78c6ae12366e7ee5721,4.0,3.0,4.0,0.30859375,3.0,2.0,3.0,0.5,3.0,2.0,4.0,0.33203125,3.0,2.0,3.0,0.51953125,0.66796875,"Retention is frequency under declared balanced sensitivity scenarios, not probability/confidence."
e7c02410220be8c25341,2.0,2.0,3.0,0.62109375,,,,,3.0,2.0,3.0,0.23046875,2.0,2.0,3.0,0.51953125,0.0390625,"Retention is frequency under declared balanced sensitivity scenarios, not probability/confidence."
e7c27a0ed39db2c76726,,,,,,,,,,,,,,,,,1.0,"Retention is frequency under declared balanced sensitivity scenarios, not probability/confidence."
e7ceb32b8e688d782a0a,4.0,3.0,4.0,0.30859375,3.0,2.0,3.0,0.5,3.0,2.0,4.0,0.33203125,3.0,2.0,3.0,0.51953125,0.66796875,"Retention is frequency under declared balanced sensitivity scenarios, not probability/confidence."
e7dfb6ed0b6497d6dba4,2.0,2.0,3.0,0.62890625,,,,,2.0,1.0,2.0,0.24609375,4.0,4.0,4.0,1.0,0.44921875,"Retention is frequency under declared balanced sensitivity scenarios, not probability/confidence."
e7f49163d2b08316fc5b,4.0,3.0,4.0,0.375,4.0,3.0,4.0,0.24609375,4.0,3.0,4.0,0.2421875,3.0,2.0,3.0,0.75390625,0.17578125,"Retention is frequency under declared balanced sensitivity scenarios, not probability/confidence."
e80d1882f16749cfd683,1.0,1.0,2.0,0.5,,,,,2.0,1.0,3.0,0.33984375,1.0,1.0,2.0,0.390625,0.17578125,"Retention is frequency under declared balanced sensitivity scenarios, not probability/confidence."
e818e5d9bf9ebf7726b1,2.0,2.0,3.0,0.62109375,,,,,3.0,2.0,3.0,0.23046875,2.0,2.0,3.0,0.51953125,0.01953125,"Retention is frequency under declared balanced sensitivity scenarios, not probability/confidence."
e822752cfd131c80d375,,,,,,,,,,,,,,,,,1.0,"Retention is frequency under declared balanced sensitivity scenarios, not probability/confidence."
e83d7195b74c4a369a2a,1.0,1.0,2.0,0.5,,,,,2.0,1.0,3.0,0.33984375,1.0,1.0,2.0,0.390625,0.17578125,"Retention is frequency under declared balanced sensitivity scenarios, not probability/confidence."
e83e2f4141374b4f9791,2.0,1.0,2.0,0.5,,,,,3.0,2.0,3.0,0.26171875,2.0,1.0,2.0,0.73046875,0.046875,"Retention is frequency under declared balanced sensitivity scenarios, not probability/confidence."
e8417746a894c1959ca3,,,,,,,,,,,,,,,,,0.5,"Retention is frequency under declared balanced sensitivity scenarios, not probability/confidence."
e8459849398617e20763,3.0,2.0,3.0,0.390625,,,,,2.0,1.0,3.0,0.29296875,2.0,2.0,3.0,0.50390625,0.6484375,"Retention is frequency under declared balanced sensitivity scenarios, not probability/confidence."
e86bc47c93c0afe07e28,4.0,3.0,4.0,0.30859375,1.0,1.0,2.0,0.5,3.0,2.0,4.0,0.33203125,3.0,2.0,3.0,0.51953125,0.5078125,"Retention is frequency under declared balanced sensitivity scenarios, not probability/confidence."
e870621db445ac182a44,,,,,,,,,,,,,,,,,0.5,"Retention is frequency under declared balanced sensitivity scenarios, not probability/confidence."
e87a47a814dae3663abc,4.0,3.0,4.0,0.375,4.0,3.0,4.0,0.24609375,4.0,3.0,4.0,0.2421875,3.0,2.0,3.0,0.75390625,0.17578125,"Retention is frequency under declared balanced sensitivity scenarios, not probability/confidence."
e88c1bd8ed53e4246d2e,,,,,,,,,2.0,1.0,3.0,0.30859375,4.0,3.0,4.0,0.65234375,0.6640625,"Retention is frequency under declared balanced sensitivity scenarios, not probability/confidence."
e8c7e00893a79e77fd4e,,,,,,,,,,,,,,,,,1.0,"Retention is frequency under declared balanced sensitivity scenarios, not probability/confidence."
e8d7fc615ae3ffcafedc,2.0,2.0,3.0,0.62109375,,,,,3.0,2.0,3.0,0.23046875,2.0,2.0,3.0,0.51953125,0.01953125,"Retention is frequency under declared balanced sensitivity scenarios, not probability/confidence."
e91183a14f35f0a50127,,,,,,,,,2.0,1.0,3.0,0.30859375,4.0,3.0,4.0,0.65234375,0.6640625,"Retention is frequency under declared balanced sensitivity scenarios, not probability/confidence."
e9133a24345daa141cee,,,,,,,,,,,,,,,,,0.4921875,"Retention is frequency under declared balanced sensitivity scenarios, not probability/confidence."
e928827d5cf7dbd7e129,2.0,2.0,3.0,0.62890625,,,,,2.0,1.0,2.0,0.24609375,4.0,4.0,4.0,1.0,0.44140625,"Retention is frequency under declared balanced sensitivity scenarios, not probability/confidence."
e93a75f13dcfbb96fe16,4.0,3.0,4.0,0.35546875,,,,,4.0,3.0,4.0,0.2421875,4.0,3.0,4.0,0.70703125,0.6640625,"Retention is frequency under declared balanced sensitivity scenarios, not probability/confidence."
e95035f1c31f43675cba,3.0,3.0,4.0,0.7734375,,,,,3.0,2.0,3.0,0.23828125,2.0,2.0,3.0,0.49609375,0.625,"Retention is frequency under declared balanced sensitivity scenarios, not probability/confidence."
e98d3f1986abd8f5ed29,4.0,3.0,4.0,0.296875,,,,,4.0,3.0,4.0,0.2421875,4.0,3.0,4.0,0.70703125,0.50390625,"Retention is frequency under declared balanced sensitivity scenarios, not probability/confidence."
e9b61fa75ab258b558a9,4.0,3.0,4.0,0.30859375,1.0,1.0,2.0,0.5,3.0,2.0,4.0,0.33203125,3.0,2.0,3.0,0.51953125,0.75390625,"Retention is frequency under declared balanced sensitivity scenarios, not probability/confidence."
e9dcaa6fd1a87c659ca8,4.0,3.0,4.0,0.35546875,,,,,4.0,3.0,4.0,0.2421875,4.0,3.0,4.0,0.70703125,0.6640625,"Retention is frequency under declared balanced sensitivity scenarios, not probability/confidence."
e9ddf8178fe8194990df,4.0,3.0,4.0,0.5,,,,,4.0,3.0,4.0,0.5,4.0,3.0,4.0,0.70703125,0.6640625,"Retention is frequency under declared balanced sensitivity scenarios, not probability/confidence."
e9de3502f864d320638f,,,,,,,,,2.0,1.0,3.0,0.30859375,4.0,3.0,4.0,0.65234375,0.6640625,"Retention is frequency under declared balanced sensitivity scenarios, not probability/confidence."
ea07dc55fbc7b59c712f,4.0,3.0,4.0,0.375,4.0,3.0,4.0,0.23828125,4.0,3.0,4.0,0.2421875,3.0,2.0,3.0,0.75390625,0.27734375,"Retention is frequency under declared balanced sensitivity scenarios, not probability/confidence."
ea18a9ea2654e50e43d7,4.0,3.0,4.0,0.30859375,3.0,2.0,3.0,0.5,3.0,2.0,4.0,0.33203125,3.0,2.0,3.0,0.51953125,0.66796875,"Retention is frequency under declared balanced sensitivity scenarios, not probability/confidence."
ea79172bb09b86a0dfb1,3.0,2.0,3.0,0.390625,,,,,2.0,1.0,3.0,0.29296875,2.0,2.0,3.0,0.50390625,0.40625,"Retention is frequency under declared balanced sensitivity scenarios, not probability/confidence."
ea8f0bc861f57e83f23c,,,,,,,,,,,,,,,,,1.0,"Retention is frequency under declared balanced sensitivity scenarios, not probability/confidence."
eaa3016cff40dc900407,4.0,3.0,4.0,0.375,1.0,1.0,2.0,0.2578125,4.0,3.0,4.0,0.52734375,3.0,2.0,3.0,0.75390625,0.47265625,"Retention is frequency under declared balanced sensitivity scenarios, not probability/confidence."
eab28431432eb6a04f6e,4.0,3.0,4.0,0.30859375,1.0,1.0,2.0,0.5,3.0,2.0,4.0,0.33203125,3.0,2.0,3.0,0.51953125,0.41796875,"Retention is frequency under declared balanced sensitivity scenarios, not probability/confidence."
eab9b0c8a16b6a0ae3d9,4.0,3.0,4.0,0.35546875,,,,,4.0,3.0,4.0,0.2421875,4.0,3.0,4.0,0.70703125,0.6640625,"Retention is frequency under declared balanced sensitivity scenarios, not probability/confidence."
eabfb72b9b78c0bf37b3,3.0,3.0,4.0,0.765625,,,,,3.0,2.0,3.0,0.26171875,2.0,2.0,3.0,0.49609375,0.65234375,"Retention is frequency under declared balanced sensitivity scenarios, not probability/confidence."
eac168a409b4f9ceb693,4.0,3.0,4.0,0.35546875,,,,,4.0,3.0,4.0,0.2421875,4.0,3.0,4.0,0.70703125,0.6640625,"Retention is frequency under declared balanced sensitivity scenarios, not probability/confidence."
eacc0ac3f5a7486791b9,4.0,3.0,4.0,0.30859375,1.0,1.0,2.0,0.5,3.0,2.0,4.0,0.33203125,3.0,2.0,3.0,0.51953125,0.75390625,"Retention is frequency under declared balanced sensitivity scenarios, not probability/confidence."
eadc0fb4a51e742c9d5e,,,,,,,,,2.0,1.0,3.0,0.30859375,4.0,3.0,4.0,0.65234375,0.66796875,"Retention is frequency under declared balanced sensitivity scenarios, not probability/confidence."
eaedacd7181331fae9b0,4.0,3.0,4.0,0.375,4.0,3.0,4.0,0.24609375,4.0,3.0,4.0,0.2421875,3.0,2.0,3.0,0.75390625,0.2421875,"Retention is frequency under declared balanced sensitivity scenarios, not probability/confidence."
eafadfcc405c3fe38adf,,,,,,,,,,,,,,,,,1.0,"Retention is frequency under declared balanced sensitivity scenarios, not probability/confidence."
eb09b69e2313883a11c8,,,,,,,,,,,,,,,,,0.4921875,"Retention is frequency under declared balanced sensitivity scenarios, not probability/confidence."
eb0d4dfe39d46ba6dada,,,,,,,,,,,,,,,,,1.0,"Retention is frequency under declared balanced sensitivity scenarios, not probability/confidence."
eb0dc5f0f78ceadfc40a,2.0,2.0,3.0,0.6328125,,,,,2.0,1.0,3.0,0.50390625,3.0,2.0,3.0,0.53125,0.01953125,"Retention is frequency under declared balanced sensitivity scenarios, not probability/confidence."
eb0f71335d2100058a87,2.0,1.0,2.0,0.5,,,,,3.0,2.0,3.0,0.26171875,2.0,1.0,2.0,0.73046875,0.046875,"Retention is frequency under declared balanced sensitivity scenarios, not probability/confidence."
eb2a971f338a977b72b9,,,,,,,,,,,,,,,,,1.0,"Retention is frequency under declared balanced sensitivity scenarios, not probability/confidence."
eb42bdfd24049f8e6bc5,4.0,3.0,4.0,0.35546875,,,,,4.0,3.0,4.0,0.2421875,4.0,3.0,4.0,0.70703125,0.66796875,"Retention is frequency under declared balanced sensitivity scenarios, not probability/confidence."
eb67e12d114572ce4a0c,1.0,1.0,2.0,0.5,,,,,2.0,1.0,3.0,0.33984375,1.0,1.0,2.0,0.390625,0.17578125,"Retention is frequency under declared balanced sensitivity scenarios, not probability/confidence."
eb8666d33d9c266ef2ae,1.0,1.0,2.0,0.5,,,,,2.0,1.0,3.0,0.33984375,1.0,1.0,2.0,0.390625,0.17578125,"Retention is frequency under declared balanced sensitivity scenarios, not probability/confidence."
eb95a3d623edc478cc43,1.0,1.0,2.0,0.5,,,,,2.0,1.0,3.0,0.32421875,1.0,1.0,2.0,0.41015625,0.1640625,"Retention is frequency under declared balanced sensitivity scenarios, not probability/confidence."
eba00d9f0cbab3bf204b,4.0,3.0,4.0,0.30859375,3.0,2.0,3.0,0.5,3.0,2.0,4.0,0.33203125,3.0,2.0,3.0,0.51953125,0.43359375,"Retention is frequency under declared balanced sensitivity scenarios, not probability/confidence."
eba71955caf347821fe8,1.0,1.0,2.0,0.5,,,,,2.0,1.0,3.0,0.32421875,1.0,1.0,2.0,0.41015625,0.08203125,"Retention is frequency under declared balanced sensitivity scenarios, not probability/confidence."
ebaec908e3f34cf7c495,3.0,3.0,4.0,0.765625,,,,,3.0,2.0,3.0,0.26171875,2.0,2.0,3.0,0.49609375,0.4140625,"Retention is frequency under declared balanced sensitivity scenarios, not probability/confidence."
ebc0696685d3242d0314,1.0,1.0,2.0,0.5,,,,,2.0,1.0,3.0,0.33984375,1.0,1.0,2.0,0.390625,0.17578125,"Retention is frequency under declared balanced sensitivity scenarios, not probability/confidence."
ec0ee24b7c6988bc91b2,4.0,3.0,4.0,0.30859375,3.0,2.0,3.0,0.5,3.0,2.0,4.0,0.33203125,3.0,2.0,3.0,0.51953125,0.43359375,"Retention is frequency under declared balanced sensitivity scenarios, not probability/confidence."
ec197710ece890318b5c,3.0,2.0,3.0,0.390625,,,,,2.0,1.0,3.0,0.29296875,2.0,2.0,3.0,0.50390625,0.6484375,"Retention is frequency under declared balanced sensitivity scenarios, not probability/confidence."
ec2748b7a0d7f4904bb0,4.0,3.0,4.0,0.265625,,,,,4.0,3.0,4.0,0.2421875,4.0,3.0,4.0,0.70703125,0.23828125,"Retention is frequency under declared balanced sensitivity scenarios, not probability/confidence."
ec290773a31d6dc5bac9,,,,,,,,,,,,,,,,,1.0,"Retention is frequency under declared balanced sensitivity scenarios, not probability/confidence."
ec2cc6bc3f766e5bf14c,4.0,3.0,4.0,0.35546875,,,,,4.0,3.0,4.0,0.2421875,4.0,3.0,4.0,0.70703125,0.6640625,"Retention is frequency under declared balanced sensitivity scenarios, not probability/confidence."
ec325d00d81d9cc35591,2.0,2.0,3.0,0.6328125,,,,,2.0,1.0,3.0,0.50390625,3.0,2.0,3.0,0.53125,0.01953125,"Retention is frequency under declared balanced sensitivity scenarios, not probability/confidence."
ec3539797d1c2bae45c0,2.0,2.0,3.0,0.6328125,,,,,2.0,1.0,3.0,0.50390625,3.0,2.0,3.0,0.53125,0.01953125,"Retention is frequency under declared balanced sensitivity scenarios, not probability/confidence."
ec38a2029952323301d4,,,,,,,,,,,,,,,,,1.0,"Retention is frequency under declared balanced sensitivity scenarios, not probability/confidence."
ec3a0e290c6755c7f0fc,4.0,3.0,4.0,0.30859375,3.0,2.0,3.0,0.5,3.0,2.0,4.0,0.33203125,3.0,2.0,3.0,0.51953125,0.66796875,"Retention is frequency under declared balanced sensitivity scenarios, not probability/confidence."
ec5154d0f52853c442c3,2.0,1.0,2.0,0.5,,,,,3.0,2.0,3.0,0.26171875,2.0,1.0,2.0,0.73046875,0.046875,"Retention is frequency under declared balanced sensitivity scenarios, not probability/confidence."
ec61f8a3ec3c8fcad542,2.0,2.0,3.0,0.6328125,,,,,2.0,1.0,3.0,0.50390625,3.0,2.0,3.0,0.53125,0.01953125,"Retention is frequency under declared balanced sensitivity scenarios, not probability/confidence."
ec7c70403bcd612dab17,,,,,,,,,,,,,,,,,1.0,"Retention is frequency under declared balanced sensitivity scenarios, not probability/confidence."
ec7effcc6655f8e06643,,,,,,,,,2.0,1.0,3.0,0.30859375,4.0,3.0,4.0,0.65234375,0.66796875,"Retention is frequency under declared balanced sensitivity scenarios, not probability/confidence."
ec91b0be21c6e0323740,4.0,3.0,4.0,0.35546875,,,,,4.0,3.0,4.0,0.2421875,4.0,3.0,4.0,0.70703125,0.66796875,"Retention is frequency under declared balanced sensitivity scenarios, not probability/confidence."
eca527faa3d70f356432,2.0,1.0,2.0,0.5,,,,,3.0,2.0,3.0,0.26171875,2.0,1.0,2.0,0.73046875,0.1640625,"Retention is frequency under declared balanced sensitivity scenarios, not probability/confidence."
ecb857c3a484091b38a9,4.0,3.0,4.0,0.265625,,,,,4.0,3.0,4.0,0.2421875,4.0,3.0,4.0,0.70703125,0.23828125,"Retention is frequency under declared balanced sensitivity scenarios, not probability/confidence."
ecd46ed4101d5c83ab7d,4.0,3.0,4.0,0.30859375,3.0,2.0,3.0,0.5,3.0,2.0,4.0,0.33203125,3.0,2.0,3.0,0.51953125,0.66796875,"Retention is frequency under declared balanced sensitivity scenarios, not probability/confidence."
ece3ca684c574bc69cfc,1.0,1.0,2.0,0.5,,,,,2.0,1.0,3.0,0.33984375,1.0,1.0,2.0,0.390625,0.17578125,"Retention is frequency under declared balanced sensitivity scenarios, not probability/confidence."
ecf0efbb51cde788dc8e,3.0,2.0,3.0,0.390625,,,,,2.0,1.0,3.0,0.29296875,2.0,2.0,3.0,0.50390625,0.40625,"Retention is frequency under declared balanced sensitivity scenarios, not probability/confidence."
ed06c53214f00b1abfce,4.0,3.0,4.0,0.30859375,3.0,2.0,3.0,0.5,3.0,2.0,4.0,0.33203125,3.0,2.0,3.0,0.51953125,0.66796875,"Retention is frequency under declared balanced sensitivity scenarios, not probability/confidence."
ed0e43b7a17a5ca424a4,2.0,2.0,3.0,0.62890625,,,,,2.0,1.0,2.0,0.24609375,4.0,4.0,4.0,1.0,0.44921875,"Retention is frequency under declared balanced sensitivity scenarios, not probability/confidence."
ed25ae73477606f03ee8,4.0,3.0,4.0,0.35546875,,,,,4.0,3.0,4.0,0.2421875,4.0,3.0,4.0,0.70703125,0.6640625,"Retention is frequency under declared balanced sensitivity scenarios, not probability/confidence."
ed2e11fe2f703c4dcaf7,2.0,2.0,3.0,0.62109375,,,,,3.0,2.0,3.0,0.23046875,2.0,2.0,3.0,0.51953125,0.0390625,"Retention is frequency under declared balanced sensitivity scenarios, not probability/confidence."
ed36e9bdecaed972fb8d,,,,,,,,,2.0,1.0,3.0,0.30859375,4.0,3.0,4.0,0.65234375,0.66796875,"Retention is frequency under declared balanced sensitivity scenarios, not probability/confidence."
ed46b248507b178b2f1a,4.0,3.0,4.0,0.375,4.0,3.0,4.0,0.24609375,4.0,3.0,4.0,0.2421875,3.0,2.0,3.0,0.75390625,0.34375,"Retention is frequency under declared balanced sensitivity scenarios, not probability/confidence."
ed603b13716c450137eb,4.0,3.0,4.0,0.35546875,,,,,4.0,3.0,4.0,0.2421875,4.0,3.0,4.0,0.70703125,0.6640625,"Retention is frequency under declared balanced sensitivity scenarios, not probability/confidence."
ed643d7913b55a9ac6eb,4.0,3.0,4.0,0.375,4.0,3.0,4.0,0.24609375,4.0,3.0,4.0,0.2421875,3.0,2.0,3.0,0.75390625,0.2421875,"Retention is frequency under declared balanced sensitivity scenarios, not probability/confidence."
ed7178026432a858d1f0,,,,,,,,,2.0,1.0,3.0,0.30859375,4.0,3.0,4.0,0.65234375,0.66796875,"Retention is frequency under declared balanced sensitivity scenarios, not probability/confidence."
ed7831301ddb759ac1c7,4.0,3.0,4.0,0.35546875,,,,,4.0,3.0,4.0,0.2421875,4.0,3.0,4.0,0.70703125,0.66796875,"Retention is frequency under declared balanced sensitivity scenarios, not probability/confidence."
ed9358f20e0e378b9429,,,,,,,,,,,,,,,,,1.0,"Retention is frequency under declared balanced sensitivity scenarios, not probability/confidence."
ed994457b9b76ceb1a23,2.0,1.0,2.0,0.5,,,,,3.0,2.0,3.0,0.22265625,1.0,1.0,2.0,0.43359375,0.3828125,"Retention is frequency under declared balanced sensitivity scenarios, not probability/confidence."
edbaeb0270536a9415bb,3.0,2.0,3.0,0.390625,,,,,2.0,1.0,3.0,0.29296875,2.0,2.0,3.0,0.50390625,0.40625,"Retention is frequency under declared balanced sensitivity scenarios, not probability/confidence."
edceec106bcf628a70f0,3.0,2.0,3.0,0.390625,,,,,2.0,1.0,3.0,0.29296875,2.0,2.0,3.0,0.50390625,0.6484375,"Retention is frequency under declared balanced sensitivity scenarios, not probability/confidence."
edcfca5b0c2c1639c996,2.0,1.0,2.0,0.5,,,,,3.0,2.0,3.0,0.26171875,2.0,1.0,2.0,0.73046875,0.046875,"Retention is frequency under declared balanced sensitivity scenarios, not probability/confidence."
edd701320f0ed8ed8366,,,,,,,,,,,,,,,,,1.0,"Retention is frequency under declared balanced sensitivity scenarios, not probability/confidence."
edda74e671c2b4d31889,1.0,1.0,2.0,0.5,,,,,2.0,1.0,3.0,0.33984375,1.0,1.0,2.0,0.390625,0.17578125,"Retention is frequency under declared balanced sensitivity scenarios, not probability/confidence."
ede9f7f68875f2facb68,3.0,3.0,4.0,0.765625,,,,,3.0,2.0,3.0,0.26171875,2.0,2.0,3.0,0.49609375,0.65234375,"Retention is frequency under declared balanced sensitivity scenarios, not probability/confidence."
ee093b3c0632e9544979,3.0,3.0,4.0,0.7734375,,,,,3.0,2.0,3.0,0.23828125,2.0,2.0,3.0,0.49609375,0.4296875,"Retention is frequency under declared balanced sensitivity scenarios, not probability/confidence."
ee0cb526c6101fbe17dc,,,,,,,,,,,,,,,,,1.0,"Retention is frequency under declared balanced sensitivity scenarios, not probability/confidence."
ee14b565c398b10d8dc1,4.0,3.0,4.0,0.375,4.0,3.0,4.0,0.23828125,4.0,3.0,4.0,0.2421875,3.0,2.0,3.0,0.75390625,0.2109375,"Retention is frequency under declared balanced sensitivity scenarios, not probability/confidence."
ee2e9fd8cb3b2854dbb2,,,,,,,,,,,,,,,,,0.34765625,"Retention is frequency under declared balanced sensitivity scenarios, not probability/confidence."
ee300e18dbc33ec71f2a,3.0,2.0,3.0,0.390625,,,,,2.0,1.0,3.0,0.29296875,2.0,2.0,3.0,0.50390625,0.6484375,"Retention is frequency under declared balanced sensitivity scenarios, not probability/confidence."
ee44c5aac7136b9b66ae,2.0,1.0,2.0,0.5,,,,,3.0,2.0,3.0,0.22265625,1.0,1.0,2.0,0.43359375,0.3828125,"Retention is frequency under declared balanced sensitivity scenarios, not probability/confidence."
ee62c3b082c65e7be9ad,2.0,2.0,3.0,0.62890625,,,,,2.0,1.0,2.0,0.24609375,4.0,4.0,4.0,1.0,0.44140625,"Retention is frequency under declared balanced sensitivity scenarios, not probability/confidence."
ee854bc59d6794da1a9c,1.0,1.0,2.0,0.5,,,,,2.0,1.0,3.0,0.33984375,1.0,1.0,2.0,0.390625,0.17578125,"Retention is frequency under declared balanced sensitivity scenarios, not probability/confidence."
ee94402edccd84871b33,1.0,1.0,2.0,0.5,,,,,2.0,1.0,3.0,0.33984375,1.0,1.0,2.0,0.390625,0.07421875,"Retention is frequency under declared balanced sensitivity scenarios, not probability/confidence."
ee97bc2d12e60db18858,2.0,2.0,3.0,0.6328125,,,,,2.0,1.0,3.0,0.50390625,3.0,2.0,3.0,0.53125,0.01953125,"Retention is frequency under declared balanced sensitivity scenarios, not probability/confidence."
ee99a79e8531579822ff,3.0,3.0,4.0,0.7734375,,,,,3.0,2.0,3.0,0.23828125,2.0,2.0,3.0,0.49609375,0.4296875,"Retention is frequency under declared balanced sensitivity scenarios, not probability/confidence."
ee9c8b25a06fac9aaaa8,2.0,1.0,2.0,0.5,,,,,3.0,2.0,3.0,0.26171875,2.0,1.0,2.0,0.73046875,0.1640625,"Retention is frequency under declared balanced sensitivity scenarios, not probability/confidence."
eea91fc21a740c8dd0ee,2.0,2.0,3.0,0.6328125,,,,,2.0,1.0,3.0,0.50390625,3.0,2.0,3.0,0.53125,0.01953125,"Retention is frequency under declared balanced sensitivity scenarios, not probability/confidence."
eeb1526788cee2bb6d70,4.0,3.0,4.0,0.35546875,,,,,4.0,3.0,4.0,0.2421875,4.0,3.0,4.0,0.70703125,0.6640625,"Retention is frequency under declared balanced sensitivity scenarios, not probability/confidence."
ef0d4fc150618f69779b,3.0,2.0,3.0,0.390625,,,,,2.0,1.0,3.0,0.29296875,2.0,2.0,3.0,0.50390625,0.6484375,"Retention is frequency under declared balanced sensitivity scenarios, not probability/confidence."
ef2c93e41d6f94027235,2.0,2.0,3.0,0.62890625,,,,,2.0,1.0,2.0,0.24609375,4.0,4.0,4.0,1.0,0.44921875,"Retention is frequency under declared balanced sensitivity scenarios, not probability/confidence."
ef47e898137de4fd0272,,,,,,,,,,,,,,,,,0.4921875,"Retention is frequency under declared balanced sensitivity scenarios, not probability/confidence."
ef53dc9d8afb0b9b2002,,,,,,,,,,,,,,,,,1.0,"Retention is frequency under declared balanced sensitivity scenarios, not probability/confidence."
ef59ff614ba55dcc775c,1.0,1.0,2.0,0.5,,,,,2.0,1.0,3.0,0.32421875,1.0,1.0,2.0,0.41015625,0.08203125,"Retention is frequency under declared balanced sensitivity scenarios, not probability/confidence."
ef6828d5f2ecf6a6450c,,,,,,,,,,,,,,,,,1.0,"Retention is frequency under declared balanced sensitivity scenarios, not probability/confidence."
efa472a84810c5ada2ca,,,,,,,,,,,,,,,,,1.0,"Retention is frequency under declared balanced sensitivity scenarios, not probability/confidence."
efc30816d73cd2830262,1.0,1.0,2.0,0.5,,,,,2.0,1.0,3.0,0.33984375,1.0,1.0,2.0,0.390625,0.07421875,"Retention is frequency under declared balanced sensitivity scenarios, not probability/confidence."
efcb48b124947dcd29de,,,,,,,,,,,,,,,,,1.0,"Retention is frequency under declared balanced sensitivity scenarios, not probability/confidence."
efebcac8154d9a0d1ded,1.0,1.0,2.0,0.5,,,,,2.0,1.0,3.0,0.33984375,1.0,1.0,2.0,0.390625,0.17578125,"Retention is frequency under declared balanced sensitivity scenarios, not probability/confidence."
eff6dcb7a5fa9053dc42,4.0,3.0,4.0,0.25390625,,,,,4.0,3.0,4.0,0.2421875,4.0,3.0,4.0,0.70703125,0.3359375,"Retention is frequency under declared balanced sensitivity scenarios, not probability/confidence."
f00e08a53bd80e9edc93,2.0,2.0,3.0,0.62890625,,,,,2.0,1.0,2.0,0.24609375,4.0,4.0,4.0,1.0,0.44140625,"Retention is frequency under declared balanced sensitivity scenarios, not probability/confidence."
f015f70dfb17c7ab67e2,,,,,,,,,,,,,,,,,0.34765625,"Retention is frequency under declared balanced sensitivity scenarios, not probability/confidence."
f0317e95bb179731a25a,3.0,3.0,4.0,0.7734375,,,,,3.0,2.0,3.0,0.23828125,2.0,2.0,3.0,0.49609375,0.625,"Retention is frequency under declared balanced sensitivity scenarios, not probability/confidence."
f041210531fb89653861,2.0,2.0,3.0,0.62109375,,,,,3.0,2.0,3.0,0.23046875,2.0,2.0,3.0,0.51953125,0.0390625,"Retention is frequency under declared balanced sensitivity scenarios, not probability/confidence."
f048e949fbdc4c0669fe,,,,,,,,,,,,,,,,,0.4921875,"Retention is frequency under declared balanced sensitivity scenarios, not probability/confidence."
f08fc7c13f6736a87768,1.0,1.0,2.0,0.5,,,,,2.0,1.0,3.0,0.32421875,1.0,1.0,2.0,0.41015625,0.1640625,"Retention is frequency under declared balanced sensitivity scenarios, not probability/confidence."
f0902b6c27a2fd50e766,1.0,1.0,2.0,0.5,,,,,2.0,1.0,3.0,0.33984375,1.0,1.0,2.0,0.390625,0.17578125,"Retention is frequency under declared balanced sensitivity scenarios, not probability/confidence."
f0a9dfa9247a16861e3f,4.0,3.0,4.0,0.30859375,3.0,2.0,3.0,0.5,3.0,2.0,4.0,0.33203125,3.0,2.0,3.0,0.51953125,0.66796875,"Retention is frequency under declared balanced sensitivity scenarios, not probability/confidence."
f0bd19dce95234459c43,,,,,,,,,,,,,,,,,1.0,"Retention is frequency under declared balanced sensitivity scenarios, not probability/confidence."
f0d8e5fe9bc94cc628a6,3.0,3.0,4.0,0.765625,,,,,3.0,2.0,3.0,0.26171875,2.0,2.0,3.0,0.49609375,0.65234375,"Retention is frequency under declared balanced sensitivity scenarios, not probability/confidence."
f0da41ce2670a4004efc,1.0,1.0,2.0,0.5,,,,,2.0,1.0,3.0,0.32421875,1.0,1.0,2.0,0.41015625,0.1640625,"Retention is frequency under declared balanced sensitivity scenarios, not probability/confidence."
f0ef07e46c7d8eaeb888,4.0,3.0,4.0,0.35546875,,,,,4.0,3.0,4.0,0.2421875,4.0,3.0,4.0,0.70703125,0.66796875,"Retention is frequency under declared balanced sensitivity scenarios, not probability/confidence."
f0efa718948dc8e6a92d,,,,,,,,,2.0,1.0,3.0,0.30859375,4.0,3.0,4.0,0.65234375,0.66796875,"Retention is frequency under declared balanced sensitivity scenarios, not probability/confidence."
f104f4ce72d53494937c,4.0,3.0,4.0,0.35546875,,,,,4.0,3.0,4.0,0.2421875,4.0,3.0,4.0,0.70703125,0.66796875,"Retention is frequency under declared balanced sensitivity scenarios, not probability/confidence."
f11414a9baa28668afc0,2.0,2.0,3.0,0.62109375,,,,,3.0,2.0,3.0,0.23046875,2.0,2.0,3.0,0.51953125,0.01953125,"Retention is frequency under declared balanced sensitivity scenarios, not probability/confidence."
f119d55a70dc8921726e,3.0,3.0,4.0,0.765625,,,,,3.0,2.0,3.0,0.26171875,2.0,2.0,3.0,0.49609375,0.65234375,"Retention is frequency under declared balanced sensitivity scenarios, not probability/confidence."
f12240486a93b1a34102,1.0,1.0,2.0,0.5,,,,,2.0,1.0,3.0,0.33984375,1.0,1.0,2.0,0.390625,0.17578125,"Retention is frequency under declared balanced sensitivity scenarios, not probability/confidence."
f144513c2253286f8442,4.0,3.0,4.0,0.35546875,,,,,4.0,3.0,4.0,0.2421875,4.0,3.0,4.0,0.70703125,0.66796875,"Retention is frequency under declared balanced sensitivity scenarios, not probability/confidence."
f14c299f0ee129bf21b8,4.0,3.0,4.0,0.30859375,1.0,1.0,2.0,0.5,3.0,2.0,4.0,0.33203125,3.0,2.0,3.0,0.51953125,0.75390625,"Retention is frequency under declared balanced sensitivity scenarios, not probability/confidence."
f17832ba269748ce37e7,2.0,2.0,3.0,0.62109375,,,,,3.0,2.0,3.0,0.23046875,2.0,2.0,3.0,0.51953125,0.0390625,"Retention is frequency under declared balanced sensitivity scenarios, not probability/confidence."
f1887c7720825794d4c6,,,,,,,,,,,,,,,,,1.0,"Retention is frequency under declared balanced sensitivity scenarios, not probability/confidence."
f1971f190bdcbc17190e,4.0,3.0,4.0,0.30859375,3.0,2.0,3.0,0.5,3.0,2.0,4.0,0.33203125,3.0,2.0,3.0,0.51953125,0.66796875,"Retention is frequency under declared balanced sensitivity scenarios, not probability/confidence."
f1977f55dbae7712c047,4.0,3.0,4.0,0.35546875,,,,,4.0,3.0,4.0,0.2421875,4.0,3.0,4.0,0.70703125,0.66796875,"Retention is frequency under declared balanced sensitivity scenarios, not probability/confidence."
f19881719abdde1f2c30,3.0,3.0,4.0,0.765625,,,,,3.0,2.0,3.0,0.26171875,2.0,2.0,3.0,0.49609375,0.65234375,"Retention is frequency under declared balanced sensitivity scenarios, not probability/confidence."
f1a9e5939d02f9fd48ef,2.0,1.0,2.0,0.5,,,,,3.0,2.0,3.0,0.22265625,1.0,1.0,2.0,0.35546875,0.35546875,"Retention is frequency under declared balanced sensitivity scenarios, not probability/confidence."
f1e063dfb891b96aa2fa,2.0,2.0,3.0,0.62109375,,,,,3.0,2.0,3.0,0.23046875,2.0,2.0,3.0,0.51953125,0.01953125,"Retention is frequency under declared balanced sensitivity scenarios, not probability/confidence."
f1f071ac9766a8e71b08,,,,,,,,,,,,,,,,,0.4921875,"Retention is frequency under declared balanced sensitivity scenarios, not probability/confidence."
f1f489123574309958ef,4.0,3.0,4.0,0.296875,,,,,4.0,3.0,4.0,0.2421875,4.0,3.0,4.0,0.70703125,0.50390625,"Retention is frequency under declared balanced sensitivity scenarios, not probability/confidence."
f20c5ab60354df456c68,,,,,,,,,,,,,,,,,0.4921875,"Retention is frequency under declared balanced sensitivity scenarios, not probability/confidence."
f2365a3dd71e83c32904,3.0,3.0,4.0,0.765625,,,,,3.0,2.0,3.0,0.26171875,2.0,2.0,3.0,0.49609375,0.65234375,"Retention is frequency under declared balanced sensitivity scenarios, not probability/confidence."
f2456f9773b5ab938ee8,3.0,3.0,4.0,0.765625,,,,,3.0,2.0,3.0,0.26171875,2.0,2.0,3.0,0.49609375,0.65234375,"Retention is frequency under declared balanced sensitivity scenarios, not probability/confidence."
f25348391170252676e8,4.0,3.0,4.0,0.375,4.0,3.0,4.0,0.24609375,4.0,3.0,4.0,0.2421875,3.0,2.0,3.0,0.75390625,0.2421875,"Retention is frequency under declared balanced sensitivity scenarios, not probability/confidence."
f25756ea52caf06a8983,2.0,2.0,3.0,0.6328125,,,,,2.0,1.0,3.0,0.50390625,3.0,2.0,3.0,0.53125,0.01953125,"Retention is frequency under declared balanced sensitivity scenarios, not probability/confidence."
f26426ce96211e1f6e27,2.0,2.0,3.0,0.6328125,,,,,2.0,1.0,3.0,0.50390625,3.0,2.0,3.0,0.53125,0.01953125,"Retention is frequency under declared balanced sensitivity scenarios, not probability/confidence."
f27e463035d84e44fbd4,,,,,,,,,2.0,1.0,3.0,0.30859375,4.0,3.0,4.0,0.65234375,0.66796875,"Retention is frequency under declared balanced sensitivity scenarios, not probability/confidence."
f287a8a1cf45baa011f2,4.0,3.0,4.0,0.30859375,3.0,2.0,3.0,0.5,3.0,2.0,4.0,0.33203125,3.0,2.0,3.0,0.51953125,0.66796875,"Retention is frequency under declared balanced sensitivity scenarios, not probability/confidence."
f2ccd930fb9fa7c07693,2.0,2.0,3.0,0.62109375,,,,,3.0,2.0,3.0,0.23046875,2.0,2.0,3.0,0.51953125,0.0390625,"Retention is frequency under declared balanced sensitivity scenarios, not probability/confidence."
f2df0bdd68a696a18f54,3.0,3.0,4.0,0.7734375,,,,,3.0,2.0,3.0,0.23828125,2.0,2.0,3.0,0.49609375,0.625,"Retention is frequency under declared balanced sensitivity scenarios, not probability/confidence."
f2e4a25ca90e2a8306a8,3.0,2.0,3.0,0.390625,,,,,2.0,1.0,3.0,0.29296875,2.0,2.0,3.0,0.50390625,0.6484375,"Retention is frequency under declared balanced sensitivity scenarios, not probability/confidence."
f2f44d00b94f1c1f6b8a,4.0,3.0,4.0,0.30859375,3.0,2.0,3.0,0.5,3.0,2.0,4.0,0.33203125,3.0,2.0,3.0,0.51953125,0.66796875,"Retention is frequency under declared balanced sensitivity scenarios, not probability/confidence."
f2fa7ea169707ad995cc,1.0,1.0,2.0,0.5,,,,,2.0,1.0,3.0,0.33984375,1.0,1.0,2.0,0.390625,0.17578125,"Retention is frequency under declared balanced sensitivity scenarios, not probability/confidence."
f324622ab229450f80fa,1.0,1.0,2.0,0.5,,,,,2.0,1.0,3.0,0.33984375,1.0,1.0,2.0,0.390625,0.17578125,"Retention is frequency under declared balanced sensitivity scenarios, not probability/confidence."
f32e2ad9d1ebae47bb5a,3.0,2.0,3.0,0.390625,,,,,2.0,1.0,3.0,0.29296875,2.0,2.0,3.0,0.50390625,0.6484375,"Retention is frequency under declared balanced sensitivity scenarios, not probability/confidence."
f33771f4fd662fcec0f5,2.0,2.0,3.0,0.6328125,,,,,2.0,1.0,3.0,0.50390625,3.0,2.0,3.0,0.53125,0.01953125,"Retention is frequency under declared balanced sensitivity scenarios, not probability/confidence."
f33addb7a970d4457e71,,,,,,,,,2.0,1.0,3.0,0.30859375,4.0,3.0,4.0,0.65234375,0.66796875,"Retention is frequency under declared balanced sensitivity scenarios, not probability/confidence."
f350336b1eb80d1e5cec,2.0,2.0,3.0,0.62109375,,,,,3.0,2.0,3.0,0.23046875,2.0,2.0,3.0,0.51953125,0.0390625,"Retention is frequency under declared balanced sensitivity scenarios, not probability/confidence."
f352940cf6076d840e35,2.0,1.0,2.0,0.5,,,,,3.0,2.0,3.0,0.22265625,1.0,1.0,2.0,0.43359375,0.25390625,"Retention is frequency under declared balanced sensitivity scenarios, not probability/confidence."
f3884bc5527b06a0e8c1,,,,,,,,,,,,,,,,,1.0,"Retention is frequency under declared balanced sensitivity scenarios, not probability/confidence."
f3a4fab4328c57e3760d,3.0,3.0,4.0,0.7734375,,,,,3.0,2.0,3.0,0.23828125,2.0,2.0,3.0,0.49609375,0.4296875,"Retention is frequency under declared balanced sensitivity scenarios, not probability/confidence."
f3b1ba4393b29f5cce44,2.0,2.0,3.0,0.6328125,,,,,2.0,1.0,3.0,0.50390625,3.0,2.0,3.0,0.53125,0.01953125,"Retention is frequency under declared balanced sensitivity scenarios, not probability/confidence."
f3b99b3cf5bfe5a320fa,,,,,,,,,,,,,,,,,1.0,"Retention is frequency under declared balanced sensitivity scenarios, not probability/confidence."
f3cca4ec4f18c4562864,1.0,1.0,2.0,0.5,,,,,2.0,1.0,3.0,0.32421875,1.0,1.0,2.0,0.41015625,0.1640625,"Retention is frequency under declared balanced sensitivity scenarios, not probability/confidence."
f405c4961c184892a3f0,3.0,3.0,4.0,0.765625,,,,,3.0,2.0,3.0,0.26171875,2.0,2.0,3.0,0.49609375,0.65234375,"Retention is frequency under declared balanced sensitivity scenarios, not probability/confidence."
f439352c1f9214c47e7b,4.0,3.0,4.0,0.35546875,,,,,4.0,3.0,4.0,0.2421875,4.0,3.0,4.0,0.70703125,0.66796875,"Retention is frequency under declared balanced sensitivity scenarios, not probability/confidence."
f442bcd9cda3a36bdace,1.0,1.0,2.0,0.5,,,,,2.0,1.0,3.0,0.32421875,1.0,1.0,2.0,0.41015625,0.1640625,"Retention is frequency under declared balanced sensitivity scenarios, not probability/confidence."
f44ec0b2d9e930821a61,4.0,3.0,4.0,0.30859375,3.0,2.0,3.0,0.5,3.0,2.0,4.0,0.33203125,3.0,2.0,3.0,0.51953125,0.66796875,"Retention is frequency under declared balanced sensitivity scenarios, not probability/confidence."
f45534039b87e0eea876,4.0,3.0,4.0,0.375,4.0,3.0,4.0,0.23828125,4.0,3.0,4.0,0.2421875,3.0,2.0,3.0,0.75390625,0.27734375,"Retention is frequency under declared balanced sensitivity scenarios, not probability/confidence."
f45b7c1c58c3b8b38a6b,,,,,,,,,,,,,,,,,1.0,"Retention is frequency under declared balanced sensitivity scenarios, not probability/confidence."
f497a06263d3263bc180,4.0,3.0,4.0,0.296875,,,,,4.0,3.0,4.0,0.2421875,4.0,3.0,4.0,0.70703125,0.50390625,"Retention is frequency under declared balanced sensitivity scenarios, not probability/confidence."
f497bc25a1ab606c06a2,1.0,1.0,2.0,0.5,,,,,2.0,1.0,3.0,0.33984375,1.0,1.0,2.0,0.390625,0.17578125,"Retention is frequency under declared balanced sensitivity scenarios, not probability/confidence."
f4b400258672f1f9ffa8,4.0,3.0,4.0,0.35546875,,,,,4.0,3.0,4.0,0.2421875,4.0,3.0,4.0,0.70703125,0.66796875,"Retention is frequency under declared balanced sensitivity scenarios, not probability/confidence."
f4b8a37eb444eaa3fb5d,2.0,2.0,3.0,0.62109375,,,,,3.0,2.0,3.0,0.23046875,2.0,2.0,3.0,0.51953125,0.0390625,"Retention is frequency under declared balanced sensitivity scenarios, not probability/confidence."
f4e354ac2779d446cd43,,,,,,,,,,,,,,,,,1.0,"Retention is frequency under declared balanced sensitivity scenarios, not probability/confidence."
f5086a6272c7aea5256c,,,,,,,,,2.0,1.0,3.0,0.30859375,4.0,3.0,4.0,0.65234375,0.66796875,"Retention is frequency under declared balanced sensitivity scenarios, not probability/confidence."
f522563973edb27b7e55,2.0,2.0,3.0,0.62109375,,,,,3.0,2.0,3.0,0.23046875,2.0,2.0,3.0,0.51953125,0.0390625,"Retention is frequency under declared balanced sensitivity scenarios, not probability/confidence."
f529ff7840ad1a6528ee,2.0,1.0,2.0,0.5,,,,,3.0,2.0,3.0,0.22265625,1.0,1.0,2.0,0.35546875,0.25390625,"Retention is frequency under declared balanced sensitivity scenarios, not probability/confidence."
f52e120544f07624ca9a,,,,,,,,,,,,,,,,,1.0,"Retention is frequency under declared balanced sensitivity scenarios, not probability/confidence."
f5375148235301ae6287,,,,,,,,,2.0,1.0,3.0,0.30859375,4.0,3.0,4.0,0.65234375,0.66796875,"Retention is frequency under declared balanced sensitivity scenarios, not probability/confidence."
f55af2fdf851e079aeae,4.0,3.0,4.0,0.265625,,,,,4.0,3.0,4.0,0.2421875,4.0,3.0,4.0,0.70703125,0.23828125,"Retention is frequency under declared balanced sensitivity scenarios, not probability/confidence."
f55fc5d0b49734e8d5a3,2.0,2.0,3.0,0.62109375,,,,,3.0,2.0,3.0,0.23046875,2.0,2.0,3.0,0.51953125,0.0390625,"Retention is frequency under declared balanced sensitivity scenarios, not probability/confidence."
f571e2f1e84efef6bf5d,2.0,1.0,2.0,0.5,,,,,3.0,2.0,3.0,0.22265625,1.0,1.0,2.0,0.34375,0.265625,"Retention is frequency under declared balanced sensitivity scenarios, not probability/confidence."
f57d07d3ca5a947c90bf,,,,,,,,,,,,,,,,,0.5,"Retention is frequency under declared balanced sensitivity scenarios, not probability/confidence."
f5848bdb6f44e844ec82,2.0,2.0,3.0,0.62890625,,,,,2.0,1.0,2.0,0.24609375,4.0,4.0,4.0,1.0,0.44921875,"Retention is frequency under declared balanced sensitivity scenarios, not probability/confidence."
f58546bccec8c2191e7c,2.0,2.0,3.0,0.62109375,,,,,3.0,2.0,3.0,0.23046875,2.0,2.0,3.0,0.51953125,0.01953125,"Retention is frequency under declared balanced sensitivity scenarios, not probability/confidence."
f587b6b9d7a1d6518208,,,,,,,,,,,,,,,,,1.0,"Retention is frequency under declared balanced sensitivity scenarios, not probability/confidence."
f5892acc21d110801820,1.0,1.0,2.0,0.5,,,,,2.0,1.0,3.0,0.33984375,1.0,1.0,2.0,0.390625,0.17578125,"Retention is frequency under declared balanced sensitivity scenarios, not probability/confidence."
f59ba2cbbf07320adfb2,1.0,1.0,2.0,0.5,,,,,2.0,1.0,3.0,0.33984375,1.0,1.0,2.0,0.390625,0.17578125,"Retention is frequency under declared balanced sensitivity scenarios, not probability/confidence."
f5a55f80ddef6ee508a8,1.0,1.0,2.0,0.5,,,,,2.0,1.0,3.0,0.32421875,1.0,1.0,2.0,0.41015625,0.1640625,"Retention is frequency under declared balanced sensitivity scenarios, not probability/confidence."
f5ad4b4439a7b52b7499,2.0,2.0,3.0,0.6328125,,,,,2.0,1.0,3.0,0.50390625,3.0,2.0,3.0,0.53125,0.01953125,"Retention is frequency under declared balanced sensitivity scenarios, not probability/confidence."
f5d927770b39d2843ac1,3.0,3.0,4.0,0.765625,,,,,3.0,2.0,3.0,0.26171875,2.0,2.0,3.0,0.49609375,0.65234375,"Retention is frequency under declared balanced sensitivity scenarios, not probability/confidence."
f5e0c6e134ac5fc5c8e7,1.0,1.0,2.0,0.5,,,,,2.0,1.0,3.0,0.32421875,1.0,1.0,2.0,0.41015625,0.08203125,"Retention is frequency under declared balanced sensitivity scenarios, not probability/confidence."
f5e43865f42b988e4305,2.0,2.0,3.0,0.62890625,,,,,2.0,1.0,2.0,0.24609375,4.0,4.0,4.0,1.0,0.44140625,"Retention is frequency under declared balanced sensitivity scenarios, not probability/confidence."
f5f2126da44d5f284648,4.0,3.0,4.0,0.30859375,3.0,2.0,3.0,0.5,3.0,2.0,4.0,0.33203125,3.0,2.0,3.0,0.51953125,0.66796875,"Retention is frequency under declared balanced sensitivity scenarios, not probability/confidence."
f61ab731bf7daed82007,2.0,2.0,3.0,0.62109375,,,,,3.0,2.0,3.0,0.23046875,2.0,2.0,3.0,0.51953125,0.01953125,"Retention is frequency under declared balanced sensitivity scenarios, not probability/confidence."
f6251cc9aebf7bee6bf9,,,,,,,,,,,,,,,,,1.0,"Retention is frequency under declared balanced sensitivity scenarios, not probability/confidence."
f62a4da73952b77952cc,4.0,3.0,4.0,0.30859375,1.0,1.0,2.0,0.5,3.0,2.0,4.0,0.33203125,3.0,2.0,3.0,0.51953125,0.75390625,"Retention is frequency under declared balanced sensitivity scenarios, not probability/confidence."
f62f52be5a86a373eea2,3.0,3.0,4.0,0.765625,,,,,3.0,2.0,3.0,0.26171875,2.0,2.0,3.0,0.49609375,0.65234375,"Retention is frequency under declared balanced sensitivity scenarios, not probability/confidence."
f63ff2079a15c8224f0d,4.0,3.0,4.0,0.375,4.0,3.0,4.0,0.24609375,4.0,3.0,4.0,0.2421875,3.0,2.0,3.0,0.75390625,0.2421875,"Retention is frequency under declared balanced sensitivity scenarios, not probability/confidence."
f644436b25999f7c4b29,4.0,3.0,4.0,0.30859375,3.0,2.0,3.0,0.5,3.0,2.0,4.0,0.33203125,3.0,2.0,3.0,0.51953125,0.66796875,"Retention is frequency under declared balanced sensitivity scenarios, not probability/confidence."
f6453ec2d0586a26d5bc,1.0,1.0,2.0,0.5,,,,,2.0,1.0,3.0,0.33984375,1.0,1.0,2.0,0.390625,0.17578125,"Retention is frequency under declared balanced sensitivity scenarios, not probability/confidence."
f6489596271816b4a1cd,2.0,1.0,2.0,0.5,,,,,3.0,2.0,3.0,0.22265625,1.0,1.0,2.0,0.35546875,0.35546875,"Retention is frequency under declared balanced sensitivity scenarios, not probability/confidence."
f649a689c30d66653034,3.0,2.0,3.0,0.390625,,,,,2.0,1.0,3.0,0.29296875,2.0,2.0,3.0,0.50390625,0.6484375,"Retention is frequency under declared balanced sensitivity scenarios, not probability/confidence."
f6542fc484291fe6a0be,,,,,,,,,2.0,1.0,3.0,0.30859375,4.0,3.0,4.0,0.65234375,0.66796875,"Retention is frequency under declared balanced sensitivity scenarios, not probability/confidence."
f666cbc8d44484c097a2,2.0,2.0,3.0,0.62109375,,,,,3.0,2.0,3.0,0.23046875,2.0,2.0,3.0,0.51953125,0.01953125,"Retention is frequency under declared balanced sensitivity scenarios, not probability/confidence."
f6895996cd8b0a5d792e,2.0,1.0,2.0,0.5,,,,,3.0,2.0,3.0,0.22265625,1.0,1.0,2.0,0.43359375,0.25390625,"Retention is frequency under declared balanced sensitivity scenarios, not probability/confidence."
f693cf2dbfbffc7b9274,2.0,2.0,3.0,0.6328125,,,,,2.0,1.0,3.0,0.50390625,3.0,2.0,3.0,0.53125,0.01953125,"Retention is frequency under declared balanced sensitivity scenarios, not probability/confidence."
f697da5769b959dd2fc1,,,,,,,,,2.0,1.0,3.0,0.30859375,4.0,3.0,4.0,0.65234375,0.66796875,"Retention is frequency under declared balanced sensitivity scenarios, not probability/confidence."
f6aaccb807bced89b95b,,,,,,,,,2.0,1.0,3.0,0.30859375,4.0,3.0,4.0,0.65234375,0.66796875,"Retention is frequency under declared balanced sensitivity scenarios, not probability/confidence."
f6bc920e23e15e820f23,4.0,3.0,4.0,0.375,1.0,1.0,2.0,0.33203125,4.0,3.0,4.0,0.41015625,3.0,2.0,3.0,0.75390625,0.47265625,"Retention is frequency under declared balanced sensitivity scenarios, not probability/confidence."
f6cf3739354af9c11402,4.0,3.0,4.0,0.30859375,3.0,2.0,3.0,0.5,3.0,2.0,4.0,0.33203125,3.0,2.0,3.0,0.51953125,0.66796875,"Retention is frequency under declared balanced sensitivity scenarios, not probability/confidence."
f6d6d6bf0389decb1f96,3.0,3.0,4.0,0.765625,,,,,3.0,2.0,3.0,0.26171875,2.0,2.0,3.0,0.49609375,0.65234375,"Retention is frequency under declared balanced sensitivity scenarios, not probability/confidence."
f6ef00cef449949774c6,2.0,1.0,2.0,0.5,,,,,3.0,2.0,3.0,0.26171875,2.0,1.0,2.0,0.73046875,0.046875,"Retention is frequency under declared balanced sensitivity scenarios, not probability/confidence."
f7172472e6da39927777,4.0,3.0,4.0,0.296875,,,,,4.0,3.0,4.0,0.2421875,4.0,3.0,4.0,0.70703125,0.50390625,"Retention is frequency under declared balanced sensitivity scenarios, not probability/confidence."
f72d453c85584e785517,1.0,1.0,2.0,0.5,,,,,2.0,1.0,3.0,0.32421875,1.0,1.0,2.0,0.41015625,0.08203125,"Retention is frequency under declared balanced sensitivity scenarios, not probability/confidence."
f72e64c8b93e32ccdb0f,,,,,,,,,,,,,,,,,1.0,"Retention is frequency under declared balanced sensitivity scenarios, not probability/confidence."
f73465716166e1f114b8,1.0,1.0,2.0,0.5,,,,,2.0,1.0,3.0,0.33984375,1.0,1.0,2.0,0.390625,0.17578125,"Retention is frequency under declared balanced sensitivity scenarios, not probability/confidence."
f73d29f02d2a556936f8,2.0,2.0,3.0,0.62890625,,,,,2.0,1.0,2.0,0.24609375,4.0,4.0,4.0,1.0,0.44140625,"Retention is frequency under declared balanced sensitivity scenarios, not probability/confidence."
f7487ccae11cda5559de,,,,,,,,,,,,,,,,,1.0,"Retention is frequency under declared balanced sensitivity scenarios, not probability/confidence."
f75d3c19c58bef48d489,4.0,3.0,4.0,0.30859375,3.0,2.0,3.0,0.5,3.0,2.0,4.0,0.33203125,3.0,2.0,3.0,0.51953125,0.66796875,"Retention is frequency under declared balanced sensitivity scenarios, not probability/confidence."
f75d89de9492491c8e30,4.0,3.0,4.0,0.375,4.0,3.0,4.0,0.24609375,4.0,3.0,4.0,0.2421875,3.0,2.0,3.0,0.75390625,0.2734375,"Retention is frequency under declared balanced sensitivity scenarios, not probability/confidence."
f7641c1d76d75a1c74fa,1.0,1.0,2.0,0.5,,,,,2.0,1.0,3.0,0.33984375,1.0,1.0,2.0,0.390625,0.17578125,"Retention is frequency under declared balanced sensitivity scenarios, not probability/confidence."
f770f8c65bed10728081,4.0,3.0,4.0,0.375,4.0,3.0,4.0,0.23828125,4.0,3.0,4.0,0.2421875,3.0,2.0,3.0,0.75390625,0.27734375,"Retention is frequency under declared balanced sensitivity scenarios, not probability/confidence."
f77da002caa255262d0f,4.0,3.0,4.0,0.375,4.0,3.0,4.0,0.24609375,4.0,3.0,4.0,0.2421875,3.0,2.0,3.0,0.75390625,0.2421875,"Retention is frequency under declared balanced sensitivity scenarios, not probability/confidence."
f79cc96769f7713216e7,,,,,,,,,,,,,,,,,1.0,"Retention is frequency under declared balanced sensitivity scenarios, not probability/confidence."
f7a19dadbdf11301d115,4.0,3.0,4.0,0.30859375,3.0,2.0,3.0,0.5,3.0,2.0,4.0,0.33203125,3.0,2.0,3.0,0.51953125,0.66796875,"Retention is frequency under declared balanced sensitivity scenarios, not probability/confidence."
f7c5ad711bc1b92b6dab,4.0,3.0,4.0,0.35546875,,,,,4.0,3.0,4.0,0.2421875,4.0,3.0,4.0,0.70703125,0.6640625,"Retention is frequency under declared balanced sensitivity scenarios, not probability/confidence."
f7d6853247f1a0b46772,4.0,3.0,4.0,0.35546875,,,,,4.0,3.0,4.0,0.2421875,4.0,3.0,4.0,0.70703125,0.66796875,"Retention is frequency under declared balanced sensitivity scenarios, not probability/confidence."
f7f754124c1ddff352d2,2.0,2.0,3.0,0.62109375,,,,,3.0,2.0,3.0,0.23046875,2.0,2.0,3.0,0.51953125,0.0390625,"Retention is frequency under declared balanced sensitivity scenarios, not probability/confidence."
f81ed1827b2f6ab10ef1,,,,,,,,,,,,,,,,,1.0,"Retention is frequency under declared balanced sensitivity scenarios, not probability/confidence."
f81f4618b1f419db5298,,,,,,,,,,,,,,,,,1.0,"Retention is frequency under declared balanced sensitivity scenarios, not probability/confidence."
f82aa8f11bfc493fc0fa,,,,,,,,,2.0,1.0,3.0,0.30859375,4.0,3.0,4.0,0.65234375,0.66796875,"Retention is frequency under declared balanced sensitivity scenarios, not probability/confidence."
f82f2878f2fbaab421bc,4.0,3.0,4.0,0.375,1.0,1.0,2.0,0.33203125,4.0,3.0,4.0,0.41015625,3.0,2.0,3.0,0.75390625,0.47265625,"Retention is frequency under declared balanced sensitivity scenarios, not probability/confidence."
f830f26ad0bc0987c1af,3.0,3.0,4.0,0.765625,,,,,3.0,2.0,3.0,0.26171875,2.0,2.0,3.0,0.49609375,0.65234375,"Retention is frequency under declared balanced sensitivity scenarios, not probability/confidence."
f8543ee49d1f89e48d2f,2.0,2.0,3.0,0.6328125,,,,,2.0,1.0,3.0,0.50390625,3.0,2.0,3.0,0.53125,0.46875,"Retention is frequency under declared balanced sensitivity scenarios, not probability/confidence."
f864379cee9895bc29ef,4.0,3.0,4.0,0.296875,,,,,4.0,3.0,4.0,0.2421875,4.0,3.0,4.0,0.70703125,0.50390625,"Retention is frequency under declared balanced sensitivity scenarios, not probability/confidence."
f88bd868df9c7143c1a9,3.0,3.0,4.0,0.765625,,,,,3.0,2.0,3.0,0.26171875,2.0,2.0,3.0,0.49609375,0.65234375,"Retention is frequency under declared balanced sensitivity scenarios, not probability/confidence."
f8bc335f9a8cb3888210,1.0,1.0,2.0,0.5,,,,,2.0,1.0,3.0,0.32421875,1.0,1.0,2.0,0.41015625,0.1640625,"Retention is frequency under declared balanced sensitivity scenarios, not probability/confidence."
f8d962206b6ae34a5b6c,2.0,2.0,3.0,0.6328125,,,,,2.0,1.0,3.0,0.50390625,3.0,2.0,3.0,0.53125,0.46875,"Retention is frequency under declared balanced sensitivity scenarios, not probability/confidence."
f900a3d035062d48cf16,4.0,3.0,4.0,0.25390625,,,,,4.0,3.0,4.0,0.2421875,4.0,3.0,4.0,0.70703125,0.3359375,"Retention is frequency under declared balanced sensitivity scenarios, not probability/confidence."
f902f058dd7ec25d5e70,,,,,,,,,,,,,,,,,0.4921875,"Retention is frequency under declared balanced sensitivity scenarios, not probability/confidence."
f92a5d411f405d7c86f0,4.0,3.0,4.0,0.35546875,,,,,4.0,3.0,4.0,0.2421875,4.0,3.0,4.0,0.70703125,0.6640625,"Retention is frequency under declared balanced sensitivity scenarios, not probability/confidence."
f94f59a4ede655569b10,,,,,,,,,,,,,,,,,0.53125,"Retention is frequency under declared balanced sensitivity scenarios, not probability/confidence."
f953e867d7dd4b7695ef,2.0,2.0,3.0,0.62109375,,,,,3.0,2.0,3.0,0.23046875,2.0,2.0,3.0,0.51953125,0.01953125,"Retention is frequency under declared balanced sensitivity scenarios, not probability/confidence."
f96d3b39aa74483a19ae,4.0,3.0,4.0,0.375,4.0,3.0,4.0,0.24609375,4.0,3.0,4.0,0.2421875,3.0,2.0,3.0,0.75390625,0.2421875,"Retention is frequency under declared balanced sensitivity scenarios, not probability/confidence."
f983c8b52e9479c339d6,2.0,1.0,2.0,0.5,,,,,3.0,2.0,3.0,0.26171875,2.0,1.0,2.0,0.73046875,0.1640625,"Retention is frequency under declared balanced sensitivity scenarios, not probability/confidence."
f992f61764cde6fe2fde,4.0,3.0,4.0,0.30859375,1.0,1.0,2.0,0.5,3.0,2.0,4.0,0.33203125,3.0,2.0,3.0,0.51953125,0.75390625,"Retention is frequency under declared balanced sensitivity scenarios, not probability/confidence."
f9c63959a7f211115c65,1.0,1.0,2.0,0.5,,,,,2.0,1.0,3.0,0.32421875,1.0,1.0,2.0,0.41015625,0.1640625,"Retention is frequency under declared balanced sensitivity scenarios, not probability/confidence."
f9e461528adb2752494c,1.0,1.0,2.0,0.5,,,,,2.0,1.0,3.0,0.33984375,1.0,1.0,2.0,0.390625,0.17578125,"Retention is frequency under declared balanced sensitivity scenarios, not probability/confidence."
fa190e531a591910719b,1.0,1.0,2.0,0.5,,,,,2.0,1.0,3.0,0.33984375,1.0,1.0,2.0,0.390625,0.17578125,"Retention is frequency under declared balanced sensitivity scenarios, not probability/confidence."
fa1a8b586b6693d49620,4.0,3.0,4.0,0.375,4.0,3.0,4.0,0.23828125,4.0,3.0,4.0,0.2421875,3.0,2.0,3.0,0.75390625,0.25,"Retention is frequency under declared balanced sensitivity scenarios, not probability/confidence."
fa1ef1de09f9e52c6a90,4.0,3.0,4.0,0.35546875,,,,,4.0,3.0,4.0,0.2421875,4.0,3.0,4.0,0.70703125,0.6640625,"Retention is frequency under declared balanced sensitivity scenarios, not probability/confidence."
fa409341627dd00babc8,1.0,1.0,2.0,0.5,,,,,2.0,1.0,3.0,0.32421875,1.0,1.0,2.0,0.41015625,0.1640625,"Retention is frequency under declared balanced sensitivity scenarios, not probability/confidence."
fa4cc8167340b442b383,1.0,1.0,2.0,0.5,,,,,2.0,1.0,3.0,0.33984375,1.0,1.0,2.0,0.390625,0.17578125,"Retention is frequency under declared balanced sensitivity scenarios, not probability/confidence."
fa56703edb74514cfe76,2.0,2.0,3.0,0.62109375,,,,,3.0,2.0,3.0,0.23046875,2.0,2.0,3.0,0.51953125,0.01953125,"Retention is frequency under declared balanced sensitivity scenarios, not probability/confidence."
fa57b362ce6798acb08b,,,,,,,,,,,,,,,,,0.4921875,"Retention is frequency under declared balanced sensitivity scenarios, not probability/confidence."
fa584e268e4508d45ee5,4.0,3.0,4.0,0.30859375,3.0,2.0,3.0,0.5,3.0,2.0,4.0,0.33203125,3.0,2.0,3.0,0.51953125,0.66796875,"Retention is frequency under declared balanced sensitivity scenarios, not probability/confidence."
fa6d40d40bd5638c4790,3.0,3.0,4.0,0.765625,,,,,3.0,2.0,3.0,0.26171875,2.0,2.0,3.0,0.49609375,0.65234375,"Retention is frequency under declared balanced sensitivity scenarios, not probability/confidence."
fa92572b6282798272f0,2.0,2.0,3.0,0.6328125,,,,,2.0,1.0,3.0,0.50390625,3.0,2.0,3.0,0.53125,0.01953125,"Retention is frequency under declared balanced sensitivity scenarios, not probability/confidence."
fa96e5e59388b125836a,4.0,3.0,4.0,0.35546875,,,,,4.0,3.0,4.0,0.2421875,4.0,3.0,4.0,0.70703125,0.6640625,"Retention is frequency under declared balanced sensitivity scenarios, not probability/confidence."
fad78e42704a783528f4,4.0,3.0,4.0,0.375,4.0,3.0,4.0,0.23828125,4.0,3.0,4.0,0.2421875,3.0,2.0,3.0,0.75390625,0.27734375,"Retention is frequency under declared balanced sensitivity scenarios, not probability/confidence."
fadd55fc997e541ed633,,,,,,,,,,,,,,,,,0.4921875,"Retention is frequency under declared balanced sensitivity scenarios, not probability/confidence."
faedd0c9ca4dd4266cca,2.0,2.0,3.0,0.6328125,,,,,2.0,1.0,3.0,0.50390625,3.0,2.0,3.0,0.53125,0.01953125,"Retention is frequency under declared balanced sensitivity scenarios, not probability/confidence."
fb1571b46b3b9428fc62,4.0,3.0,4.0,0.30859375,1.0,1.0,2.0,0.5,3.0,2.0,4.0,0.33203125,3.0,2.0,3.0,0.51953125,0.75390625,"Retention is frequency under declared balanced sensitivity scenarios, not probability/confidence."
fb33f7e98f7203714fd8,4.0,3.0,4.0,0.30859375,3.0,2.0,3.0,0.5,3.0,2.0,4.0,0.33203125,3.0,2.0,3.0,0.51953125,0.66796875,"Retention is frequency under declared balanced sensitivity scenarios, not probability/confidence."
fb6597888ba0047ba991,,,,,,,,,,,,,,,,,0.4921875,"Retention is frequency under declared balanced sensitivity scenarios, not probability/confidence."
fb868be4de3cb459ecf0,2.0,2.0,3.0,0.62109375,,,,,3.0,2.0,3.0,0.23046875,2.0,2.0,3.0,0.51953125,0.01953125,"Retention is frequency under declared balanced sensitivity scenarios, not probability/confidence."
fb8f174002e017ca2fc8,2.0,1.0,2.0,0.5,,,,,3.0,2.0,3.0,0.22265625,1.0,1.0,2.0,0.35546875,0.25390625,"Retention is frequency under declared balanced sensitivity scenarios, not probability/confidence."
fb9225f62d326d85fc1b,4.0,3.0,4.0,0.375,4.0,3.0,4.0,0.23828125,4.0,3.0,4.0,0.2421875,3.0,2.0,3.0,0.75390625,0.2109375,"Retention is frequency under declared balanced sensitivity scenarios, not probability/confidence."
fb95917be7781affd8a1,4.0,3.0,4.0,0.30859375,1.0,1.0,2.0,0.5,3.0,2.0,4.0,0.33203125,3.0,2.0,3.0,0.51953125,0.75390625,"Retention is frequency under declared balanced sensitivity scenarios, not probability/confidence."
fbc4029cb138dadc07a3,2.0,1.0,2.0,0.5,,,,,3.0,2.0,3.0,0.26171875,2.0,1.0,2.0,0.73046875,0.1640625,"Retention is frequency under declared balanced sensitivity scenarios, not probability/confidence."
fbcb8c666bce1ab4a505,,,,,,,,,,,,,,,,,1.0,"Retention is frequency under declared balanced sensitivity scenarios, not probability/confidence."
fbcebb5565dd8e661517,1.0,1.0,2.0,0.5,,,,,2.0,1.0,3.0,0.33984375,1.0,1.0,2.0,0.390625,0.17578125,"Retention is frequency under declared balanced sensitivity scenarios, not probability/confidence."
fbdd1dca2d2a39777d3e,1.0,1.0,2.0,0.5,,,,,2.0,1.0,3.0,0.32421875,1.0,1.0,2.0,0.41015625,0.08203125,"Retention is frequency under declared balanced sensitivity scenarios, not probability/confidence."
fbdfed2464f459e1a734,,,,,,,,,,,,,,,,,0.34765625,"Retention is frequency under declared balanced sensitivity scenarios, not probability/confidence."
fbed1c09d4b01008f172,3.0,3.0,4.0,0.765625,,,,,3.0,2.0,3.0,0.26171875,2.0,2.0,3.0,0.49609375,0.65234375,"Retention is frequency under declared balanced sensitivity scenarios, not probability/confidence."
fc26697b26ab29035136,2.0,2.0,3.0,0.62890625,,,,,2.0,1.0,2.0,0.24609375,4.0,4.0,4.0,1.0,0.44921875,"Retention is frequency under declared balanced sensitivity scenarios, not probability/confidence."
fc2ae7ea5706b2cf6b4e,4.0,3.0,4.0,0.375,4.0,3.0,4.0,0.24609375,4.0,3.0,4.0,0.2421875,3.0,2.0,3.0,0.75390625,0.2734375,"Retention is frequency under declared balanced sensitivity scenarios, not probability/confidence."
fc2b3ed8634f95890ee6,3.0,3.0,4.0,0.7734375,,,,,3.0,2.0,3.0,0.23828125,2.0,2.0,3.0,0.49609375,0.625,"Retention is frequency under declared balanced sensitivity scenarios, not probability/confidence."
fc4bd0fb525f55ccd7f5,4.0,3.0,4.0,0.375,1.0,1.0,2.0,0.33203125,4.0,3.0,4.0,0.41015625,3.0,2.0,3.0,0.75390625,0.47265625,"Retention is frequency under declared balanced sensitivity scenarios, not probability/confidence."
fc51fb80f3e141fb273f,3.0,3.0,4.0,0.765625,,,,,3.0,2.0,3.0,0.26171875,2.0,2.0,3.0,0.49609375,0.65234375,"Retention is frequency under declared balanced sensitivity scenarios, not probability/confidence."
fc71b6436300dcb75b3e,,,,,,,,,,,,,,,,,0.5,"Retention is frequency under declared balanced sensitivity scenarios, not probability/confidence."
fc9f851812142b0c1769,4.0,3.0,4.0,0.35546875,,,,,4.0,3.0,4.0,0.2421875,4.0,3.0,4.0,0.70703125,0.6640625,"Retention is frequency under declared balanced sensitivity scenarios, not probability/confidence."
fca389c19940a6bbe5b2,2.0,2.0,3.0,0.62890625,,,,,2.0,1.0,2.0,0.24609375,4.0,4.0,4.0,1.0,0.44921875,"Retention is frequency under declared balanced sensitivity scenarios, not probability/confidence."
fca46e1417bc4943e3ce,4.0,3.0,4.0,0.265625,,,,,4.0,3.0,4.0,0.2421875,4.0,3.0,4.0,0.70703125,0.23828125,"Retention is frequency under declared balanced sensitivity scenarios, not probability/confidence."
fcdc7a9a441c1e9cd9ee,,,,,,,,,2.0,1.0,3.0,0.30859375,4.0,3.0,4.0,0.65234375,0.6640625,"Retention is frequency under declared balanced sensitivity scenarios, not probability/confidence."
fcf13c32b8bf318d803b,2.0,2.0,3.0,0.62890625,,,,,2.0,1.0,2.0,0.24609375,4.0,4.0,4.0,1.0,0.44140625,"Retention is frequency under declared balanced sensitivity scenarios, not probability/confidence."
fd0d3bde60aa9876d08a,2.0,2.0,3.0,0.62109375,,,,,3.0,2.0,3.0,0.23046875,2.0,2.0,3.0,0.51953125,0.01953125,"Retention is frequency under declared balanced sensitivity scenarios, not probability/confidence."
fd30e7fba3748564116d,1.0,1.0,2.0,0.5,,,,,2.0,1.0,3.0,0.33984375,1.0,1.0,2.0,0.390625,0.17578125,"Retention is frequency under declared balanced sensitivity scenarios, not probability/confidence."
fd57c76bdc702fc59b42,2.0,2.0,3.0,0.6328125,,,,,2.0,1.0,3.0,0.50390625,3.0,2.0,3.0,0.53125,0.01953125,"Retention is frequency under declared balanced sensitivity scenarios, not probability/confidence."
fd621776a19506019973,2.0,2.0,3.0,0.6328125,,,,,2.0,1.0,3.0,0.50390625,3.0,2.0,3.0,0.53125,0.01953125,"Retention is frequency under declared balanced sensitivity scenarios, not probability/confidence."
fd7768a2a09889e05629,4.0,3.0,4.0,0.35546875,,,,,4.0,3.0,4.0,0.2421875,4.0,3.0,4.0,0.70703125,0.66796875,"Retention is frequency under declared balanced sensitivity scenarios, not probability/confidence."
fd81331f8d81833b6448,,,,,,,,,2.0,1.0,3.0,0.30859375,4.0,3.0,4.0,0.65234375,0.66796875,"Retention is frequency under declared balanced sensitivity scenarios, not probability/confidence."
fd8fbf199141e70beb90,4.0,3.0,4.0,0.375,4.0,3.0,4.0,0.24609375,4.0,3.0,4.0,0.2421875,3.0,2.0,3.0,0.75390625,0.2421875,"Retention is frequency under declared balanced sensitivity scenarios, not probability/confidence."
fd913b6f2649bdccfef7,2.0,1.0,2.0,0.5,,,,,3.0,2.0,3.0,0.26171875,2.0,1.0,2.0,0.73046875,0.046875,"Retention is frequency under declared balanced sensitivity scenarios, not probability/confidence."
fd92295a1cf8c066d6bd,3.0,3.0,4.0,0.765625,,,,,3.0,2.0,3.0,0.26171875,2.0,2.0,3.0,0.49609375,0.65234375,"Retention is frequency under declared balanced sensitivity scenarios, not probability/confidence."
fdb1f0c0780394e0b6d3,,,,,,,,,,,,,,,,,1.0,"Retention is frequency under declared balanced sensitivity scenarios, not probability/confidence."
fdc31efda8bbd65d517f,4.0,3.0,4.0,0.5,,,,,4.0,3.0,4.0,0.5,4.0,3.0,4.0,0.70703125,0.66796875,"Retention is frequency under declared balanced sensitivity scenarios, not probability/confidence."
fddda29c340ffdbf7643,2.0,2.0,3.0,0.62890625,,,,,2.0,1.0,2.0,0.24609375,4.0,4.0,4.0,1.0,0.44921875,"Retention is frequency under declared balanced sensitivity scenarios, not probability/confidence."
fde22674bf34e2cb9e56,1.0,1.0,2.0,0.5,,,,,2.0,1.0,3.0,0.33984375,1.0,1.0,2.0,0.390625,0.17578125,"Retention is frequency under declared balanced sensitivity scenarios, not probability/confidence."
fe1c9ab06f6fcc0d06c6,2.0,2.0,3.0,0.6328125,,,,,2.0,1.0,3.0,0.50390625,3.0,2.0,3.0,0.53125,0.01953125,"Retention is frequency under declared balanced sensitivity scenarios, not probability/confidence."
fe23f9ff02b4951d8116,2.0,1.0,2.0,0.5,,,,,3.0,2.0,3.0,0.22265625,1.0,1.0,2.0,0.35546875,0.25390625,"Retention is frequency under declared balanced sensitivity scenarios, not probability/confidence."
fe312233eaf6b86b8d89,,,,,,,,,,,,,,,,,1.0,"Retention is frequency under declared balanced sensitivity scenarios, not probability/confidence."
fe4674ae15b56746a92f,3.0,2.0,3.0,0.390625,,,,,2.0,1.0,3.0,0.29296875,2.0,2.0,3.0,0.50390625,0.6484375,"Retention is frequency under declared balanced sensitivity scenarios, not probability/confidence."
fe477eaa1bba723151ec,1.0,1.0,2.0,0.5,,,,,2.0,1.0,3.0,0.32421875,1.0,1.0,2.0,0.41015625,0.1640625,"Retention is frequency under declared balanced sensitivity scenarios, not probability/confidence."
fe4a74564510d8659bc7,3.0,3.0,4.0,0.765625,,,,,3.0,2.0,3.0,0.26171875,2.0,2.0,3.0,0.49609375,0.4140625,"Retention is frequency under declared balanced sensitivity scenarios, not probability/confidence."
fe4c231b56182ad2b8a2,,,,,,,,,,,,,,,,,1.0,"Retention is frequency under declared balanced sensitivity scenarios, not probability/confidence."
fe7e131187162645e0a7,,,,,,,,,2.0,1.0,3.0,0.30859375,4.0,3.0,4.0,0.65234375,0.66796875,"Retention is frequency under declared balanced sensitivity scenarios, not probability/confidence."
fe8400c66706617a5dff,2.0,2.0,3.0,0.62109375,,,,,3.0,2.0,3.0,0.23046875,2.0,2.0,3.0,0.51953125,0.0390625,"Retention is frequency under declared balanced sensitivity scenarios, not probability/confidence."
fe85b40c152cc64d35fd,1.0,1.0,2.0,0.5,,,,,2.0,1.0,3.0,0.33984375,1.0,1.0,2.0,0.390625,0.17578125,"Retention is frequency under declared balanced sensitivity scenarios, not probability/confidence."
fe87cb93a784ec033289,1.0,1.0,2.0,0.5,,,,,2.0,1.0,3.0,0.32421875,1.0,1.0,2.0,0.41015625,0.1640625,"Retention is frequency under declared balanced sensitivity scenarios, not probability/confidence."
fe9cb70bcfb45e5e9ce9,1.0,1.0,2.0,0.5,,,,,2.0,1.0,3.0,0.33984375,1.0,1.0,2.0,0.390625,0.17578125,"Retention is frequency under declared balanced sensitivity scenarios, not probability/confidence."
fed60583832165668035,4.0,3.0,4.0,0.35546875,,,,,4.0,3.0,4.0,0.2421875,4.0,3.0,4.0,0.70703125,1.0,"Retention is frequency under declared balanced sensitivity scenarios, not probability/confidence."
fee0021725e8e8ff9a1b,,,,,,,,,,,,,,,,,1.0,"Retention is frequency under declared balanced sensitivity scenarios, not probability/confidence."
fef597ba4ceda2d11851,4.0,3.0,4.0,0.35546875,,,,,4.0,3.0,4.0,0.2421875,4.0,3.0,4.0,0.70703125,0.66796875,"Retention is frequency under declared balanced sensitivity scenarios, not probability/confidence."
ff0299a40fb058324716,,,,,,,,,2.0,1.0,3.0,0.30859375,4.0,3.0,4.0,0.65234375,0.66796875,"Retention is frequency under declared balanced sensitivity scenarios, not probability/confidence."
ff058bc1812fcd24d157,1.0,1.0,2.0,0.5,,,,,2.0,1.0,3.0,0.33984375,1.0,1.0,2.0,0.390625,0.17578125,"Retention is frequency under declared balanced sensitivity scenarios, not probability/confidence."
ff07a5eb8d79cf7e3356,4.0,3.0,4.0,0.30859375,3.0,2.0,3.0,0.5,3.0,2.0,4.0,0.33203125,3.0,2.0,3.0,0.51953125,0.66796875,"Retention is frequency under declared balanced sensitivity scenarios, not probability/confidence."
ff108be267e61a4281c5,,,,,,,,,,,,,,,,,1.0,"Retention is frequency under declared balanced sensitivity scenarios, not probability/confidence."
ff23d3ab991285693454,3.0,3.0,4.0,0.765625,,,,,3.0,2.0,3.0,0.26171875,2.0,2.0,3.0,0.49609375,0.65234375,"Retention is frequency under declared balanced sensitivity scenarios, not probability/confidence."
ff290fccc1b41e1f1124,,,,,,,,,2.0,1.0,3.0,0.30859375,4.0,3.0,4.0,0.65234375,0.66796875,"Retention is frequency under declared balanced sensitivity scenarios, not probability/confidence."
ff3fb9056713327f13c5,4.0,3.0,4.0,0.375,4.0,3.0,4.0,0.24609375,4.0,3.0,4.0,0.2421875,3.0,2.0,3.0,0.75390625,0.2734375,"Retention is frequency under declared balanced sensitivity scenarios, not probability/confidence."
ff4041400e6af71d6c65,,,,,,,,,,,,,,,,,1.0,"Retention is frequency under declared balanced sensitivity scenarios, not probability/confidence."
ff4e5f4a26316e34c666,,,,,,,,,,,,,,,,,1.0,"Retention is frequency under declared balanced sensitivity scenarios, not probability/confidence."
ff68d7570d0c709ee384,,,,,,,,,,,,,,,,,1.0,"Retention is frequency under declared balanced sensitivity scenarios, not probability/confidence."
ff8923b61fddbb01cf65,,,,,,,,,,,,,,,,,0.53125,"Retention is frequency under declared balanced sensitivity scenarios, not probability/confidence."
ff9736f74c95c7e90357,1.0,1.0,2.0,0.5,,,,,2.0,1.0,3.0,0.32421875,1.0,1.0,2.0,0.41015625,0.1640625,"Retention is frequency under declared balanced sensitivity scenarios, not probability/confidence."
ffde1447c3aa78a6f83c,,,,,,,,,,,,,,,,,1.0,"Retention is frequency under declared balanced sensitivity scenarios, not probability/confidence."
fff3f8b1fb5cdfdc73cc,2.0,2.0,3.0,0.62890625,,,,,2.0,1.0,2.0,0.24609375,4.0,4.0,4.0,1.0,0.44921875,"Retention is frequency under declared balanced sensitivity scenarios, not probability/confidence."
